Date,Close,High,Low,Open,Volume,Log_Return,Rolling_Weekly_Volatility,Annual_Rolling_Volatility
2000-01-01,91.32859802246094,92.89512629042768,86.00240191137402,92.89512629042768,42725700,,,
2000-01-08,92.0922393798828,92.40554489340144,89.52705048794901,91.64186270419978,32748700,0.008326706828157391,,
2000-01-15,90.50613403320312,92.11182485767796,90.11450212479464,91.07400030039544,24691300,-0.017373048953264667,,
2000-01-22,85.14078521728516,91.38731476749535,84.92538764658826,91.26982518347889,45836400,-0.06111144476374516,,
2000-01-29,89.35083770751953,90.2320096770217,84.59250907220785,85.10163065458687,38317400,0.04826443411766463,,
2000-02-05,86.90314483642578,90.58448580741452,86.49193121732597,89.33126334920559,35834100,-0.027776396376918453,,
2000-02-12,84.7883071899414,88.48922868160398,84.3575120956738,87.5884753026808,45445900,-0.024636574378858862,,
2000-02-19,83.54488372802734,86.13944533448782,83.39802175030316,84.70998875130581,56469300,-0.014773629263057746,,
2000-02-26,88.43045806884766,88.80250826887159,83.1630105000877,83.57422387906152,48878800,0.056832441474140925,,
2000-03-04,87.8038558959961,88.9787513807775,84.61205649567331,88.23465090708261,57263100,-0.007111042102952681,,
2000-03-11,92.07269287109376,92.7384673410251,85.02331613064422,85.64992739646195,64979500,0.047472988468390764,,
2000-03-18,96.46858215332033,97.84277848029068,90.77548308444304,92.26746766801088,57492300,0.046638976837610535,,
2000-03-25,94.46611785888672,96.60593640556556,92.4244561262757,96.3507286889892,40621500,-0.02097615276100688,,
2000-04-01,95.13361358642578,96.11518203036331,88.82212849190743,94.30909609351824,48883000,0.0070411332356056806,,
2000-04-08,85.43571472167969,96.1838888508432,83.8652052598841,95.32992433099186,71239600,-0.10751814372523799,,
2000-04-15,90.34355926513672,91.16807675517056,84.61119957252048,84.92530147348575,50078700,0.055855509458783835,,
2000-04-22,91.14846801757812,93.44533873867584,88.26265608594255,88.89086004384961,59044900,0.008869965714254748,,
2000-04-29,90.16687774658205,93.278449730652,87.81111346842182,92.07112053809487,43196900,-0.010827543103146806,,
2000-05-06,89.71537017822266,90.1276289908578,86.53508790932285,89.67610743416216,34030200,-0.005020045299253609,,
2000-05-13,88.65522003173828,92.79743691098912,88.20369876054033,89.67605073183802,29384700,-0.011887190920251665,,
2000-05-20,86.6921157836914,89.08714253315027,85.74981017734693,88.7337779307711,42993000,-0.02239197149285917,,
2000-05-27,92.87600708007812,93.66126184296188,87.61480016875686,87.94853344298245,29343000,0.06890240347109569,,
2000-06-03,92.09075164794922,93.11158283227952,91.48217921113694,92.6404299779732,25584900,-0.008490824569925082,,
2000-06-10,92.09075164794922,93.5238415797975,90.85397540539522,92.32632807510235,28107200,0.0,,
2000-06-17,90.91043090820312,93.92110102269557,90.59558958904051,92.22882893219656,27055700,-0.012899775736337365,,
2000-06-24,91.48107147216795,92.55349960622544,90.36928817722766,91.54010421349224,28474400,0.006257335659097532,,
2000-07-01,93.25203704833984,93.6849437406934,90.81201750961984,91.57944300970112,13182800,0.019173821583271213,0.038549110845310465,0.2779815915526237
2000-07-08,95.2395477294922,95.2395477294922,92.66178311119396,93.1143677388341,24828600,0.02108936955429271,0.038729601019516766,0.27928312470826017
2000-07-15,92.9962387084961,95.70190583130992,92.9962387084961,95.0722233009096,27173000,-0.023836224521319904,0.03887466687491167,0.28032920946815093
2000-07-22,89.47394561767578,93.73414118095415,89.10991043097532,93.27171810595628,36330200,-0.03861157585779317,0.037667382195292164,0.27162335583525044
2000-07-29,92.16981506347656,92.3862685147358,89.45430812949711,90.00528055088425,24945600,0.02968521904865206,0.03692165656869827,0.2662458518670269
2000-08-05,92.81918334960938,93.96048346287571,91.65820564818328,92.38627641009457,22485100,0.0070206440269559,0.03645724349968646,0.26289692160039146
2000-08-12,94.25562286376952,94.72788485724143,92.60270588661784,93.05529029702842,24001500,0.015357148022103745,0.036107071614003505,0.26037179622227985
2000-08-19,95.2395477294922,95.47567883956532,93.9998594016083,94.47212162175455,18290300,0.010384789281401652,0.03591846438080681,0.2590117301218517
2000-08-26,96.02664184570312,96.71535751467846,94.66888809829462,95.23953822401704,21099700,0.008230399330543479,0.03434540087236886,0.24766820784338311
2000-09-02,94.33436584472656,95.83970146990838,94.02936320171588,95.63308677625596,15576700,-0.017780117926886885,0.03453634881906317,0.24904515306888492
2000-09-09,91.93367004394533,95.20014890252727,91.93367004394533,94.29498006219734,23881000,-0.025778215029321996,0.03372101815515145,0.24316572003850132
2000-09-16,91.7109146118164,92.7761736759244,89.90589230874451,92.40136030151602,31969200,-0.0024259418462356072,0.03234815206973119,0.23326584190784475
2000-09-23,90.6654052734375,92.37179290532444,89.7185080904251,92.12520509724828,38584900,-0.011465532284341398,0.032177666028803745,0.23203644958321523
2000-09-30,89.04779052734375,92.00684426662193,88.21925548034588,91.0796740949814,35595700,-0.018002667274293685,0.03228395283554857,0.23280289464646284
2000-10-07,86.83836364746094,89.20560663648759,83.82012883645196,89.20560663648759,45074400,-0.02512469630316657,0.02472677366078725,0.17830730062152167
2000-10-14,88.31782531738281,89.1266327415536,82.16299808954643,86.73966448973246,40528800,0.01689345793217269,0.022308118234509493,0.16086612830727434
2000-10-21,87.92333221435547,89.600128992058,84.60919270077868,88.33759965355256,39287000,-0.004476749556094603,0.02222839134199903,0.16029120950931458
2000-10-28,90.13272857666016,90.84290109335085,87.21313045248732,87.39067358166,41242300,0.02481813599531026,0.022716643401015417,0.1638120451775835
2000-11-04,86.24653625488281,91.08951993525191,86.18735519157892,90.36948366505447,34601900,-0.04407345015833262,0.02429700972935392,0.17520822883926596
2000-11-11,86.25635528564453,88.44605349872779,83.96802201791789,85.6152274304625,47027100,0.00011384192675996888,0.02420593925242571,0.17455151029077473
2000-11-18,85.12210845947266,86.08873263433108,83.4058573734995,85.69419215479704,22291300,-0.013236941946056622,0.023948359380907874,0.17269407542220475
2000-11-25,83.46504211425781,86.28600666692594,81.906607151595,86.14791749301912,37031000,-0.01965890884099494,0.01954570736623693,0.1409461002483629
2000-12-02,84.56977081298828,88.04172781394138,83.01133556824229,83.24805990921635,45573400,0.013148996882032712,0.019810603118943733,0.1428562906864369
2000-12-09,82.67595672607422,88.10088826977987,82.4195054167354,86.71999660410934,34242700,-0.02264805282948467,0.02015567236701848,0.14534462042147553
2000-12-16,82.90975952148438,85.4623511630766,79.48651646725602,83.62211067727756,51360700,0.0028239507136731947,0.020118430235906575,0.14507606359481248
2000-12-23,83.06803894042969,85.02700412744792,82.49420065332333,82.8503761418721,26652700,0.0019072366110550111,0.020051643554403326,0.1445944579854564
2000-12-30,81.8016357421875,86.1153165820029,80.77268434920401,83.58251315312046,50299500,-0.015362778001342258,0.019614199040315257,0.14144000073402646
2001-01-06,83.58251190185547,84.67082585891089,80.851833245971,82.23696010040514,35562900,0.021537070173967617,0.01963823619094752,0.1416133350922678
2001-01-13,84.85880279541016,86.23403581261454,83.27580076121806,83.58250740534278,32283100,0.015154421247086668,0.019632743977194705,0.14157373017566463
2001-01-20,86.03619384765625,86.94642036950358,84.57191639946707,85.0072421273071,39669000,0.013779334732925775,0.018545724518425045,0.1337351213836224
2001-01-27,85.35550689697266,87.82498722629957,85.32384491082607,85.79874571737983,39997600,-0.007943097904895282,0.017450061852251526,0.12583418553662198
2001-02-03,83.48123931884766,86.55859736884862,83.1139814835277,85.35551901946629,33064600,-0.02220304070956224,0.01772094023961092,0.12778751736670055
2001-02-10,82.5694351196289,84.95660642136069,81.87291957563329,83.39259863697268,33156800,-0.010982350620732712,0.017313633724200226,0.12485038831441292
2001-02-17,79.12480926513672,83.03799227560523,77.12389629139278,82.97466830054123,58125400,-0.04261310726557463,0.01849800682217134,0.1333910241824429
2001-02-24,78.27001190185547,80.94845065522891,77.09225711510011,79.65672427389315,64980800,-0.010861930031981116,0.018241039885122386,0.13153800924718503
2001-03-03,78.11168670654297,80.89143910010253,77.95338643433142,78.61191614644439,34657200,-0.0020248564994038384,0.018159960229034704,0.13095333553234279
2001-03-10,72.82445526123047,77.56712984783468,72.69781215066958,77.46581535938597,115629200,-0.07008786066802061,0.02170132799089802,0.15649050163368944
2001-03-17,72.68402862548828,75.21095136227251,68.59523313218315,73.4967073919706,85642800,-0.0019301510893060495,0.021707517994526276,0.15653513838464342
2001-03-24,74.08714294433594,75.33155745546776,71.19832025653102,73.45858285389842,55021700,0.019120336102862363,0.022383582886829564,0.1614103116541245
2001-03-31,71.93480682373047,74.5252180049578,69.39518440939146,73.83952363448472,74741900,-0.029481759667088357,0.02270446705302331,0.16372424028351662
2001-04-07,75.45854187011719,75.5474282810655,71.60466444475713,72.37925017783198,48863400,0.04782314307612055,0.024928693522538483,0.17976336545167904
2001-04-14,79.0457992553711,79.99815828254424,74.22686490297026,75.10303346414808,72192900,0.04644403076054795,0.026603278946486626,0.19183897267405828
2001-04-21,79.85843658447266,79.89652937565315,76.79184095184766,78.50608921415945,45274600,0.010228102595712473,0.026754496868121334,0.19292942061450435
2001-04-28,80.8488998413086,81.07112073985405,78.37277117014138,80.28383408363744,52989300,0.012326454035886211,0.026330689157972174,0.18987329975474482
2001-05-05,79.45846557617188,80.95049330756105,78.98228620377446,80.54415396396435,38252000,-0.017347538970272778,0.025208806670415505,0.1817832900868835
2001-05-12,82.37268829345703,82.58855395690853,79.02038134358945,79.29974146706522,51112900,0.0360194896682181,0.026352470696524882,0.19003036866296538
2001-05-19,81.33146667480469,83.8647355453591,81.20448256187869,82.43619697159482,47532800,-0.012720943581408791,0.026343683827031027,0.18996700564594357
2001-05-26,80.46163177490234,81.49018113982811,79.36324236917586,81.4076402676375,37768200,-0.010752538753127079,0.026158780240740896,0.18863364692317106
2001-06-02,80.6330337524414,82.04887092383083,80.04892159961659,80.50605453450441,42329700,0.0021279667040135916,0.026002258671399513,0.18750495383521817
2001-06-09,77.36327362060547,80.62668916570759,76.44266211415783,80.44891631016849,53430100,-0.04139624663431598,0.02684875142788496,0.19360909991085243
2001-06-16,78.22003173828125,79.14963024169002,76.97207738338763,77.45597963780753,52358900,0.011013608125209247,0.02696217521719353,0.19442701048727137
2001-06-23,78.06083679199219,78.95860242913666,76.76831309402424,78.49380084991618,46611200,-0.0020372935324535625,0.026949003199895117,0.19433202571972993
2001-06-30,75.800537109375,79.15600595329738,75.800537109375,78.1882062137309,29009100,-0.029383103052551342,0.02735613978775116,0.19726792940699475
2001-07-07,77.83158874511719,77.88252681548957,74.5525245451518,76.08063265227099,54735200,0.026441995281125442,0.027547860419769414,0.1986504465456071
2001-07-14,77.25860595703125,78.30281775755064,76.29717465554958,77.5323922199422,38883100,-0.007389060232598896,0.02731584954965428,0.19697739236827685
2001-07-21,76.92113494873047,77.60241623822603,74.3360871347477,77.5514829967281,53799700,-0.00437763801198824,0.027084647093736543,0.19531016774862764
2001-07-28,77.64061737060547,78.47470804771594,76.59641069067774,77.16308365023397,54293000,0.009310034441728536,0.027203097919242084,0.19616432879859017
2001-08-04,75.95332336425781,77.3668238193757,74.71173289472713,77.26494763701014,57890800,-0.021971724627936527,0.02719682237083831,0.19611907517548724
2001-08-11,74.33607482910156,76.62823547969614,73.86490963360222,76.15070180841711,51469600,-0.021522622128304077,0.02738860703960628,0.1975020540896688
2001-08-18,75.78141784667969,75.85145651624411,73.71847347714655,74.36792207533942,57082300,0.019256752232517382,0.02657896770791784,0.1916636618395987
2001-08-25,72.68060302734375,75.89599249450445,71.33714166336254,75.74955160140064,69329700,-0.0417785749408355,0.027676031401886934,0.1995747006417097
2001-09-01,69.22325897216797,73.9667566018555,69.16595242446793,72.48958645940718,100737400,-0.048737622047489534,0.029099945385411802,0.2098426904006079
2001-09-08,70.07012939453125,70.26114000316228,68.57385290943353,68.57385290943353,23408700,0.012159670562294741,0.02600755865432338,0.18754317255560035
2001-09-15,61.93931579589844,67.74612847341076,59.72356171447165,64.30788418880115,183182700,-0.12334146078328262,0.03532262040077262,0.2547150380774721
2001-09-22,66.74769592285156,70.05823859967818,63.30933014741133,63.731139058907296,111827300,0.07476465043077257,0.0384613964014357,0.2773490737026451
2001-09-29,68.5307846069336,69.64281869334123,65.71873996084258,66.40257765850076,134806500,0.026363275958921323,0.03854141628589562,0.277926105295599
2001-10-06,69.98155212402344,70.49283482051628,67.4379282666989,67.9172539661785,103300800,0.020948611597119464,0.03750190210693026,0.2704300619479361
2001-10-13,68.60748291015625,71.03606836090374,67.75109001627405,69.4255313090745,99714900,-0.019830057124933992,0.03624523319623317,0.26136809356033647
2001-10-20,70.50560760498047,71.44508666165599,68.2176253259405,68.57552512788283,101759500,0.02729063804523123,0.03669211088600361,0.26459057440899286
2001-10-27,69.82174682617188,70.65257963123445,67.46346383988516,70.40333076490589,120413000,-0.00974672679314753,0.03653523899742903,0.26345935513312385
2001-11-03,72.0394287109375,72.90860601714088,70.20520802229704,70.37776793470792,97350600,0.03126806975357123,0.037150943533939745,0.2678992636869742
2001-11-10,73.08751678466797,73.75218173713382,70.30103885453941,70.9401392077625,96541400,0.014443993041807521,0.03646118805308308,0.2629253661794521
2001-11-17,73.93118286132812,74.03982883021844,72.5443352557454,73.44546487411837,48022400,0.011477116034999074,0.03655431683759998,0.26359692739504675
2001-11-24,72.88943481445312,74.7108707850113,72.21837714721795,73.97590402469449,83217900,-0.014190997776195351,0.03658717372959338,0.26383386181271595
2001-12-01,74.49356842041016,75.41387489468346,72.22476409279318,72.63378810892557,94495000,0.02176909031923356,0.036915789410055425,0.26620354318437073
2001-12-08,72.30147552490234,74.38494560698683,71.57929333852616,74.03983057184752,86616100,-0.029868254408458805,0.036503680878812526,0.2632317863034659
2001-12-15,73.46460723876953,74.0845355605786,72.15445401960064,72.21197072940133,76638600,0.015959218754549497,0.03659025400969322,0.26385607402840144
2001-12-22,74.39067077636719,74.87164494086956,73.49926571624057,73.64035225399682,36034700,0.012526785108368042,0.036707518120209025,0.2647016775548743
2001-12-29,75.4295883178711,75.66045634370771,72.98623585988742,74.48687802782541,69155100,0.013869074861051893,0.03638862763545541,0.2624021255668008
2002-01-05,73.71089172363281,75.66685028949419,73.55697647616523,75.48087303501234,68932300,-0.023049043189597773,0.03623396323350492,0.2612868247033579
2002-01-12,72.56298828125,73.99949677923317,72.25516258532046,73.5249368535351,83899400,-0.01569558430909972,0.03631905510836662,0.2619004309392363
2002-01-19,72.81950378417969,73.26841112941509,71.83831219921127,72.94776162775463,49081700,0.0035288398964431903,0.036335032322064455,0.2620156442656895
2002-01-26,72.24234771728516,73.22994896111564,69.51682642443433,73.04397162694717,108769500,-0.007957421009093918,0.03627575250246148,0.2615881714073319
2002-02-02,70.60063171386719,71.97301660297943,69.26031863690179,71.97301660297943,130066600,-0.02298731518800082,0.03629779385254161,0.26174711384312066
2002-02-09,71.11366271972656,72.44756613287642,70.42747282138806,70.57497377944928,88336600,0.007240388122257372,0.036142671958910355,0.26062851396025155
2002-02-16,70.31201934814453,70.94690396452074,69.14485540735214,70.63908319591775,98092400,-0.011336723932035381,0.03593033583754147,0.25909733641379423
2002-02-23,72.94132995605469,73.01187322109529,70.35048201041647,70.37613455158777,118432100,0.03671266233901199,0.03582872155682977,0.2583645854149434
2002-03-02,75.02555847167969,75.60914283109246,72.88362245048747,73.04394717875834,109307600,0.028173416329632966,0.034792022443443295,0.2508888417938574
2002-03-09,74.80751037597656,75.60913392288433,74.15338282177561,74.96142072702074,82338900,-0.002910549070498773,0.034760500202513804,0.2506615316818798
2002-03-16,73.98635864257812,75.72282370652746,73.39467475926449,75.31121710015816,93657600,-0.011037552492911655,0.023719844110698413,0.1710462283742713
2002-03-23,73.65192413330078,74.45584404131101,72.86730242474248,74.01851141508394,74000400,-0.004530465608442437,0.019327463873410895,0.13937232404052166
2002-03-30,72.47496795654297,74.0249225351421,72.13410680014607,73.46539758284389,101992900,-0.016109035258221372,0.019136825093200818,0.13799760824624296
2002-04-06,71.658203125,73.0216530436563,70.77067732063387,71.59389051426119,89196400,-0.01133359612099767,0.018914474414420478,0.13639421469928947
2002-04-13,72.59716796875,73.10524584397575,70.87356381349515,71.78682038655514,81059900,0.013018275819540816,0.01856755566062784,0.13389254798885064
2002-04-20,69.06635284423828,72.30775784978341,69.00204024588847,72.27559909724015,95013900,-0.04985823442912123,0.02046112577150521,0.14754727624575942
2002-04-27,69.18852996826172,70.68703711429428,68.57754819589638,69.41362644998146,95625800,0.0017674190356599822,0.020384047661520414,0.14699145809022734
2002-05-04,67.9923095703125,70.333323214647,67.46493847256103,69.22712898357409,110502300,-0.01744049275531913,0.01958451184428087,0.141225923318973
2002-05-11,71.32376861572266,71.54886518777495,68.03734394354746,68.3138925625652,134329900,0.04783502831104252,0.02170162751909515,0.15649266156223585
2002-05-18,69.9024429321289,71.18871473932319,69.45867758849087,71.1565559814483,72312000,-0.020129034950690912,0.021862898622273672,0.15765560402575746
2002-05-25,68.9570541381836,70.18544155034678,68.10811467369865,70.13399439093791,77054400,-0.013616690557389784,0.021850538673118557,0.15756647516487565
2002-06-01,66.46168518066406,69.20144646264986,65.41980779254526,68.87344566314539,118618500,-0.03685828810965092,0.022305586565720466,0.1608478721840117
2002-06-08,65.21400451660156,67.23345157081485,63.34890875959064,66.39737263971845,130328000,-0.018951379852257096,0.02190592979024683,0.15796590619089812
2002-06-15,63.850547790527344,67.54858016673334,63.46466713261883,65.54842661071586,117698100,-0.02112907729070947,0.021763492843687733,0.1569387787622194
2002-06-22,63.86748504638672,65.11308192159603,61.43437867559501,63.64160062319563,168238900,0.00026522888870826925,0.021490757601428222,0.1549720569610339
2002-06-29,64.09335327148438,64.40959630794002,60.48564388795189,64.00945477090568,104063400,0.0035302747722937753,0.021204734256203797,0.15290951328666108
2002-07-06,59.27880096435547,64.34508844229188,58.29135954225027,63.88041389135197,196756600,-0.07808891130145854,0.025299490564849255,0.1824372209493628
2002-07-13,54.670745849609375,60.21462412629637,54.40613967387858,59.1432790749276,289709500,-0.0809229985637089,0.029015058817548737,0.20923056465455103
2002-07-20,55.245113372802734,55.458092215032046,50.1336507027648,54.277033097845056,388024300,0.010451135172793724,0.029183921411499666,0.2104482501365469
2002-07-27,56.01312255859375,59.08516519280629,55.25802116282065,56.47134660877856,264039800,0.013806103942114,0.029572960707660228,0.21325365239750155
2002-08-03,58.91736602783203,59.33686846440549,53.92207319596633,55.81950718350131,245429700,0.05054989169592445,0.031699956422496206,0.22859163662256815
2002-08-10,60.162994384765625,60.71802775972749,56.80697805663417,58.07839160337441,215024600,0.020921565702636372,0.032056607942211046,0.23116348730617617
2002-08-17,61.0536003112793,62.6993388908328,60.08551995246225,60.31785963249125,175923300,0.01469471988973836,0.032302849349395577,0.2329391593456686
2002-08-24,59.23359680175781,62.1184764436414,58.60757084873391,61.2536605376692,181468800,-0.030263277517337216,0.03146741501187284,0.2269147566632256
2002-08-31,58.08481216430664,58.73019896613227,56.47134515974257,58.55594669615999,233559000,-0.019584673305283795,0.030654401058709875,0.2210520296716321
2002-09-07,57.87186050415039,60.23397967113426,56.95541199709765,57.50399005138061,187858900,-0.003672956366539097,0.030647868066164936,0.2210049195924261
2002-09-14,54.43839263916016,58.85284229369956,54.24477949288875,57.63951157851899,225332800,-0.061161612803485,0.03225825276322528,0.23261756878937334
2002-09-21,53.64517593383789,55.73263855609519,53.061722880103794,54.22862898757198,293981500,-0.014678104305285503,0.032228149141375916,0.2324004884850632
2002-09-28,52.38105010986328,55.60299903955916,51.59014735414421,53.15898448985696,321074300,-0.023846660882610747,0.032301420999826434,0.23292885937044697
2002-10-05,54.55926513671875,54.92878466053698,49.96295585155583,51.90131230484897,371732700,0.04074265774766583,0.03394845706920932,0.2448058053718443
2002-10-12,57.46355056762695,57.89141782928749,53.8331828136548,53.93690506297605,301912800,0.051863299087318196,0.035826997653442855,0.25835215417083246
2002-10-19,58.47487258911133,58.92867170079632,56.76989742828538,57.12645351989607,240391200,0.017446289942772468,0.03518179275581541,0.25369951548767994
2002-10-26,58.52024841308594,59.18149695220846,56.400374446336414,59.090738124640296,234112400,0.0007756874963862086,0.03517311705573808,0.25363695412472126
2002-11-02,58.11833190917969,60.33544942539271,58.034052301812025,59.51213559194039,240841900,-0.006891683584568297,0.03510192897223783,0.25312360955419694
2002-11-09,59.2527961730957,59.35003916751775,56.69208706790784,58.0275473029367,206170000,0.019331834211933716,0.033772104926126305,0.24353411198299674
2002-11-16,60.56232452392578,61.11336160852803,58.18962197806724,59.73901098989435,186071800,0.02186002051246965,0.03412777799439494,0.24609890695288508
2002-11-23,60.92536544799805,61.55419298493952,59.39542402953395,60.56880941768389,133280800,0.005976605610028913,0.034158068902908116,0.24631733780053436
2002-11-30,59.661258697509766,62.26734929889681,58.33228652708048,61.89134538988266,234909400,-0.020966721108720603,0.03369989743398653,0.24301341635223148
2002-12-07,57.91734313964844,59.39542595748679,57.87196372940679,59.038869915598966,180638300,-0.029666000892720094,0.0339526799533452,0.2448362570224088
2002-12-14,58.33872604370117,59.50563222668934,57.43761708138771,58.22851961141472,175506000,0.007249251628324476,0.03385485154450579,0.24413080633387374
2002-12-21,56.925079345703125,59.02931604929423,56.925079345703125,58.364818155406695,73227600,-0.02453012163319933,0.0340937484017052,0.24585351607023304
2002-12-28,59.51142120361328,59.53096438938396,56.7492066115168,57.1922037133872,140743500,0.044432241320124966,0.03539438787350408,0.2552325606831596
2003-01-04,60.625396728515625,61.00324802911143,59.31595424414053,59.43972934790966,190900900,0.0185456460788834,0.03209817599137144,0.2314632387715138
2003-01-11,59.0618896484375,61.146578143893706,58.729640710937176,60.93810929434808,176325100,-0.026128022005894633,0.02805801571553803,0.2023292287002936
2003-01-18,56.27362060546875,59.23127628030448,56.13681336788062,59.1987059686636,203666400,-0.04835999638884297,0.02975045975212621,0.21453361620983744
2003-01-25,56.06515121459961,56.79479477873213,54.82085398672048,55.850171254794,263688600,-0.0037114457776967593,0.02964015267284239,0.2137381805490285
2003-02-01,54.34528350830078,56.55375248417273,54.05212584506799,56.11727152947847,235403000,-0.031156599213764728,0.02837461990530271,0.20461229398074018
2003-02-08,54.8208236694336,55.29639070844966,52.768706318543856,54.37131087696885,245705500,0.008712285916761223,0.028060342332395963,0.20234600617305287
2003-02-15,55.49186706542969,55.895777723685946,54.37134489180116,55.06841322489,161160600,0.012166354910507172,0.027998803369397893,0.20190224239999602
2003-02-22,55.30942153930664,55.52440634560235,53.56349381327173,55.32896470891765,219979200,-0.0032932052200593197,0.027468881683581692,0.19808092277961475
2003-03-01,54.28010940551758,55.88271406144323,53.048839914132174,55.54395416250507,223094000,-0.018785414891160316,0.02744959644178344,0.1979418549232881
2003-03-08,54.80782318115234,55.22476095042669,51.71336022370946,53.81108117115929,287646200,0.00967509200345648,0.0275534628318269,0.1986908461134862
2003-03-15,58.41694259643555,58.55374983088904,54.21498977869657,54.37134019374484,327127500,0.06377301816716255,0.027733403625640824,0.1999884176307738
2003-03-22,56.71635818481445,57.7302035221372,56.24541080206659,57.57321773433485,257883000,-0.029543287446481884,0.028254598610642313,0.2037468081166489
2003-03-29,57.70405960083008,58.20770879113996,55.20542565143993,55.826811729012434,250130300,0.017264854806826414,0.027890076224504547,0.2011181998081005
2003-04-05,57.0041618347168,59.424302065729016,56.06226704670656,59.09071349658711,254678700,-0.012203248259298997,0.02699756917177803,0.1946822399234631
2003-04-12,58.58053588867188,58.90758221228497,56.906060308678704,57.21348465132795,175612600,0.02727820952453925,0.02556221632547292,0.18433176335199059
2003-04-19,59.01876068115234,60.40543340432127,58.14227425186397,58.77674469157613,229653000,0.007452881670387308,0.025375423630591535,0.1829847820734367
2003-04-26,60.96798706054688,61.1380525796233,59.064579677096354,59.15615226652247,247601000,0.03249355312208428,0.026147084458962414,0.18854930744135315
2003-05-03,61.30811309814453,61.73326937566023,60.359675655973,61.13804759293939,195430700,0.005563260758134067,0.026099793682106548,0.18820828879973245
2003-05-10,62.05379486083984,62.43316494799411,61.01378456087821,61.157685796499685,189895200,0.01208948300396792,0.025946225788968394,0.1871008949737833
2003-05-17,61.32772445678711,61.75942298403434,59.90833970168809,61.5828201752356,210922100,-0.011769652207346607,0.025742429729882686,0.18563130069224126
2003-05-24,63.4142951965332,63.505867789642615,60.876416919741295,61.026860460039366,184820000,0.03345729662820428,0.026529149157160262,0.19130441516114718
2003-05-31,64.92525482177734,66.32501305975,63.231151820100855,63.79367204549161,244539900,0.023547370091599292,0.026454833200407132,0.19076851517583004
2003-06-07,65.12144470214844,65.99793120672938,63.950618582263225,64.60471105212113,190454900,0.0030172242729135366,0.02559048763473859,0.18453563066235434
2003-06-14,65.04296112060547,66.83517320978675,65.02987647575452,65.38308703178234,193745800,-0.001205914789961013,0.025607990994006385,0.18466184918102013
2003-06-21,64.1093978881836,65.42230789195533,63.649876381850966,65.28444793420759,205880600,-0.014457025787606104,0.025229598647462315,0.18193322316560456
2003-06-28,64.81834411621094,65.5470093287648,63.301935164419,64.47698983143512,150126700,0.010997685409271582,0.023935520037425835,0.17260148959966917
2003-07-05,65.80311584472656,66.56460683619514,64.74622180112308,65.4158093982226,188626100,0.015078538964009661,0.02385662898589942,0.17203259813676164
2003-07-12,65.32389068603516,66.89281898989901,64.43767672907964,66.4332971174478,212534300,-0.007309360672356195,0.023209451797156663,0.16736573706011637
2003-07-19,65.79653930664062,65.86874480651696,64.23417195577555,65.28449979142549,206167000,0.00720941302304287,0.02062108460104836,0.1487007557695215
2003-07-26,64.66743469238281,66.28888062849228,64.49018889726158,65.88844236053171,220476400,-0.017309495813126134,0.021045658873003754,0.1517624043850774
2003-08-02,64.51642608642578,64.98907470379038,63.24290120167743,64.53611894408989,237511300,-0.0023378876250875285,0.01975788062020319,0.1424761033412777
2003-08-09,65.39608001708984,65.54706193424552,64.22758535412709,64.5033003916557,162161100,0.013542458704221104,0.019801210997836605,0.14278856313796268
2003-08-16,65.49455261230469,66.84028817656531,65.46829880383625,65.59958787960728,180141300,0.0015046548681912685,0.019795691852533204,0.14274876401518638
2003-08-23,66.5908203125,66.61707912277315,64.87747175693556,65.45515055787702,143567300,0.01659976194248865,0.019791529914021364,0.14271875184976685
2003-08-30,67.50330352783203,68.07441646586082,66.33481382892627,66.72212007387193,154349800,0.013609802933135268,0.019101858912057908,0.1377454635282071
2003-09-06,67.25384521484375,68.19257651836988,66.53174536790594,67.64115645617044,194512000,-0.003702343070726118,0.019245353618837124,0.1387802185743074
2003-09-13,68.0547103881836,68.73085845284352,66.92560662615287,67.2997858953509,155666400,0.011837751456429313,0.015551887582296411,0.1121462562164428
2003-09-20,65.86458587646484,68.06556621511263,65.79868934532563,67.77561544500041,206449100,-0.03271104101738143,0.015849998090017924,0.11429596165913183
2003-09-27,68.13146209716797,68.71794976561074,65.40330450781438,66.09523064714185,266732100,0.03383819975471408,0.016644882549675232,0.12002795501385966
2003-10-04,68.90908813476562,69.33742334147156,67.8151910968433,68.19080704139775,156499500,0.011348967626335268,0.016228249407838787,0.11702357070196173
2003-10-11,68.70477294921875,69.77890098402928,68.52026065146804,69.00130985237767,166894200,-0.0029694005249735946,0.015817367205926955,0.11406065700762441
2003-10-18,68.25666809082031,69.37692417694046,67.3341015935304,68.82997342876922,185854700,-0.006543541801328612,0.01600762396450163,0.11543261800471354
2003-10-25,69.39010620117188,69.831618478003,68.05238202068045,68.36210123885787,163256500,0.016469165150029944,0.015219563476868671,0.10974983301205797
2003-11-01,69.59439086914062,70.32585394929725,69.12651894871685,69.68664702090965,162685200,0.002939677725054136,0.015224215861934298,0.1097833818378726
2003-11-08,69.49554443359375,70.4774163627279,69.06062328798677,69.68005673946237,158962700,-0.0014213314855944723,0.01519870459545199,0.10959941747906463
2003-11-15,68.67179107666016,69.4889187513976,68.2829982006639,69.13307663975866,198958800,-0.011924136979537427,0.01520528970675047,0.10964690339194724
2003-11-22,70.14795684814453,70.28634616072796,68.98157214453995,68.98816330884995,110047500,0.021268175985398135,0.014440640584789598,0.10413294015801036
2003-11-29,70.41152954101562,71.22207159940652,70.259967994968,70.41152954101562,178043500,0.0037503409918802173,0.013872990805103555,0.10003955938368263
2003-12-06,71.2615737915039,71.30111069249494,69.8250077337122,70.33900755692163,192440600,0.012000223491675854,0.013981760680257166,0.10082391010786695
2003-12-13,71.76243591308594,72.30938680724779,70.826691871141,71.94035709328168,165604600,0.007003917315582773,0.013964736303790476,0.10070114558330004
2003-12-20,72.63117980957031,72.88277692661575,72.0220589864889,72.02868129255312,68716700,0.012033141142698971,0.01354077481299504,0.09764391579552985
2003-12-27,73.64419555664062,74.27980068275242,72.6841630343828,72.8960314097534,111617300,0.013851025029292682,0.013604426403333958,0.09810291394099344
2004-01-03,74.41223907470703,75.14715882948157,73.88256545008576,73.94877844166996,169125700,0.01037510337857461,0.013494630864466197,0.09731116705058362
2004-01-10,75.63043212890625,75.68339541229564,73.99507141638847,74.51812235631421,186248000,0.01623831157299149,0.013444468609059807,0.0969494418826623
2004-01-17,75.7628402709961,76.39182276558367,75.2927577132228,75.82904815705722,134721800,0.0017491949774448886,0.013461520866317807,0.09707240745847455
2004-01-24,75.13387298583984,77.13337983714054,74.52474717729291,75.7363714376998,209506200,-0.008336443043070097,0.012961085264700486,0.0934637150150767
2004-01-31,75.7761001586914,75.94162244392345,74.67041250566282,75.27953330299529,177701300,0.008511446084421115,0.012863901353415757,0.09276291186450224
2004-02-07,76.226318359375,77.06055206267638,75.59071341206794,75.92175797116573,168279700,0.005923846760581828,0.012776124027653508,0.09212994056678445
2004-02-14,76.06077575683594,77.19956954406761,75.69000756614199,76.70300283810062,150477300,-0.0021740866316344314,0.012846853199422003,0.09263997587774926
2004-02-21,76.1534652709961,76.63017010107917,74.83590973603803,76.28588608565116,180518600,0.0012178824397898306,0.012680443793456278,0.09143998058589141
2004-02-28,77.05392456054688,77.44455974063388,76.08727511933355,76.42494196121575,179999000,0.01175491155030522,0.012636148353058468,0.09112056162264429
2004-03-06,74.53795623779297,77.21279552136414,73.55806261852965,77.02740641941101,289846500,-0.03319702036621158,0.014624517267617683,0.10545889377460814
2004-03-13,73.5316162109375,74.99483256316398,73.38595579600597,74.33274344172182,267767600,-0.013593009087239066,0.014923594573676827,0.1076155708992559
2004-03-20,73.76941680908203,74.2743696594808,72.32100329089306,73.44385743733218,255699700,0.0032287730758950766,0.013030096187218874,0.09396135985449094
2004-03-27,76.16796875,76.30084873416705,74.13487559177472,74.16809305329325,227782600,0.031996777370653734,0.01286744666418559,0.09278847746403841
2004-04-03,75.98857879638672,76.67956585260785,75.56999722315915,76.04837326739273,151492900,-0.0023579667076243545,0.012847380610209446,0.09264377909102398
2004-04-10,75.62982940673828,76.60651340709946,74.6531454063771,76.12813715638798,250279500,-0.004732275762540485,0.012888908169257224,0.09294323857800722
2004-04-17,75.9819107055664,76.18787613657639,74.26773207928848,75.44374035019456,223221500,0.004644520687901507,0.012719105276076966,0.09171877250184012
2004-04-24,73.72294616699219,76.48689469408889,73.68308318196286,76.07495859561382,247535500,-0.030181198637018566,0.014121074452977273,0.10182851600970831
2004-05-01,73.05851745605469,75.25107231754274,73.05851745605469,73.99533791821369,235295100,-0.009053367268189427,0.014295155100366665,0.10308382941016515
2004-05-08,73.11165618896484,73.62324951290296,71.79612253319678,72.71301131629241,325927300,0.0007270804149165918,0.014281581854312057,0.1029859513409164
2004-05-15,72.95885467529297,73.86909812775545,72.02868480450869,72.34759874047883,225580900,-0.002092161771789983,0.014027401579751023,0.10115303131463375
2004-05-22,74.98532104492188,75.09826954046038,72.81934279336805,73.43724436237696,194280600,0.027396727318047952,0.014404794172525437,0.10387444800309065
2004-05-29,75.06504821777344,75.46369322620205,74.32755267110966,74.71955215983468,152246700,0.001062672231279703,0.014405590046571548,0.10388018713245478
2004-06-05,75.97528839111328,76.35400191778567,75.35738684032712,75.36403236017651,122938900,0.01205308745319785,0.014406993878317105,0.10389031030713625
2004-06-12,75.49691772460938,76.0417338030282,74.9919696990824,75.6231572655145,158913600,-0.006316304082193395,0.01447574814241364,0.10438610435634994
2004-06-19,75.91254425048828,76.6460673064895,75.132348004615,75.85253150275219,166308000,0.005490113555897646,0.01434979250905163,0.10347782536730941
2004-06-26,75.27236938476562,76.54602729297574,75.0723218405123,76.36597890684301,213823000,-0.008468817112538147,0.014261120920785757,0.10283840545097053
2004-07-03,74.50555419921875,75.06569373917671,74.15212700847088,74.93232863563031,141242000,-0.01023945140914709,0.014282891535775008,0.1029953955882548
2004-07-10,73.82534790039062,74.94563159678674,73.64530457755484,74.36548295644842,195807400,-0.00917153549628322,0.013997250545946497,0.10093560911785282
2004-07-17,72.6584243774414,74.72561423238524,72.47838095933166,73.8520610078489,264601300,-0.015932798430689295,0.014288440303791628,0.10303540832345395
2004-07-24,73.91201782226562,73.95203139742398,72.15824291889452,72.81174371262193,260618700,0.01710609580733785,0.01467528050231377,0.10582495266581844
2004-07-31,71.25137329101562,74.25880286837462,71.09800397260432,73.47860654197487,245476100,-0.036661344273707104,0.016149611136059214,0.11645650205973149
2004-08-07,71.47808074951172,72.29162066724415,71.07797548091884,71.36471487671716,237930700,0.0031767465331626445,0.016102108627128048,0.11611395659640247
2004-08-14,73.67198944091797,73.7720106974552,71.41808215932313,71.44475619025013,214351400,0.030231825337432152,0.017333341776279185,0.12499250509903333
2004-08-21,74.31879425048828,74.43882481138274,73.25185875784288,73.71864653356569,154282000,0.008741205524959697,0.017438272635126557,0.12574917228293866
2004-08-28,74.76560974121094,75.23239262892282,73.41859897229622,74.16545668018715,196847200,0.005994145820628564,0.017306649154259963,0.12480002186429956
2004-09-04,75.39240264892578,75.53243746118785,74.70556305602372,75.04565050726016,132517300,0.008348492873826021,0.01610666646591287,0.11614682363929042
2004-09-11,75.45246124267578,75.84589186766637,75.13904764646826,75.55915231023744,168336700,0.000796296212865337,0.015850428546135692,0.11429906572234073
2004-09-18,74.63485717773438,75.98077700185718,74.29335406531237,75.44508604545905,206162100,-0.010895153052160378,0.016011902830693207,0.11546347334762269
2004-09-25,76.1013412475586,76.1013412475586,73.93180161041269,74.39383003050024,220704700,0.01945823704238993,0.015191520925584467,0.10954761529895791
2004-10-02,75.33797454833984,76.79102995424051,75.23083427996582,76.40265414447846,203552200,-0.010081571760810353,0.015313812669464365,0.11042947360520768
2004-10-09,74.50096130371094,75.71295622986143,74.03892783076772,75.51876832251905,243760800,-0.01117228904739415,0.015439419985293582,0.11133524084079896
2004-10-16,73.65055084228516,75.15048394225316,73.48984554897758,74.25320207810006,258476200,-0.011480406637903428,0.015544730484475161,0.11209464565008674
2004-10-23,75.79999542236328,76.09462602257143,73.2219929967279,73.48983853248727,275457800,0.02876661018746025,0.015446995075473455,0.11138986559291855
2004-10-30,78.53203582763672,78.77309637610503,75.80001968414942,76.04108023261773,288528600,0.03540840899610179,0.016692483546812423,0.12037121068574237
2004-11-06,79.54310607910156,79.68372380217576,78.15701125596745,78.33111157875202,217234200,0.012792448292965409,0.016800526762672133,0.12115032139523879
2004-11-13,78.62574005126953,79.77747204731581,78.43824974656016,79.34892131977222,215951400,-0.011599962153314883,0.017023290270392635,0.12275669189401577
2004-11-20,79.48333740234375,79.9064459051855,78.59683142458789,78.69085439769323,124741500,0.010848279876284892,0.0163665557945413,0.11802091223992184
2004-11-27,80.08777618408203,80.68549586477079,78.89905421346167,79.77884281953588,274275700,0.007575828219014747,0.01639762124272346,0.11824492837255395
2004-12-04,80.14149475097656,80.34968772284988,79.06694294214573,80.06090144386405,237724200,0.0006705212923168574,0.016283671475047216,0.11742322491218614
2004-12-11,80.21540069580078,81.42427001180997,80.02735469934619,80.43031113801591,249144600,0.0009217682825698641,0.016196498535326405,0.1167946119041935
2004-12-18,81.49172973632812,81.835862860497,80.41210195744387,80.80346863606171,137428400,0.015786014406664186,0.016401378457894144,0.11827202203645565
2004-12-25,81.55918884277344,82.09225604217234,81.23529802169526,81.78185831244035,125743300,0.0008274606593111184,0.01624814555979205,0.11716704389406557
2005-01-01,79.91954803466797,82.15977827458924,79.62264837638965,82.02482154442961,294245300,-0.020308521026817444,0.0166923656264199,0.12037036034969903
2005-01-08,79.78456115722656,80.60777888188541,79.28523431449301,79.85203692277365,289953500,-0.0016904625719404657,0.016543394595673902,0.1192961149698722
2005-01-15,78.79943084716797,80.71577524316949,78.71171283305503,79.65638935795309,246980300,-0.012424242444420768,0.016396561821442196,0.11823728877705011
2005-01-22,79.238037109375,79.45396274701082,78.52278439997006,79.00861322359572,300499700,0.005550675975760172,0.0161571745344953,0.11651104250148761
2005-01-29,81.12735748291016,81.2623090213158,79.4269392698002,79.58888214550123,253704500,0.023563784421979282,0.01452680879196652,0.10475430793659275
2005-02-05,81.49172973632812,81.6739199806822,80.46608463340591,81.14085263871749,238946500,0.004481304986128142,0.014522538525310217,0.10472351460581435
2005-02-12,81.23532104492188,81.9573226162126,80.90468615849903,81.43775350897668,237655100,-0.003151398644312138,0.013656342947997481,0.09847728946865195
2005-02-19,81.93709564208984,82.0990385546169,80.01400746810491,80.90470120911228,278453700,0.008601685730687201,0.01365433408456429,0.09846280334842439
2005-02-26,82.81431579589844,82.88179159634218,80.99918741994236,81.74818064543715,298301500,0.010649115975821867,0.013715272778861545,0.09890223852232155
2005-03-05,81.23532104492188,83.16515798277769,81.08012728414175,82.76704732436038,284193500,-0.01925080170650904,0.014410247469171465,0.10391377228444579
2005-03-12,79.98702239990234,81.95734429245522,79.72386321587308,81.38379235670101,296465300,-0.015485739312055925,0.014851056508021992,0.10709249146897294
2005-03-19,79.35281372070312,80.56539362466275,79.08862088239674,80.41636070699376,276466500,-0.007960495551645913,0.014758057000097483,0.10642186248014346
2005-03-26,79.54924011230469,80.60601112516923,78.7498862217735,79.5424644814219,339758600,0.002472296448207987,0.014340835069499968,0.10341323235210863
2005-04-02,79.93539428710938,80.788943164755,79.08184540946377,79.50184679935465,282210800,0.004842534591156605,0.014147601513428426,0.10201980536299625
2005-04-09,77.32731628417969,80.65343815102638,77.29344329472052,80.13182822408604,421835900,-0.03317146370027795,0.015570506466752653,0.11228051890164065
2005-04-16,78.28926086425781,78.91926031643405,76.9208776804597,77.30700604351652,448499200,0.012363166576130203,0.015481479254859104,0.11163853454685306
2005-04-23,78.41117858886719,79.10214307214602,77.2053746824187,78.4856950251796,385517300,0.0015560613567527461,0.014513684915404277,0.1046596703168367
2005-04-30,79.31892395019531,79.93537722141208,78.25537718881162,78.62795940419457,387404500,0.011510236392691041,0.012938625665682709,0.09330175654330679
2005-05-07,78.39086151123047,79.98956941877404,77.76763779630127,79.40021352435411,390365200,-0.01176937942089969,0.01289295376422861,0.0929724117782254
2005-05-14,80.69408416748047,80.89053612975917,78.35021705109179,78.37730923983361,296337300,0.028957907908324414,0.013916845309075533,0.10035579870914464
2005-05-21,81.45955657958984,81.45955657958984,80.4976237630733,80.75504087546324,217163100,0.009441392678595563,0.01387970213668092,0.1000879554839403
2005-05-28,81.39185333251953,81.91346342859177,80.88378933564773,81.3444342328766,213692100,-0.0008314727027219688,0.013816824151069405,0.09963453588149988
2005-06-04,81.42572021484375,82.1370118694848,80.91088575852434,81.25636555119533,242547500,0.00041601016493219927,0.013816877989085251,0.09963492411295329
2005-06-11,82.21153259277344,82.57733930539484,81.16153155645492,81.24959929382149,234529800,0.009604395148464333,0.013929149772076316,0.10044452745367739
2005-06-18,80.924560546875,82.93781166783442,80.82933440660048,82.35288000285571,247967400,-0.015778221981067028,0.01395943544766419,0.10066292056616569
2005-06-25,81.29861450195312,81.89034895047939,80.76809646700244,80.91773082335283,243700800,0.004611605189941297,0.013991011986972075,0.10089062222931824
2005-07-02,82.51610565185547,82.51610565185547,80.43484054738387,81.10819010662726,271672600,0.014864519698019541,0.013657677640350946,0.09848691407208672
2005-07-09,83.54991149902344,83.95800705700206,82.50927924230919,82.52288519512213,262456400,0.012450701473015973,0.01381737362923358,0.09963849822489124
2005-07-16,84.02603912353516,84.15526975698873,83.0126133677697,83.31867991219464,338959100,0.005682544589177076,0.013526397635947407,0.09754024049744651
2005-07-23,84.16207885742188,84.77421721769737,83.55674347591399,83.93763244961451,253480800,0.001617709564595198,0.013512552712609524,0.09744040333544732
2005-07-30,83.5771713256836,84.84225590537018,83.43433986528723,84.2233195769859,226853900,-0.0069740374037260055,0.012905603384049525,0.09306362948398428
2005-08-06,83.69957733154297,84.67899873649388,83.23707335577754,83.76079376392867,280996800,0.0014635151470860745,0.01288794881400564,0.09293632056890529
2005-08-13,83.29830932617188,84.25052422775921,82.869809766423,83.80842389604148,263656400,-0.004805674917918364,0.012913466318908573,0.09312032991360414
2005-08-20,82.13522338867188,83.81520101738937,82.08080993927689,83.37310082207127,301773100,-0.01406129799852376,0.01314022219681726,0.09475548980322938
2005-08-27,83.16229248046875,83.76083035122973,81.87680391953678,81.89721286534846,355516700,0.01242707495116721,0.013201837168330333,0.09519980168148266
2005-09-03,84.74700164794922,84.84222258414941,83.42070633005241,83.42750930811009,181163600,0.01887633713440538,0.01307627914736125,0.09429438991618304
2005-09-10,83.99884033203125,84.79461757399082,83.57034609154968,84.6449831820014,297720700,-0.008867373672496359,0.012791120263472537,0.09223807996115337
2005-09-17,82.94929504394531,84.43150695716982,82.26624750296747,84.33588071833205,376270000,-0.012573475142678906,0.012963932854479174,0.0934842492769938
2005-09-24,84.042236328125,84.042236328125,82.66247628922078,83.34552436872968,309618600,0.01308996787077804,0.013154900608214934,0.09486133733310272
2005-10-01,81.69934844970703,84.24711384645562,80.71575794198574,83.9875575563586,434426400,-0.02827345898268769,0.014422212953249584,0.1040000566172046
2005-10-08,81.0572738647461,81.76764413802674,79.83461778766852,81.74715353967336,416521100,-0.007890037366624388,0.01279825231273195,0.09228950989976126
2005-10-15,80.68843841552734,81.83595898027806,79.99856385817824,81.14608442292896,488216200,-0.004560690769856359,0.012669878163113518,0.09136379074197458
2005-10-22,81.82913970947266,82.3345936914141,80.5518382728354,80.90019415759862,367703800,0.014038112554701086,0.012919470573193249,0.09316362720699278
2005-10-29,83.4069595336914,83.78263787332023,82.05452272226835,82.1638128615206,362129900,0.019098342188728797,0.013233230663767451,0.09542618339651181
2005-11-05,84.53396606445312,84.58860590779321,83.16103903277329,83.58453038890417,260500100,0.013421665327216325,0.0131115103594708,0.0945484457996985
2005-11-12,85.46978759765625,85.57224583179358,83.91927105335114,84.55450585151188,293972400,0.011009533208395596,0.012119762366563923,0.08739684931817002
2005-11-19,86.83587646484375,87.02713425167452,85.3673276688965,85.48344455961237,182584700,0.015856907534508642,0.012336222129512122,0.08895776286693904
2005-11-26,86.64460754394531,86.93148635320966,85.57905470311147,86.91782769091935,274412200,-0.002205077988950148,0.01235380274572958,0.08908453849339164
2005-12-03,86.28941345214844,87.25250795756553,85.70882397455769,86.5421377550022,297378200,-0.004107862515758792,0.012414650316539334,0.08952331656647562
2005-12-10,86.30995178222656,87.49162198724493,86.0367315207145,86.54901755683348,303534400,0.00023798847866187775,0.012327735382969527,0.08889656406729665
2005-12-17,87.04212951660156,87.11766349586765,86.16319438208718,87.0215302929593,207368300,0.008447341188555219,0.011846520690335064,0.08542647556969625
2005-12-24,85.49712371826172,87.24126289417897,85.39412236257975,87.17945998522316,152698300,-0.017909514107180818,0.012513553243947049,0.09023651571859964
2005-12-31,88.19571685791016,88.29185004301615,85.41470692613713,85.96404390291337,235349700,0.03107566547712141,0.013544842509242039,0.09767324837031298
2006-01-07,88.36054229736328,88.88241732739314,88.0309441842158,88.18201216893654,223453000,0.0018671157638385394,0.013393907431386779,0.09658484004536641
2006-01-14,86.4996566772461,88.51159093195713,86.4996566772461,88.0309249391706,323622400,-0.021285071014948736,0.014133421440373854,0.10191755140202008
2006-01-21,88.2643814086914,88.34678876944656,86.41037819654356,86.66444747655265,344839100,0.020196199793886812,0.014621039958040557,0.10543381853864617
2006-01-28,86.70564270019531,88.44978159062725,86.61637766727759,88.19571755891306,339874900,-0.01781767995874364,0.015031138582925612,0.10839108177868684
2006-02-04,86.95970916748047,87.96224991157682,86.10824158913721,86.82237754605482,302674200,0.002925933651242391,0.015034069509510027,0.10841221699085629
2006-02-11,88.44981384277344,88.72448767236688,86.48594049155516,86.93227629662616,330104900,0.01699041757585488,0.015275894272590712,0.11015604015678497
2006-02-18,88.8617935180664,89.02658729018519,88.08585458189982,88.65579082518573,168983600,0.00464696499898569,0.014910238536181229,0.10751925914320111
2006-02-25,88.41544342041016,89.3149880699649,87.98284933579848,88.85491089663434,292939800,-0.005035627230650653,0.014863127650280627,0.1071795377137068
2006-03-04,88.29871368408203,88.70384564766938,87.33051367215238,88.67638351358356,302756000,-0.0013211137717378107,0.014488227751849906,0.10447609609979039
2006-03-11,89.69267272949219,90.27634538383808,88.25753749332807,88.47040313878261,281568500,0.01566353938384863,0.014579189364893648,0.10513202961964663
2006-03-18,89.7667007446289,90.30443143652712,89.24275046679985,90.06313743811636,274160300,0.0008250114541527822,0.014257498170276332,0.10281228142553064
2006-03-25,89.50474548339844,90.29755076384691,88.96701467207815,89.64262329051091,309605900,-0.0029224447415567333,0.014151361117659324,0.10204691625465616
2006-04-01,89.30479431152344,90.58707762583434,89.17381726084552,89.67018567408847,305128300,-0.0022364718957098833,0.012743533807851886,0.09189492914963766
2006-04-08,88.73259735107422,89.67707111974227,88.41546901301804,89.44267785910048,208381400,-0.006427851197314703,0.012694742720565614,0.09154309161564508
2006-04-15,90.41471862792967,90.90419678458834,88.25690586136727,88.81531763992494,402316600,0.018779747882535242,0.01292656880989444,0.09321481331977584
2006-04-22,90.6353530883789,90.82838410678808,89.33927866243029,90.2355001161309,384501600,0.0024372767994794513,0.012779143242212724,0.09215171243259421
2006-04-29,91.35918426513672,91.5522151981814,89.84250814004423,90.63531300652076,280384700,0.00795446944612238,0.012432265180838842,0.08965033915936005
2006-05-06,89.09796142578125,91.53153989763828,89.06348935995544,91.35228936310308,296612300,-0.025062362477013746,0.013453082548632861,0.0970115578842911
2006-05-13,87.62262725830078,89.62188576185088,86.726411556501,88.78770819661028,503172100,-0.016697187970644133,0.013805456950158838,0.09955256583001679
2006-05-20,88.5051040649414,88.5051040649414,86.0094761819695,87.05736102350501,513231900,0.010020956777527165,0.013599414134820149,0.09806676995872758
2006-05-27,88.9325180053711,89.22895468274392,86.89879198432196,88.22243750160885,324770400,0.004817634074643784,0.013608477087378156,0.09813212383903756
2006-06-03,86.41620635986328,88.83599951997788,85.39589828040897,88.82910931355018,625132500,-0.028702625645877857,0.014782118636185166,0.10659537340551485
2006-06-10,85.9336166381836,87.11248871181299,84.34110081125368,86.78157476111231,673381600,-0.005600133200163522,0.01482353416244074,0.10689402501254446
2006-06-17,86.16804504394531,87.04052383926906,85.55176807519148,86.8327930568838,364980400,0.0027243031643155867,0.014732698200915741,0.10623899757867554
2006-06-24,88.13459014892578,88.39772320142797,85.6210112422629,86.2372882079429,334910500,0.022565677802501325,0.014944140779001068,0.10776373169288143
2006-07-01,87.67066192626953,88.64008291201974,87.4490792319626,88.23846791061528,225294200,-0.005277763821784195,0.013681335368324807,0.09865751237462819
2006-07-08,85.5309829711914,88.23845111991197,85.05319851425912,87.89915383946354,422814400,-0.02470863154147634,0.014487419268099457,0.10447026604055513
2006-07-15,85.8287353515625,87.45598873517834,84.74852058026617,85.53098316678887,551315100,0.0034751770479639612,0.013920582947668923,0.10038275120433988
2006-07-22,88.6192855834961,88.73007425159638,86.16802488752613,86.16802488752613,442284600,0.031995642885758825,0.01478122190750418,0.10658890700303592
2006-07-29,88.77163696289062,89.62334317810283,87.66372364723587,88.3977205112519,339577600,0.0017176912399632692,0.01432045454371404,0.10326626629062448
2006-08-05,87.94762420654297,89.04861679806909,87.4421359786454,88.56390111819043,331993700,-0.009325737589395425,0.014452284593078209,0.10421690629588339
2006-08-12,90.49584197998048,90.49584197998048,87.88531550870401,88.37695192888982,327000800,0.028562446860294015,0.015144168742742681,0.10920615385247551
2006-08-19,89.886474609375,90.37811625222844,89.45716117892172,90.142676422272,269304600,-0.006756423802767279,0.015195735812962017,0.10957800928407804
2006-08-26,91.00135040283205,91.1121444183869,89.76879603600595,89.77571669976605,250856300,0.012326865123286098,0.015326378069117085,0.11052008399069684
2006-09-02,90.21189880371094,91.29904451433872,89.5679288471415,91.06360475352236,237509600,-0.008713011845914243,0.015441383293703898,0.11134939845908484
2006-09-09,91.37522888183594,91.71452084559708,89.65795425334514,89.92108725862376,335779100,0.012813088777188007,0.01534160924359865,0.11062991755185449
2006-09-16,91.43630981445312,92.34045129689454,91.1094278122446,91.65886167693982,386346600,0.0006682393827625286,0.015341595011179269,0.11062981492041878
2006-09-23,92.90380859375,93.18896281762494,91.14421494865114,91.61714434324594,355258100,0.015921979370554135,0.015606037921755661,0.11253673986745101
2006-09-30,93.89836883544922,94.17657199616056,92.25700733053148,92.87599477111168,331175500,0.010648373085968516,0.015689191629500988,0.11313636978149245
2006-10-07,95.02508544921876,95.0807260886126,93.40458764361074,93.78711040671423,314754900,0.011927899334865535,0.01571107248918064,0.11329415490454489
2006-10-14,95.17112731933594,95.53973724811004,94.3574029136064,94.94857538704132,331779900,0.0015356972328000767,0.01536238067015846,0.11077970243890634
2006-10-21,95.91525268554688,96.67333601089614,94.8581024426,94.976334745533,344641900,0.007788405722021587,0.01540465159846691,0.11108452243786149
2006-10-28,94.96241760253906,96.19344069573256,94.32256660935882,95.7413754044468,336037000,-0.00998380791378861,0.01553671510473489,0.11203684592479501
2006-11-04,96.14478302001952,96.77072134798864,95.18500101226248,95.25455443197542,359047800,0.012374002655818873,0.014689362449709578,0.1059264990326064
2006-11-11,97.66094970703124,97.8417737405543,96.02655047122796,96.1030443754262,365694400,0.015646571412223274,0.01432597074394709,0.10330604417619645
2006-11-18,97.61226654052734,98.17561313224972,97.32711239013211,97.57748983227113,197045400,-0.0004986159233512531,0.014302694039380368,0.10313819347251817
2006-11-25,97.5218505859375,98.09910999151094,96.05436262082856,97.56357839148424,491307200,-0.0009267058205089388,0.014330156658895718,0.10333622923816047
2006-12-02,98.3564682006836,98.96850449960502,97.52883109983252,97.5427439099984,356923700,0.008521848368617926,0.012751968992381783,0.09195575613031876
2006-12-09,98.99630737304688,99.62225640540812,97.9878463131111,98.35645614458856,308363800,0.0064842403392400905,0.012569928630249444,0.09064304441057439
2006-12-16,98.43589782714844,99.9255528396945,98.37994719078834,99.6877599672909,266215300,-0.005676997330973031,0.012749304559666073,0.09193654263276572
2006-12-23,99.04437255859376,99.7996903626258,98.45690671262298,98.47788687344368,155174000,0.006162404536272866,0.01224742892609044,0.08831746597123988
2006-12-30,98.28900909423828,99.9115452539247,98.17711851233888,99.48493106292878,241073500,-0.007655746304801812,0.012331866919358976,0.08892635699989386
2007-01-06,100.17729949951172,100.17729949951172,98.08618902543276,98.48483320474972,329610500,0.019029400005624805,0.011127004320572412,0.08023796924026635
2007-01-13,99.88358306884766,100.33117744583744,99.52689912977542,100.05842478910137,220263000,-0.0029362725778388646,0.011257307405700212,0.08117759814982523
2007-01-20,99.40100860595705,100.69483080788568,99.01635472427908,100.05841511800833,310992100,-0.004843077952820032,0.010090499894803184,0.07276362953155374
2007-01-27,101.27533721923828,101.37324817591374,99.12828600089286,99.44299902795728,347310200,0.018680658269164954,0.010451012451097658,0.07536332254589038
2007-02-03,100.6668701171875,101.65996980327408,100.28221620002572,101.19838510267996,308181700,-0.006026169085049632,0.01028799638470006,0.07418779697364843
2007-02-10,101.9187469482422,102.07260853747238,100.14235951553,100.66688475022562,274335200,0.012359147548022508,0.00925476702132722,0.06673707407573684
2007-02-17,101.61798095703124,102.40126822544092,101.4081688182819,101.79981245248672,271917000,-0.002955399875231936,0.00909734180232183,0.06560186467738668
2007-02-24,96.98123168945312,102.07262317742126,96.5476275147921,101.98870254271132,896598200,-0.04670302536455315,0.013448078212278466,0.09697547110164022
2007-03-03,98.45687866210938,98.90447308458998,96.04406481168276,96.46367858004363,627885300,0.015101200199640877,0.013468485034002787,0.09712262678583279
2007-03-10,96.88326263427734,98.84848124302538,95.63839083219165,98.20506519588466,756793400,-0.016111896499210358,0.01384605884868277,0.09984535028403523
2007-03-17,100.67999267578124,100.97489059581224,97.70291112327342,97.78014705807828,524036300,0.03844032177455848,0.015550051862541622,0.11213301865303625
2007-03-24,99.70404052734376,100.8625691070969,98.69295558524908,100.75725222305512,634186800,-0.009740894519006291,0.015557968674556855,0.11219010759635452
2007-03-31,101.27680206298828,101.41722809300036,99.33888642183584,99.8163477804601,272652200,0.015651179689295535,0.0156903583231994,0.11314478292939723
2007-04-07,102.03511810302734,102.03511810302734,100.64487144287864,101.56467428398072,413774500,0.007459666466126268,0.015611902257881411,0.1125790281966469
2007-04-14,104.3521728515625,104.3521728515625,102.38618698321584,102.393204534953,506895800,0.022454406877397082,0.016079511293298408,0.11595100490477939
2007-04-21,104.99109649658205,105.18067748271096,103.43937157174472,104.1766107250368,497093300,0.006104095258133666,0.016065105929683462,0.11584712635046861
2007-04-28,105.9670867919922,106.10751280729592,103.68512922339715,105.06834743746636,505325300,0.00925299264246015,0.015862047737705463,0.11438285290430923
2007-05-05,105.92495727539062,107.3011579023686,104.80855601940696,105.93900309069738,513142200,-0.0003976507692126961,0.01579696661060763,0.11391354622267677
2007-05-12,107.16072082519533,107.16072082519533,105.17366116161988,105.9249569277053,603182100,0.011598878114545973,0.015694401286134307,0.11317393714973045
2007-05-19,106.5076904296875,107.77856297597585,105.84065912080732,107.132595024253,661502200,-0.006112578129533518,0.0157909413914661,0.11387009774955538
2007-05-26,108.1859130859375,108.41059268982748,106.26204241735154,106.68333140615326,433672000,0.015633971495904366,0.015944601503257456,0.11497815657366992
2007-06-02,106.05133819580078,108.40351408320896,104.66110245784168,107.806690137503,777324100,-0.019927865178092863,0.016584607634539287,0.11959330641956588
2007-06-09,107.47667694091795,107.89093736274891,105.0051387954953,105.97408562966405,829549100,0.01335056587201596,0.01669829225140198,0.1204130978502257
2007-06-16,106.16291809082033,108.29957372483707,105.6693032308159,108.1585424448354,786735600,-0.012298988025605159,0.01688791434783727,0.12178048223354254
2007-06-23,106.07827758789062,106.9385822774364,104.40703506868896,105.9443048824658,1001504900,-0.0007975879248702576,0.01688940220113523,0.12179121129625488
2007-06-30,107.8764419555664,108.0104254038225,106.31802895004743,106.38853919229142,327793400,0.016809226836481988,0.016974215040715664,0.12240280538010478
2007-07-07,109.1951675415039,109.62532005181914,106.14179165024974,108.00343300833543,673995100,0.012150292823020315,0.0167762239730876,0.12097507148727109
2007-07-14,108.2431411743164,109.674629411783,107.77068054638364,109.2938439427012,853182600,-0.008756805149752024,0.016901351005003947,0.12187737534631311
2007-07-21,102.32675170898438,109.10340488411008,102.2844434238521,108.72260879793733,1533710900,-0.05620886259554596,0.02048752926602272,0.14773767455242803
2007-07-28,101.40306091308594,105.39431045367591,100.9799562248258,102.90505996041104,1721820800,-0.009067864082305857,0.020257379319946128,0.1460780396891792
2007-08-04,102.04471588134766,106.19109030419705,100.50744630784696,101.6921324000853,1601119800,0.006307830991554723,0.020253851576019177,0.14605260076594853
2007-08-11,102.04471588134766,103.58197469485442,96.60787386588484,103.30696000986954,1704847500,0.0,0.020109463768492538,0.14501140547877028
2007-08-18,104.59745025634766,104.59745025634766,101.04340160427878,102.3691193605264,850360700,0.024708066986757028,0.02066829037198353,0.14904116142473062
2007-08-25,104.07562255859376,104.717327281235,101.16328939275556,104.2589729136326,917764000,-0.0050014003097206,0.01829066409190446,0.13189585449129904
2007-09-01,103.00373077392578,105.76092508234284,102.4325365657956,103.97685374631132,649649800,-0.010352566209912656,0.018282400628462772,0.13183626580899516
2007-09-08,104.99939727783205,105.38724141015408,101.77678860017028,103.32110657069012,779932400,0.01918940125018197,0.018214575976730336,0.13134717528987158
2007-09-15,107.1642608642578,108.87076420692247,104.1038377809666,104.58334631493956,884054500,0.020408195660540834,0.017125638810345793,0.12349473771155572
2007-09-22,108.1047821044922,108.53697493628071,106.60982107758797,107.99141756903092,653372500,0.008738155860621571,0.01698446645918038,0.12247672940994633
2007-09-29,110.4216079711914,110.59873598474093,108.04808826521332,108.11894379504751,591641100,0.021204877617124467,0.017182252228026548,0.12390298287221017
2007-10-06,110.76173400878906,111.60486541249294,109.49349088204517,110.09573068784512,625121600,0.003075514662643991,0.017161552127032017,0.12375371232112405
2007-10-13,106.04306030273438,110.86802850345738,106.03597906999524,110.7192469386392,989902300,-0.04353611283648118,0.018977089871389338,0.13684574118076515
2007-10-20,108.84170532226562,108.84170532226562,105.32748877810582,105.4691891400237,1182627600,0.02604934105545707,0.019600607130890627,0.14134198808130252
2007-10-27,107.12704467773438,110.01069458025084,105.7171122898447,109.0612799963648,1125046000,-0.015879118374045136,0.019815613781516497,0.14289242308809721
2007-11-03,102.83349609375,107.771828712716,102.65636798205406,106.02180210427682,1363536200,-0.04090432614038709,0.021410543855850794,0.15439362741568102
2007-11-10,103.29399871826172,105.85172843628652,101.81321067388926,102.883071116841,1236645700,0.004468141341991624,0.021286157355080777,0.15349666360267733
2007-11-17,102.11786651611328,103.10977926849822,100.37492175287898,102.9326512190696,1019214300,-0.011451578552299536,0.02135893061416953,0.15402143903693158
2007-11-24,105.32743072509766,106.1847244693678,99.65933288409413,102.3304162077192,1189044700,0.030946185703597084,0.02205348141933071,0.15902991611977846
2007-12-01,106.9216079711914,107.3396276889937,103.66244663443584,104.99445339466412,757531800,0.015022044241210073,0.021920266372417705,0.1580692887551621
2007-12-08,104.27173614501952,108.32442667607236,104.2221459142012,107.18372163479631,1093400500,-0.025095591032098307,0.022299168117711238,0.16080158809719935
2007-12-15,104.95198822021484,105.15745214343708,101.99749160049424,103.8750459044146,982654100,0.006502651401182758,0.022228386908959296,0.16029117754221045
2007-12-22,104.91779327392578,106.61299527116972,104.63287761207133,106.00045105213032,352074300,-0.0003258682250318798,0.0222282769191894,0.16029038439470017
2007-12-29,100.65129852294922,105.1386207139714,100.36639366286872,104.7753653871052,670526600,-0.04151506894078944,0.02333509855737883,0.16827178873327026
2008-01-05,99.82501220703124,101.78376208590814,98.07994630680648,101.00738746961014,1465959400,-0.008243278139574506,0.02315922690654197,0.1670035602232847
2008-01-12,94.062744140625,101.04301974774695,93.37896833958324,100.54443096189976,1535562300,-0.0594567247788107,0.0256268615276616,0.1847979265343986
2008-01-19,94.76074981689452,97.41040497912412,89.74635507722354,90.60820434292351,1477389900,0.0073932416041487025,0.023532980656039655,0.16969873683970632
2008-01-26,99.4190444946289,99.4404118103946,94.06274968479995,94.91747492069092,1272366500,0.04798839776508747,0.02551675659551565,0.1840039485773312
2008-02-02,94.78209686279295,99.21955102978409,93.82764355278218,99.15544911991898,1181381300,-0.04776315005605884,0.02707361548887951,0.19523061771470224
2008-02-09,96.25652313232422,97.62408528267052,94.0484736239545,94.80349174396186,996516000,0.01543620390683528,0.02730662538258876,0.1969108759536205
2008-02-16,96.5984344482422,97.58849321360366,94.63256541679353,97.3819388820191,771817900,0.0035457908724197042,0.026781408351090406,0.19312348207799188
2008-02-23,95.31629943847656,99.1055830206412,94.57553004331298,96.54139798878956,994469800,-0.013361705578919487,0.026855737440564062,0.19365947676470352
2008-03-01,92.3888931274414,95.99299111116352,91.5840215296629,94.8319831771529,1317024300,-0.03119406179423047,0.02737809745054534,0.1974262683651823
2008-03-08,92.31766510009766,95.2807221411075,90.8788712026542,92.48148477797297,1642477300,-0.0007712561108605188,0.026973358360256848,0.19450765327874267
2008-03-15,94.07697296142578,95.90750802122815,89.7962128112898,90.15234913646098,1331020000,0.018877797414573686,0.0269174181847932,0.1941042629367574
2008-03-22,94.1347198486328,97.21265764448944,93.81261249234883,95.42316019599438,1004908100,0.0006136376349087798,0.026798333050077613,0.19324552781803223
2008-03-29,97.98572540283205,98.75163558120438,93.83408898746868,93.97724660408964,1012481800,0.04009486279379072,0.02778421219680599,0.20035480344791193
2008-04-05,95.47327423095705,99.18827279302086,95.208421173522,98.68720475463212,914734500,-0.025975451570124437,0.028046288024169645,0.20224465911515052
2008-04-12,99.1238250732422,99.89688916829658,94.7216663643696,95.33725383327084,920376400,0.03752346956725426,0.028178662119576967,0.20319922229221907
2008-04-19,99.92552185058594,100.13309870719796,97.9928562560695,98.94487001838856,894231800,0.008055300102824956,0.027663257079641998,0.19948258369398286
2008-04-26,101.29268646240234,101.90827388070026,98.96634031172884,100.12594182009936,808385200,0.013589084824544176,0.027730310824452813,0.1999661151242374
2008-05-03,99.4244613647461,101.78659988411536,99.102354048974,100.96343553022837,828021000,-0.018616038255073807,0.02681384211428828,0.19335736527052427
2008-05-10,102.11585998535156,102.26617161772518,99.30276500647844,99.67498344272757,860072700,0.026709877291606128,0.027354458035541068,0.19725580211934254
2008-05-17,98.52257537841795,103.28979941017032,98.43668299226152,102.22325495241472,949138100,-0.0358223372907906,0.02815273495590139,0.20301225885609978
2008-05-24,100.4623565673828,100.87751022105824,98.4437988972154,98.63706761338976,640900200,0.019497382238151516,0.027713020096601898,0.19984142991252427
2008-05-31,97.55620574951172,100.84888433187425,97.506105517123,100.09013941284668,1321816700,-0.02935441467985644,0.02799938225144946,0.20190641677783477
2008-06-07,97.45599365234376,98.42232631597116,95.57345040155646,97.96421556128024,1269907600,-0.0010277521744412239,0.027653450910188934,0.19941187040042505
2008-06-14,94.18482208251952,98.15034324631102,93.92713403749964,97.0265446348524,1236913800,-0.03414188474956747,0.028260453024331667,0.2037890248941384
2008-06-21,91.7424087524414,95.96516023499906,91.38991455706731,95.02277544212224,1321449300,-0.026274299092338225,0.02857593901359517,0.20606402671609847
2008-06-28,90.86478424072266,92.9150193344298,89.91520392414968,92.00140468450132,1174881700,-0.009612231091940364,0.02762149324880183,0.1991814204268748
2008-07-05,89.0879135131836,91.89349336551824,88.11675273425976,91.21008535142342,2002730700,-0.019748839557379754,0.02778497086019985,0.20036027424744668
2008-07-12,90.62738800048828,90.94391109529572,86.33988342396592,90.10943413280492,1839386900,0.017132788708549375,0.025693077530876202,0.1852754169240917
2008-07-19,90.2677001953125,92.90781492978104,89.81448780798465,91.0086598583963,1299231100,-0.00397676114692254,0.025633569907623544,0.1848463013502548
2008-07-26,90.75690460205078,92.51219203368856,88.7858011624995,90.28930691052426,1347509900,0.005404851988924226,0.023600391707012808,0.17018484484133956
2008-08-02,93.06607818603516,93.46892875834033,89.74974531600462,90.67054976037494,1156496800,0.02512520496426979,0.022433185487736807,0.1617680010960594
2008-08-09,93.6415786743164,94.60554406006544,91.84313087544687,93.13801548600378,1139575900,0.006164742470342062,0.022239232232254307,0.16036938428068875
2008-08-16,93.26750183105467,93.86458783909168,90.8863586155493,93.82861668644276,940772100,-0.0040027733453200575,0.02222597723705166,0.1602738011509704
2008-08-23,92.6488265991211,93.76386636507068,91.059004984237,92.65602741508532,858819800,-0.006655440335283109,0.022119659778714898,0.15950713505595
2008-08-30,89.5051498413086,94.03005070613489,87.76425366774471,93.54086719084218,1133857800,-0.0345201240221071,0.02230951858718051,0.16087622639399252
2008-09-06,90.7065200805664,92.2531919362274,87.47650903115436,92.10930731571538,1713539300,0.01333307701015391,0.022491593750040062,0.16218918906534965
2008-09-13,89.28933715820312,92.08052613070645,81.86534495845201,87.49807922164925,2966649400,-0.01574716473217447,0.022311783476644077,0.16089255874418082
2008-09-20,87.44017791748047,90.26199696263603,85.22613791475932,90.04493183601043,1503425700,-0.020927197425676766,0.0226084675765441,0.16303197821378965
2008-09-27,79.83574676513672,86.3476349718929,79.3582111671432,86.2029285531545,1947635500,-0.09098351999964013,0.026865817861112164,0.19373216771103238
2008-10-04,64.03358459472656,77.86773502777362,60.473752742104416,77.52766878002765,3281575900,-0.22056365359018984,0.04959649508887574,0.35764541225247876
2008-10-11,67.44146728515625,76.35552011782102,62.61543501693029,67.91900849128687,2671940000,0.05185236533999088,0.05028253720868205,0.36259253233265815
2008-10-18,62.97721481323242,71.70314598172723,60.77764233304148,68.9898583775736,2374443200,-0.06848707901219031,0.05112381699887522,0.3686590871737642
2008-10-25,70.06069946289062,71.31966326640604,60.56057234685468,62.203018738520015,2394474300,0.10658901014692895,0.056387091736453905,0.4066131010601527
2008-11-01,67.91175079345703,72.97655211950529,65.16228500838126,70.02449516461884,1798169800,-0.031152921610994703,0.05648008008570499,0.40728364958264374
2008-11-08,62.67332077026367,69.1200885111265,59.3956650817285,68.88855488281688,2468096000,-0.0802732288489168,0.057237459298602425,0.4127451887567883
2008-11-15,57.53618621826172,64.077021203752,53.788230046847154,62.49969589176208,3030111200,-0.08552177563306489,0.0586421700954742,0.4228747023674264
2008-11-22,65.18399047851562,65.21293286282972,58.14391971992518,59.27264510719789,1465860000,0.12479981857748357,0.06483758970785142,0.467550508538309
2008-11-29,63.62113571166992,63.97567023323383,59.2292299569343,63.31724897890086,2275378100,-0.024268156323787576,0.06480535030553886,0.4673180269020525
2008-12-06,64.38809967041016,66.84091036625331,61.64587062716986,65.36488176270414,1959958100,0.011983090658687141,0.064979135893637,0.4685712125997016
2008-12-13,63.80928421020508,66.87710619966117,62.43455086165822,64.40982094271898,1592338100,-0.009030128008614259,0.06488434276737666,0.46788764964511514
2008-12-20,63.57596969604492,64.6773850353553,62.35783943484085,64.61174019586366,602214000,-0.0036631363191749118,0.0648783743550841,0.4678446108120073
2008-12-27,67.80657958984375,68.15670207420108,62.43807192975213,63.634314940043495,717605700,0.06442367035525351,0.06668311420769188,0.4808587749669086
2009-01-03,64.98372650146484,68.89340018008673,62.26300552073066,67.56586210327904,1444297800,-0.0425223573018311,0.06694814471385263,0.48276993712595817
2009-01-10,62.04418563842773,64.85244451747434,59.60793641708246,64.80138000366588,2001666900,-0.04629007423120462,0.0669945433213818,0.48310452224307127
2009-01-17,60.62182235717773,62.04418269558751,58.38980903690153,61.43877106424332,1598956800,-0.02319186964584857,0.06697895415358945,0.482992107155437
2009-01-24,60.41762924194336,64.15224182038733,59.96538856532978,60.97198231842381,1599551600,-0.0033739959367833426,0.0668924099399056,0.4823680279553733
2009-01-31,63.44468688964844,63.70727186410014,56.697580301011286,59.49853863525176,1673389500,0.04888751647028689,0.06763006011618837,0.48768729902325847
2009-02-07,60.36651611328125,63.99900746865486,59.11921446245971,63.4300634417896,1864031100,-0.04973387145442635,0.06782726115696042,0.4891093359514154
2009-02-14,56.4714241027832,60.51239218118394,55.26788576460325,58.47002931988445,1635919000,-0.06669984011982023,0.06846244717311967,0.49368972745285516
2009-02-21,53.92575073242188,58.112599004145736,53.838218767418816,57.09141500579708,2101752900,-0.04612662814985248,0.06860837241487733,0.49474200933593865
2009-02-28,50.27139663696289,53.91848006503636,48.94385849174445,52.89729559217425,2308986100,-0.07017185393522558,0.06924653103863307,0.49934383661560033
2009-03-07,55.50132751464844,56.15051365516139,49.40340754109727,49.563874579472746,1889958900,0.0989706796180233,0.07294175100199173,0.5259904467196159
2009-03-14,55.953556060791016,59.08275446507561,55.03448943313206,56.13591024123878,1990331000,0.008115050922655766,0.07313278941917165,0.5273680443370673
2009-03-21,59.95377731323242,61.19531669900762,57.5294708971266,57.84536530159081,1936336900,0.06905189664375912,0.07509028260347012,0.5414837284317862
2009-03-28,61.90055465698242,62.15767664995561,57.27233636410858,58.62407222048622,1826242100,0.03195525296763975,0.07394441770576822,0.5332207791449491
2009-04-04,63.039249420166016,63.04659736537644,59.8803111653218,61.22469368715021,1023870700,0.01822839888950685,0.060285648075028356,0.43472599061818334
2009-04-11,63.97223663330078,64.39097979581183,61.42304354027195,62.38541689862343,1350024300,0.014691647562680274,0.05942669847257144,0.4285320169487877
2009-04-18,63.663692474365234,64.14120239575114,60.79125697703082,62.8408964044867,1360782900,-0.004834763410414609,0.057870184175874625,0.41730783273332145
2009-04-25,64.56732177734375,65.3974605505333,62.26790726799011,62.943772761463485,1386543700,0.01409400473594115,0.05378083862882629,0.3878191426273752
2009-05-02,68.30657196044922,68.48288332590482,64.92723622605375,65.05212881455384,1438907000,0.05629755595526485,0.05468583646822157,0.3943451748556228
2009-05-09,65.16969299316406,67.66746165402071,64.75829778014275,67.36625758388767,1331575400,-0.047011454444401586,0.053093283805906784,0.38286111428991754
2009-05-16,65.3974380493164,68.17437294327733,64.83911749716106,65.78680069349976,1159072100,0.0034885546661802347,0.05003936778431249,0.3608390126762791
2009-05-23,67.97602081298828,68.83554551776088,64.88319698110462,64.91258315966614,1030070800,0.03867192374461834,0.04430898718573521,0.3195166505240903
2009-05-30,69.45997619628906,70.2827665894022,68.14497443033669,68.8134916247411,1236792000,0.021595696736581266,0.04415007043637283,0.3183706855473781
2009-06-06,69.84933471679688,70.60601044363202,68.3506735469703,68.93838018298665,1219567000,0.005589856583111202,0.04411801415744242,0.3181395244326097
2009-06-13,67.61604309082031,69.07062235093781,66.72713229745075,69.02654588997665,1102335400,-0.03249528248153066,0.044613966963513225,0.3217158909776068
2009-06-20,67.85021209716797,68.14572809730176,65.64124000095347,67.33306332430801,1098791100,0.0034572335267410827,0.044598204704000895,0.32160222770782904
2009-06-27,66.35047149658203,68.87712780890234,66.31353552133818,68.0496841797596,782720500,-0.0223516452913541,0.0429971594902652,0.3100569264829085
2009-07-04,64.98370361328125,66.43911489996205,64.27446877217488,65.70771735077383,956936900,-0.02081434213627213,0.042361352290721604,0.30547205556438134
2009-07-11,69.54205322265625,69.82279603107546,64.71038313857677,65.24231094768649,989515000,0.06779512710272555,0.04327351244896008,0.31204973600830965
2009-07-18,72.44549560546875,72.50459995427967,69.58639177887659,69.94839605146689,990764400,0.04090284245398942,0.043464752135490475,0.3134287849996877
2009-07-25,72.99956512451172,73.75313126310654,71.64758876379628,72.31249276826318,973277300,0.0076189895555714765,0.043414727001889857,0.3130680486311697
2009-08-01,74.76526641845703,75.37846118029431,73.36895898605606,73.76790477195624,951062600,0.0238999405087304,0.042727873290658684,0.3081150760819963
2009-08-08,74.4623794555664,75.06818487152849,73.4797909039144,74.4254378325869,883317700,-0.004059400348363576,0.04124449633105556,0.2974182927046144
2009-08-15,76.07290649414062,76.19110949590676,72.48240083608682,73.02910169681368,1002678100,0.021398152338989264,0.03837501554303863,0.2767261724743067
2009-08-22,76.37582397460938,77.09244850987584,75.31197416605347,76.38321342533877,944464800,0.003974029540287135,0.0365837854615088,0.26380942866408796
2009-08-29,75.40065002441406,76.27241949499611,73.56107073792784,75.62967798095343,955393600,-0.012850309981621682,0.03288725601297521,0.237153375728187
2009-09-05,77.40274810791016,77.79431013770844,75.64443624567511,76.09509697967866,602784100,0.026206389245342538,0.028281613791282873,0.2039416173546798
2009-09-12,78.84339141845703,79.8333638187489,76.20592065305945,76.74523229306905,935766000,0.01844121259331727,0.028285799994578673,0.20397180449594488
2009-09-19,77.53388977050781,80.19134764946548,77.26665905288372,78.6028126410042,953661900,-0.01674836969042075,0.026453570425584397,0.19075940917708456
2009-09-26,76.07897186279297,79.44161852931656,75.70781870907783,77.83081520139626,1012992100,-0.01894322388860793,0.02663803926831413,0.19208963291945969
2009-10-03,79.61979675292969,79.61979675292969,76.16064574551301,76.38333996078887,829880500,0.04549086060531376,0.027579464667846994,0.19887834801953952
2009-10-10,80.8297119140625,81.43840269809938,79.24860193760412,79.99090804805624,833088300,0.015081854787542592,0.02758280252961945,0.1989024176830815
2009-10-17,80.22846221923828,81.8838020133252,79.79792322773643,80.9633438334588,1044308000,-0.007466277214767757,0.02764035092653472,0.19931740507487905
2009-10-24,76.87324523925781,81.14150683201846,76.7841721001256,80.31754631495683,1267834600,-0.04272044271775313,0.0294024988046649,0.2120244341339759
2009-10-31,79.52326202392578,79.72368787155928,76.51692527954562,77.29634339993444,1081551600,0.033891683224435656,0.02819451355741471,0.20331352863604668
2009-11-07,81.3716049194336,82.26237006384456,80.07256911354871,80.13194930338855,808969200,0.022976795303598894,0.026217676474703182,0.18905835370613655
2009-11-14,81.2306137084961,82.90822825657749,80.91884628708763,81.93580273263669,857473700,-0.001734186008800752,0.026277863992779777,0.18949237207127273
2009-11-21,81.33450317382812,82.94530652739992,80.38435199132213,82.18815657363663,521996900,0.0012781275770268178,0.02556492000431225,0.18435125985736578
2009-11-28,82.40340423583984,83.42035999901682,80.25813999510702,81.26767677466908,895036300,0.013056429797365047,0.025423038350163046,0.18332813669920056
2009-12-05,82.47766876220703,82.78943610689893,80.92624536216627,82.32920973997719,715769500,0.0009008254257311151,0.025446905818867563,0.1835002474636599
2009-12-12,81.8095703125,83.23479693900428,81.11922528038899,83.04180139354969,740889800,-0.008133341779045632,0.024384070595408047,0.17583603367255488
2009-12-19,83.94415283203125,84.03370553611786,82.66051093095653,82.66051093095653,361207700,0.025757497246181413,0.024633370105899145,0.17763375800860232
2009-12-26,83.16798400878906,84.35460270141921,83.13066659208162,84.25758538935358,331857300,-0.009289264313603385,0.02411334430552596,0.1738837986329829
2010-01-02,85.50391387939453,85.54123129793861,83.22022907169546,83.86204995255079,604092800,0.02769968507914175,0.0236108269702632,0.17026009459478408
2010-01-09,84.80985260009766,85.92930683789604,84.48147753498175,85.88453049041247,759533100,-0.008150428891540336,0.020773423841506957,0.1497992896549989
2010-01-16,81.50373077392578,85.9218421280944,81.41417238521095,84.79492896275255,1046464900,-0.03976292680435713,0.021612717483804042,0.15585152217994505
2010-01-23,80.14546203613281,82.44407616431026,80.01859191905623,82.25003583041506,1296751500,-0.016805536502478804,0.02200047464438141,0.15864767882972508
2010-01-30,79.60064697265625,82.5336110533721,78.04833602411388,80.71263637704125,1427225100,-0.006821038449323709,0.021688924919286867,0.1564010618123549
2010-02-06,80.63053131103516,80.78725416935039,78.9662740547294,79.6603356808893,1330712600,0.012855157556385019,0.02174071700847834,0.15677453987884143
2010-02-13,82.94408416748047,83.26499456608053,80.46635935520953,81.24251487028498,744556100,0.028289317869039533,0.02201350603830204,0.1587416495476683
2010-02-20,82.64555358886719,83.27245077355495,81.30221223968599,83.25006260514421,949418600,-0.003605671297888002,0.02205473080942066,0.1590389255998432
2010-02-27,85.26506805419922,85.33223255200993,82.9664547873989,82.9888429533358,771376300,0.0312038271718165,0.022473829303561073,0.1620610878200292
2010-03-06,86.16810607910156,86.54872203721467,84.98148756017619,85.27254514760459,778142600,0.010535258206900546,0.022081492560396633,0.15923190733057332
2010-03-13,86.5487289428711,87.6756476650935,85.52629214786526,86.01885468517608,916108100,0.004407485580472231,0.02188825155942753,0.15783842665554115
2010-03-20,87.36225128173828,88.55375632056256,86.35808451668589,86.4105406054904,992696800,0.009355686129746228,0.021513685697154856,0.15513739381061614
2010-03-27,88.27649688720703,88.6137138071701,87.38473759948943,87.80438633851641,602579900,0.010410616930701054,0.020993213231187722,0.15138421348359277
2010-04-03,89.5879135131836,89.62537888717273,88.12662671274748,88.61372231289285,692518600,0.014746518294149441,0.01947432641641716,0.1404313648990299
2010-04-10,89.44554901123047,91.10166982569224,88.98842904464972,89.70033419009211,908333600,-0.0015903678558440504,0.01938751035878674,0.13980532540438967
2010-04-17,91.28150939941406,91.31898049481272,88.77859573697418,89.18325955467675,861261700,0.02031819214410162,0.019501597040230672,0.1406280161639769
2010-04-24,89.03337097167969,91.51380970475016,88.61372219294014,91.31147495979658,1263760600,-0.024936987151922958,0.01801765639882103,0.12992716801928214
2010-05-01,83.37561798095703,90.43474213730596,78.68452022211234,89.46055055240268,2156989900,-0.06565533791838274,0.02192830233906297,0.15812723693473693
2010-05-08,85.34642028808594,88.18655561833712,84.58205939021859,86.78522063541526,1529670400,0.023362590529825148,0.021943316966305547,0.15823550895154712
2010-05-15,81.764404296875,86.34309146912621,78.95424469282317,85.57872485514487,2112367000,-0.042876513197362014,0.02362959944475029,0.17039546483344514
2010-05-22,81.95924377441406,83.03085153400198,78.21985393826743,81.32226968921451,1614851500,0.002380102957795115,0.0236325018675471,0.1704163945018791
2010-05-29,80.04832458496094,83.22567644985718,79.77854883331767,81.19486867080299,1143247000,-0.023591586947315977,0.02393189116891554,0.17257532145669763
2010-06-05,82.19153594970703,82.24399202572458,78.42217668324784,80.33308149584447,1422425500,0.026421818162085962,0.024533698958797187,0.17691501914548147
2010-06-12,83.72776794433594,84.24483340363209,81.98172080606456,82.82101811612631,1099031200,0.01851835030526666,0.02474198266499782,0.1784169743105816
2010-06-19,81.21976470947266,85.23293671224623,80.39152484081878,85.17270578546835,1214386100,-0.030412052783167335,0.02493542007093299,0.17981187128196557
2010-06-26,76.95059204101562,81.55859447452478,76.14494514806974,81.34024082669085,1443279800,-0.05399507120524808,0.02696903913128725,0.19447650687570195
2010-07-03,81.28752899169922,81.29506001194476,76.70964524491689,78.03482332835078,866546700,0.0548290557558596,0.02867474127962554,0.20677649998870754
2010-07-10,80.30872344970703,82.8913066465581,80.15060071834121,81.01648437985996,1043767600,-0.012114359061904908,0.02871955710377479,0.20709967149255212
2010-07-17,83.13223266601562,83.25270025931447,79.67622990276932,80.60235001740595,1206200500,0.03455425391728284,0.028518455226757607,0.20564950523419712
2010-07-24,83.02685546875,84.54780049352176,82.0555660030389,83.27532753880989,992577200,-0.0012683893800359161,0.028297569110468882,0.20405667279756293
2010-07-31,84.62306213378906,85.16518072411603,83.51623763595244,84.3218845008868,873294300,0.019042716190381698,0.028452704022502034,0.20517536655746316
2010-08-07,81.55106353759766,85.217889429639,81.01647594868979,85.02212309957171,1035364700,-0.03697746099511958,0.02938027446847349,0.21186417216657333
2010-08-14,80.96379089355469,83.11720383878504,80.37649749839863,80.9939092400354,978649500,-0.007227341801083821,0.028854434474442175,0.20807228604423417
2010-08-21,80.45933532714844,81.74686470166516,78.52427575335597,81.34780659514391,1213491400,-0.0062501231439185964,0.028868902554108632,0.208176616850424
2010-08-28,83.49365234375,83.56894531768027,78.67482733389897,80.2484774881243,1066309300,0.03701870355471543,0.029149775387227978,0.21020201965381727
2010-09-04,83.93787384033203,84.08845975802576,82.48469733109782,83.10210878481737,566735000,0.005306318935690026,0.029086357243929852,0.20974470491890504
2010-09-11,84.69833374023438,85.30068885409123,84.31433795602261,84.76610141917321,952735300,0.009019000908608365,0.029134725099672725,0.21009349048683537
2010-09-18,86.91557312011719,86.97613229983551,84.91716639134242,85.44704477577466,1086292800,0.02584129460563542,0.02954183622019658,0.2130292105265561
2010-09-25,86.75658416748047,87.64981159308428,85.6741136921745,86.94582721718264,979380500,-0.0018309094507001288,0.029463457251702373,0.21246401174690843
2010-10-02,88.21754455566406,88.45977543874443,85.67411739570036,86.57491619929912,887034000,0.016699546964822204,0.029506785915684806,0.21277645918628044
2010-10-09,89.09562683105469,89.7390578299208,87.54383726527783,88.3537972991878,941124800,0.00990439059446331,0.029577272284968613,0.21328474362362856
2010-10-16,89.58766174316406,90.14781957303124,87.823915071489,89.12590822353685,951659200,0.005507355049176519,0.029308684828398265,0.21134793193040685
2010-10-23,89.6936264038086,90.65498424665638,88.76255391454238,90.18565944520606,813034100,0.0011821052166581555,0.028890076727619635,0.20832930598704297
2010-10-30,92.89566040039062,93.04705258096604,89.20920247343999,90.13270979057796,954817000,0.035077220182563165,0.026334904283158503,0.18990369545472843
2010-11-06,90.98802947998048,93.0697024202692,90.57169835706544,92.60794905149524,961202500,-0.020748978450625816,0.026468793246611874,0.19086918250062812
2010-11-13,91.0561981201172,91.63149868177328,89.01236945709174,91.2757207788444,990392500,0.0007489239754716469,0.024810553104002476,0.1789114427782063
2010-11-20,89.92831420898438,91.01835042604978,89.31516270069206,90.6020191138844,619723900,-0.012464033504054789,0.025022553462443958,0.18044019910376133
2010-11-27,93.0242919921875,93.13026761401244,89.12588489573564,89.70118525366976,1021112700,0.03384781910290934,0.025064263585341796,0.18074097507738945
2010-12-04,94.22789764404295,94.3187306076934,92.6609654934404,92.82749451854598,688927500,0.012855627808920819,0.024756641162642753,0.17852267824034174
2010-12-11,94.09165954589844,94.79564401849532,93.6753224692722,94.65938877298494,767995900,-0.0014468823519441425,0.024638183207263502,0.17766846577612871
2010-12-18,95.57571411132812,95.74312473258222,94.34297372866035,94.84519978681084,362982800,0.01564934257281621,0.023665099747553757,0.17065146115754995
2010-12-25,95.68984985351562,96.03227641742684,95.14957386314327,95.21805685368102,339304000,0.001193479404963194,0.02027685765234768,0.14621849994164787
2011-01-01,96.74757385253906,97.27263333404647,95.65179956264922,96.42036379684204,688663800,0.01099302443872744,0.01794927407836892,0.12943405609383155
2011-01-08,98.3912353515625,98.41406301501488,96.03227616422056,96.32144204958082,587344200,0.016846473324705125,0.017631015374738677,0.12713905994422847
2011-01-15,97.68356323242188,98.64997709370722,96.73998284494095,98.29993349605527,593568300,-0.0072184206951142246,0.016988049319002708,0.12250256577955072
2011-01-22,97.18892669677734,99.19023697962126,97.02912724929742,97.62266390735772,841489200,-0.005076525661488801,0.017071262924369442,0.1231026276214827
2011-01-29,99.79900360107422,99.83705358181902,97.21176746756213,97.45527805534977,715288600,0.02650141720637716,0.0173584561467085,0.12517360739970113
2011-02-05,101.29048919677734,101.41984985800543,99.91316564997932,100.01969864223926,658367400,0.014834320041730674,0.014999944927085595,0.10816614112748613
2011-02-12,102.37101745605467,102.4927727361815,100.6893176427908,101.22958783011676,591262500,0.010611120536253285,0.014663752770597368,0.10574182501023188
2011-02-19,100.69693756103516,102.39385993260788,98.69562694511072,101.29808547539032,862818700,-0.016488252135397518,0.015217316663426026,0.10973363100991025
2011-02-26,100.803466796875,101.7318305879978,99.19024980105944,101.06980504937988,1054110800,0.0010573601189969761,0.014129132586541332,0.10188662403720783
2011-03-05,99.5631103515625,101.32852728600744,98.53583053492294,101.10023901190176,1072125000,-0.012381029884668243,0.014642736883995462,0.10559027729674687
2011-03-12,97.21941375732422,99.2892022509776,95.33224665928212,98.91634249411914,1547968900,-0.023821296450687812,0.01579383538506513,0.11389096663417973
2011-03-19,100.34718322753906,100.78280468145,98.06969525847352,98.85688089311137,746906900,0.03166558383033417,0.016134425370619123,0.11634699594782864
2011-03-26,101.76106262207033,102.2349110455643,99.6899276404204,100.56118227501938,661783400,0.013991536604189982,0.016144196081486466,0.11641745354588853
2011-04-02,101.5394287109375,102.41068331144892,101.1190840217293,101.97505018036108,660648900,-0.0021803587141665227,0.016074475262943904,0.11591468957344347
2011-04-09,100.91275787353516,101.9903659119338,99.56002777767377,101.646451678438,775858900,-0.006190823121952237,0.016203841039975884,0.11684755945820156
2011-04-16,102.24256896972656,102.28842264425572,98.979179746287,99.80458087281272,627087300,0.013091757034209794,0.016285331055974833,0.11743519232044675
2011-04-23,104.267822265625,104.3748296925957,101.79926961211778,102.16611057007516,595273300,0.01961468588259473,0.016508451639441812,0.11904413772905002
2011-04-30,102.56353759765624,104.84102575557466,101.66171773238364,104.75696847542044,897019400,-0.01648031751748523,0.015936504086580643,0.11491976527161582
2011-05-07,102.4412612915039,104.02328286563926,101.94449765435944,102.55590712738277,751471200,-0.0011929117885554046,0.015174402723263898,0.10942417418653676
2011-05-14,102.11266326904295,103.1979098389538,100.9739129621988,102.0744479800433,771663900,-0.0032128281657089874,0.015233977588046985,0.10985377464594527
2011-05-21,102.03619384765624,102.31132749737884,100.40833044332344,100.86687875175144,752721600,-0.0007491535935410332,0.01488423525103157,0.10733174678732589
2011-05-28,99.6746826171875,103.11384898794846,99.41483729019744,102.99921477359102,832982500,-0.023415882900902713,0.014657999312987441,0.10570033623738428
2011-06-04,97.51943969726562,99.6287960068822,97.25959445614724,99.422442827563,939901900,-0.02185996944528347,0.015260482195830215,0.11004490209074226
2011-06-11,97.0990982055664,99.17788340276722,96.54118662789874,97.7410729001434,1210445900,-0.004319651661534422,0.015291689183978814,0.1102699388825874
2011-06-18,97.3961410522461,99.700284485588,96.91995515958888,97.25021595275749,1089755100,0.003054502297985075,0.01501293171786116,0.10825979020757616
2011-06-25,102.85696411132812,102.9952188150244,97.2655768397422,97.4575887974738,1004464900,0.05455273486992858,0.018354647622661355,0.13235724629315745
2011-07-02,103.22561645507812,104.22408090824275,102.23483998014366,102.7494305839678,673832300,0.0035777185628014917,0.018279348746700022,0.13181425837663066
2011-07-09,101.14422607421876,102.31933838007004,100.36849022352656,101.95835494290208,1060781500,-0.020369564530626546,0.01856529140671424,0.13387622022167833
2011-07-16,103.3638687133789,103.54820439437438,99.56203465387254,100.67570155945822,871838100,0.02170798965740978,0.018912743432146523,0.13638173240859816
2011-07-23,99.33161926269533,103.29474855908482,98.2870738292162,102.38076983985572,1031930400,-0.03979152689259553,0.02059560711740524,0.14851703502223135
2011-07-30,92.22718048095705,100.58354422729184,89.75406564749366,100.4913705227948,2219616500,-0.07420905568321459,0.024647899588312792,0.17773853159629904
2011-08-06,90.72181701660156,92.25791276511316,84.69263651590133,89.79247979192087,2884411300,-0.01645701763904291,0.02450401467188456,0.17670096270840335
2011-08-13,86.5129165649414,93.08740483372225,86.40539032575971,91.54363274558186,1732344500,-0.04750414138123989,0.025715910936247605,0.1854400709518118
2011-08-20,90.6065902709961,91.70489874262238,86.33624683210128,88.45605431572787,1479958200,0.04623322346121914,0.02761093480184991,0.19910528238312597
2011-08-27,90.51443481445312,94.86158830751036,90.19185613496728,91.82779588927964,1244224400,-0.0010176120022730617,0.02759854462141056,0.19901593552135333
2011-09-03,89.03208923339844,92.88769202323284,87.84929505554727,87.85697717338252,1125697000,-0.016512480766471337,0.027659711785988937,0.19945701821787748
2011-09-10,93.33318328857422,93.67880837815213,87.59587008678143,87.91844881592819,1509003200,0.047178848944716356,0.02912151698941641,0.20999824544927312
2011-09-17,87.65531921386719,94.17889833912577,85.92599275443568,92.2797262123288,1597854300,-0.0627634103707646,0.030658654054624285,0.2210826984613196
2011-09-24,87.35421752929688,92.3028713538895,87.22297531251056,88.48136800121648,1445625600,-0.0034409779863300194,0.030411764712999816,0.21930235410013446
2011-10-01,89.33060455322266,90.51951833669044,82.93826765488289,86.84469445052243,1678881000,0.02237282680985803,0.030908129138671848,0.22288168887628793
2011-10-08,94.6266632080078,94.64982290770794,90.84375715218242,90.85147901543442,1145235600,0.057595143107907,0.03324680488418869,0.23974611951057784
2011-10-15,95.7074966430664,95.82330103439614,92.02495116110566,94.17889163563711,1288845800,0.011357341781077236,0.03321604992957082,0.23952434237887923
2011-10-22,99.28196716308594,99.91501865181176,94.34874448092025,95.86190587678873,1379992900,0.03666732477464964,0.03383363076808025,0.24397778113885882
2011-10-29,96.87323760986328,99.29737818801446,93.81602800621124,98.1702336601821,1430006500,-0.024560659900113253,0.03400971757348216,0.2452475611504773
2011-11-05,97.78424835205078,98.83419808832528,94.8505642259797,96.80377772520808,1180816400,0.009360209180555806,0.03408504949456882,0.24579078735879165
2011-11-12,94.17115783691406,98.39410926893456,93.59214187992136,97.4213667020264,1126550200,-0.037649549649862335,0.03480406509029593,0.2509756825552964
2011-11-19,89.81696319580078,92.91277053310591,89.7088806754011,92.79696614980466,769992600,-0.04734009742503869,0.03586081098890173,0.25859598560041536
2011-11-26,96.39459228515624,97.66070690745556,91.73158233154298,92.287438680856,1132431500,0.07067624621664792,0.038563959992573595,0.27808867027633194
2011-12-03,97.31331634521484,98.24746169098178,95.460463492677,97.92320817149646,1091882700,0.009485735046956928,0.03838462637473035,0.27679547716723535
2011-12-10,93.87010192871094,96.9427504363542,93.64622085174896,96.46409493203126,1119195300,-0.03602390626496567,0.039022932105830826,0.28139836525304596
2011-12-17,98.19461059570312,98.22568800960175,93.2534144066235,94.83055611566236,815204600,0.04503939973886259,0.040065135345747876,0.2889137996949972
2011-12-24,97.50318145751952,98.5287126907332,96.90495737456666,98.02371494790104,424289000,-0.0070663241318919216,0.03852114959683372,0.2777799601224059
2011-12-31,99.22014617919922,99.74068547705184,98.22569259763566,99.25899443023972,642829400,0.01745607235044471,0.03869808600728759,0.27905586672318183
2012-01-07,100.09806823730467,100.76621789754942,98.98708167639386,99.4454602495743,625172800,0.008809307650913279,0.03855246515285179,0.2780057798082915
2012-01-14,102.5143051147461,102.5143051147461,100.14470336650618,101.06147256878069,560163500,0.02385196312932835,0.03860390211889115,0.27837669704530993
2012-01-21,102.41332244873048,103.64084228865975,101.46548166992967,102.17246794360382,751131900,-0.0009855447544087094,0.03775757086591851,0.27227371558806884
2012-01-28,104.5264892578125,104.58864408873002,101.04590171018458,101.39551226112648,744447200,0.020423718822227665,0.034631865913897185,0.24973393663509968
2012-02-04,104.38668060302734,105.34228621906227,103.82729881441536,104.09144803269731,699094400,-0.0013384381247920083,0.03438647021477647,0.24796436308318354
2012-02-11,105.97935485839844,106.15027771458377,104.30120964575585,105.13251734218665,792803700,0.0151422227773091,0.03268413239496337,0.23568863048818814
2012-02-18,106.3833236694336,106.59309474549984,105.27233716677044,106.2279425169046,501741000,0.003804522537598206,0.03173415645097728,0.22883825653518985
2012-02-25,106.6786117553711,107.36230340860506,105.50546980932484,105.67639272263334,726681300,0.0027718538687936905,0.03170849776596012,0.2286532291262091
2012-03-03,106.8805694580078,107.16024843833137,104.38665852338394,106.51541720504385,726392800,0.0018913517245479827,0.03138215849671809,0.22629996318930995
2012-03-10,109.00159454345705,109.37451185306324,106.50768262117684,106.86507010671896,751269600,0.01965047317425936,0.03042305652840364,0.21938378053899757
2012-03-17,108.97203826904295,110.24396782315549,108.11369061658267,109.40902889442194,625146900,-0.0002711912832196244,0.02705822357648055,0.19511962505593847
2012-03-24,109.8772201538086,110.67315251618491,108.53506436892992,109.7523656838716,689045100,0.008272242301227676,0.026950967958561948,0.19434619379596427
2012-03-31,109.0812759399414,110.96966684892962,108.66770597163918,109.74455482098718,591883200,-0.007270306784373527,0.02698181142398765,0.194568609188175
2012-04-07,107.01341247558594,109.12028055485526,105.93656376332116,107.70789892892812,840617400,-0.01913907834949091,0.025457522364527425,0.18357680446314978
2012-04-14,107.64547729492188,108.74573478352696,106.57643937144375,107.55964135098584,761453400,0.005889033030174955,0.025423156692347255,0.183328990076827
2012-04-21,109.54949951171876,109.86162381799492,106.0770660005854,106.54525245999965,726597900,0.017533287572398255,0.02472268228384395,0.17827779728280904
2012-04-28,106.90416717529295,110.54047236165512,106.84173995542874,109.33097027868192,712692400,-0.024443698181437424,0.024717328253282524,0.1782391888193698
2012-05-05,105.81954193115234,107.34116852875876,104.94558448160964,106.52182746642384,865528500,-0.010197590554800665,0.0248383217953421,0.17911168565916144
2012-05-12,101.23902893066406,105.81951744870344,101.09076577475231,104.80509598273706,1146413600,-0.04425086483634546,0.025300301542908105,0.1824430689953117
2012-05-19,103.08060455322266,103.96236086057613,101.4029040741865,101.56677703425814,883173900,0.01802690678514039,0.023288006144892223,0.16793220051745875
2012-05-26,100.00611114501952,104.5085623475659,100.00611114501952,103.90772273550776,764680800,-0.030279955089414556,0.020157051620425415,0.14535456635923666
2012-06-02,103.86091613769533,104.19644905423333,99.2101893976256,100.18559239701504,879586100,0.03782136369678801,0.021342064502841065,0.15389981577850664
2012-06-09,104.67247009277344,104.76610499192536,102.34711214520588,104.6958788175614,923971800,0.007783483181426579,0.01985619505983197,0.14318505884767782
2012-06-16,104.68147277832033,106.86984825817603,103.79513552799249,104.77559285146197,810496700,8.600445187684677e-05,0.018030089740933536,0.13001682612430618
2012-06-23,106.75216674804688,106.88550746857786,102.63424720143806,103.57548356125471,777590700,0.019587802407186272,0.018223465401856907,0.1314112778460781
2012-06-30,106.2737045288086,108.08558723639804,105.77171099956966,107.05021885007844,487344100,-0.004492064939626191,0.018058025904683382,0.13021827666598584
2012-07-07,106.47762298583984,106.85411509716003,104.0068763006276,106.18741156341264,686624500,0.0019169658949661388,0.01801439683397924,0.12990366296293657
2012-07-14,107.04237365722656,108.38363212170856,105.53639315174492,106.23447805223071,622487000,0.0052899212928919585,0.017489421328900988,0.1261180107590921
2012-07-21,108.7758331298828,109.08174725273564,104.34417156565364,105.47366012597708,840929800,0.01606441622454776,0.017704487656131748,0.12766887610000455
2012-07-28,109.30137634277344,109.52883715307964,106.3443139979608,108.65035130848742,723033300,0.004819799662199277,0.017326632197044202,0.12494412163509629
2012-08-04,110.47005462646484,110.53280531431368,109.46606755782352,109.59156893352116,475710400,0.010635497932145778,0.01740111454254335,0.12548122146672427
2012-08-11,111.52108001708984,111.61521201478014,109.84253834130202,110.28179307076569,455720100,0.009469146104652923,0.017267110780109566,0.12451490659360408
2012-08-18,110.99559783935548,112.23489721489688,109.9837712436294,111.36425071549314,528027900,-0.004723090059127762,0.01731161284413524,0.12483581554102119
2012-08-25,110.72110748291016,111.44272276702208,109.96027150508527,111.29369131199807,458457100,-0.00247604704646565,0.017328381270245493,0.12495673438131988
2012-09-01,113.20748138427734,113.25454140237083,109.91314846457912,110.62691201977798,486431100,0.02220775917783132,0.01780160165936422,0.12836917513644505
2012-09-08,115.48998260498048,116.1723767723392,112.52508191915354,113.09766539327674,658106600,0.019961541955363385,0.017813890933709612,0.12845779435402616
2012-09-15,114.41541290283205,115.45078129997168,114.22717280769386,115.25468988855611,608820000,-0.009347997465433293,0.017953141474139764,0.12946194428134014
2012-09-22,113.52794647216795,115.31796467978384,112.72361925494576,114.45843299156644,637875800,-0.007786767004695242,0.018000423902586583,0.12980290272172706
2012-09-29,115.23909759521484,116.0434247636327,113.41754268067208,113.96164599953238,619770200,0.01496004849218846,0.01810682402200043,0.1305701648942513
2012-10-06,112.67628479003906,115.22330641521494,112.4318353999801,114.81326771101972,599319200,-0.022490108399575694,0.01827528538381068,0.131784957050134
2012-10-13,113.07054901123048,115.538722328853,112.58165028340376,112.94437771619228,679092400,0.003492980303800565,0.018260837642245557,0.1316807729040786
2012-10-20,111.4619369506836,113.2913730890424,110.7049210101612,112.88132228657778,718295200,-0.014328791454338503,0.018238219353187302,0.13151767010215298
2012-10-27,111.62754821777344,113.33082539424328,110.9336178053533,111.85623530021304,342136300,0.0014847073351483171,0.017504457813536,0.12622644039180064
2012-11-03,108.94646453857422,113.17310829178768,108.4654468192442,111.46195005282324,852323700,-0.02431125676209147,0.018095828180368402,0.13049087275260898
2012-11-10,107.53495025634766,109.80598635593206,106.2180684168242,109.285538577717,829813100,-0.01304069716092126,0.01586318648255592,0.11439106451020521
2012-11-17,111.4619369506836,111.50135496262274,107.56648440817004,108.74142031471268,418423200,0.035867246587864464,0.016920367181838515,0.12201450294759376
2012-11-24,112.09273529052734,112.37661467746528,109.60879967908774,110.909906517012,693511300,0.0056433623832009405,0.015500701303109288,0.11177714670802402
2012-12-01,112.29779815673828,112.69995572093296,110.68914383523986,112.60533324285416,611416000,0.0018277323926884947,0.013922284545922774,0.10039502160384889
2012-12-08,112.05339050292967,113.9853430221462,111.87990787354394,112.14013181762256,670707900,-0.0021787961272276483,0.013922570244539165,0.10039708180587034
2012-12-15,112.59741973876952,114.79748821680224,111.92715725247608,112.34508916521132,886267200,0.004843341528469599,0.013919186225270552,0.10037267929589005
2012-12-22,111.20417785644533,113.33249380024796,111.07711168595326,113.14983163602923,477549600,-0.012450848394582563,0.01379146125141022,0.0994516414110686
2012-12-29,116.23905181884766,116.429651066558,110.81503758610026,110.91034326880369,697573700,0.04428091036785343,0.01606355915141698,0.11583597237376546
2013-01-05,116.7950210571289,116.8585420534355,115.13524723318588,115.82616227447024,566665900,0.004771579419927466,0.016062436221289597,0.11582787480945937
2013-01-12,117.7956085205078,117.92267471420443,116.10407465530685,116.65203701263668,591328800,0.008530549859775628,0.016088971142149477,0.11601922084496072
2013-01-19,119.32032012939452,119.32032012939452,117.517607074585,117.7955627505832,510031400,0.012860651181510915,0.016002377346280253,0.11539478410267362
2013-01-26,120.10655975341795,120.249500114987,118.73267942839456,119.35211189725578,596648600,0.006567704098995463,0.016011556762100834,0.11546097781151345
2013-02-02,120.55127716064452,120.62274734018597,118.66914427550527,119.37594533218405,677372500,0.003695852328273491,0.01594774629674077,0.11500083400197958
2013-02-09,120.79745483398438,121.19452752594836,120.22566918814051,120.50362491959406,517551100,0.0020400170051124607,0.01590037293101131,0.11465921980352183
2013-02-16,120.6227569580078,121.726618694943,119.07417568931432,121.00394339698656,545293800,-0.0014472517041754138,0.01584902079039982,0.1142889142513627
2013-02-23,120.79745483398438,121.40100096339872,118.113239558645,121.21041382658204,880703700,0.0014472517041755149,0.015811459034469934,0.11401805257735936
2013-03-02,123.44197082519533,123.6087345839714,120.32892211182973,120.51950926471667,524491200,0.02165595775923241,0.015785483518624306,0.11383074046878329
2013-03-09,123.75169372558594,124.52201582381733,123.1957943035887,123.34668388620906,546984500,0.0025059142436486734,0.015416675718737147,0.11117122960221487
2013-03-16,124.11861419677734,124.3977939970668,122.51527475689716,123.11353283527828,647799500,0.00296058646373507,0.015221014149380926,0.10976029396031164
2013-03-23,124.97215270996094,125.11574101245051,123.12154693939009,124.44568255349026,441062300,0.0068532596729378205,0.015071032534847434,0.10867876115715688
2013-03-30,123.76766967773438,125.40291132867452,122.6588982079624,124.9083428986702,646416800,-0.009684757632638673,0.015109074921862866,0.10895308871120725
2013-04-06,126.67120361328124,127.39709314071608,123.44060694234533,123.85540269682151,550706900,0.02318860487988747,0.014707667350764663,0.1060584975512992
2013-04-13,124.02291870117188,126.13677179515948,122.4834066655417,126.03306980484,908872400,-0.021128404648801197,0.015544150952254985,0.11209046658381548
2013-04-20,126.22450256347656,127.04610948362644,123.44060347332224,124.26221039347212,596455400,0.017595711103908788,0.015334364434689012,0.1105776744918452
2013-04-27,128.72122192382812,129.1280452628055,126.11282510748278,126.5674949802538,584067600,0.01958690765594533,0.015587447094191232,0.11240267950337729
2013-05-04,130.34848022460938,130.57980133883513,128.7610976540238,128.81694092011523,464602100,0.012562485600226164,0.014400773569454465,0.1038454550220293
2013-05-11,133.16429138183594,133.24405183342307,129.8778637895669,130.18097298014746,561277200,0.02137215832500329,0.014072584044487767,0.1014788467013541
2013-05-18,131.8640899658203,134.86336571035596,130.77127548361383,133.03667708141782,787545500,-0.009811868755740057,0.01331410252370426,0.09600935867200042
2013-05-25,130.38040161132812,133.83434708854625,130.1251511079196,133.24406128129797,588687100,-0.011315426885440415,0.013763776038298108,0.09925200050017287
2013-06-01,131.457275390625,131.69658111309255,127.82783975271872,130.68352711855024,926323300,0.008225553047741483,0.013746862970471237,0.0991300386336225
2013-06-08,130.16502380371094,131.93586903417514,128.66539820532066,131.8640809719765,747319300,-0.009878837547614573,0.014011816789951958,0.10104064779715805
2013-06-15,126.88660430908205,132.40653282516533,125.61031505277298,131.05047092598832,1050353400,-0.025509251157444245,0.015296960537953133,0.11030795115667846
2013-06-22,128.64059448242188,129.7632600607218,124.87968743172412,126.22688367848323,809325800,0.013728618559215646,0.014988551397884756,0.10808398122000187
2013-06-29,130.72547912597656,130.7735910716765,128.48016118399275,129.31413012678755,484451800,0.016077118504223886,0.012960706485731078,0.09346098360108417
2013-07-06,134.3259735107422,134.66276931258315,130.77357008208892,131.39904974779307,588605500,0.027169938804759295,0.01370150071457183,0.09880292675439044
2013-07-13,135.6571502685547,135.73734500260466,133.97317097749175,134.6948746399475,458478400,0.009861264857105256,0.013716222332986009,0.09890908585449071
2013-07-20,135.60899353027344,136.21041712899986,134.33397843761207,135.8495654169629,492075500,-0.00035505159702387765,0.013674653024235778,0.09860932530612161
2013-07-27,137.08453369140625,137.10057508603097,134.80714509465236,135.26422083546615,508848400,0.010822072508082918,0.013720513629920219,0.09894003083675978
2013-08-03,135.76934814453125,137.0924871834203,135.1599100707351,136.77974745349968,420361400,-0.009640293358495441,0.014020534995850905,0.10110351567395545
2013-08-10,132.978759765625,136.24247858092215,132.71413193152085,135.08775562664084,513028500,-0.020768061968262277,0.014872932266845156,0.10725023980922614
2013-08-17,133.61228942871094,133.78069345378285,131.66368245343295,132.82643252903478,537622800,0.004752829156021538,0.014836844142646041,0.10699000464475569
2013-08-24,131.2306671142578,134.15760359017767,130.7495354200781,133.74862757872674,610563900,-0.017985651168664903,0.015444153242891117,0.11136937284673475
2013-08-31,133.14720153808594,133.9009879725176,131.27076226684002,132.49766580850067,462611500,0.014498702230635544,0.015163004114417278,0.10934197764920586
2013-09-07,135.7854766845703,135.96990991649378,133.47600505144084,133.47600505144084,443889200,0.01962096837148484,0.015512204766093472,0.11186009935929378
2013-09-14,136.90013122558594,139.20960313027302,136.35483380986742,137.25296857058,671767100,0.008175427797279642,0.015537713353938899,0.11204404440217651
2013-09-21,136.10887145996094,137.5109678545942,135.75431439145697,137.38204807157075,504544800,-0.005796599917256941,0.01563504570265506,0.11274591795029142
2013-09-28,136.0927734375,136.58431630659425,134.44086626787893,134.95658236859734,658023000,-0.00011828012638034849,0.015428866306233836,0.11125913717880954
2013-10-05,137.1967315673828,137.24509032847007,132.57945968275425,134.90824203494432,744278000,0.008079081811887438,0.014940364784672191,0.10773650261054417
2013-10-12,140.52467346191406,140.62136636127076,136.24584052644448,136.35059936450642,696972000,0.023967192571560048,0.014633212405112195,0.10552159530277548
2013-10-19,141.78176879882812,141.82206161637018,140.17822040317182,140.57305804641587,500226000,0.008905950822893203,0.014427161813231856,0.10403574335404696
2013-10-26,141.99134826660156,143.0388882042936,141.19359439673212,141.73348395873174,588982000,0.0014770920377927058,0.01410164128764727,0.10168838146162454
2013-11-02,142.86154174804688,143.14357916393627,140.82285067738,142.37806484377506,552563000,0.00610979364397656,0.01399717226747588,0.10093504464377367
2013-11-09,145.0855255126953,145.1419255983519,141.8945249829699,142.7245050531661,456701000,0.015447477971524726,0.013740890390924194,0.0990869697500152
2013-11-16,145.6980438232422,145.71416341510667,143.4176072524312,145.32737927988046,497733000,0.00421288739168747,0.013478447718134102,0.09719446872278621
2013-11-23,145.85108947753906,146.45544482067805,145.34342705469723,145.95584833828823,281150900,0.0010498790829661347,0.013136213505516713,0.09472658271916612
2013-11-30,145.80274963378906,146.19758727334704,143.71571203839505,145.92361578964528,573984000,-0.0003314877962172391,0.013141452244025294,0.094764359799789
2013-12-07,143.5222930908203,146.39096420000115,143.24025570717984,146.2298052503379,505064000,-0.015764302656053292,0.013437148556687562,0.09689665623432787
2013-12-14,146.30230712890625,146.6488105093718,142.8856935475313,144.19915050830178,754605200,0.01918470206773052,0.012358927890020325,0.0891214964344605
2013-12-21,148.95199584960938,149.21934508491407,147.50987258616573,147.81773340216463,256145800,0.017949000779084602,0.012498577081937953,0.09012852107853274
2013-12-28,148.17420959472656,149.63253990448874,147.8420319537033,148.9681846224422,344004400,-0.005235405138888731,0.01248546148319824,0.09003394315100384
2014-01-04,149.1868896484375,149.25170568178598,147.5179169674956,148.66027637577326,483464500,0.006811139528839099,0.011637222469983834,0.0839172046390168
2014-01-11,148.78182983398438,149.83506896202368,146.91840866320666,148.80613430627477,533573200,-0.0027188093077084143,0.011646845176668542,0.08398659496373774
2014-01-18,144.93345642089844,149.6973305018723,144.88484747923889,149.6406118283387,491066100,-0.026206287763233256,0.013016618468075478,0.09386417063959532
2014-01-25,144.35816955566406,145.6787696843091,143.30494323423775,145.0711334085362,821519600,-0.003977215874313302,0.012964241637547372,0.09348647594336457
2014-02-01,145.5734405517578,145.72737705129146,140.73666722168707,144.18803678073806,887744800,0.00838320535579483,0.0127983750791165,0.09229039518075006
2014-02-08,149.08970642089844,149.3651653548372,145.19273268300955,145.58971398121622,501791200,0.023867475967947853,0.012517637305851247,0.09026596630781515
2014-02-15,148.98434448242188,149.84313529184178,147.93921530324346,149.21929178669183,430099700,-0.000706951460856222,0.012557187157542941,0.09055116434423795
2014-02-22,150.92877197265625,151.62552886080928,149.235494866673,149.30031089840747,574548900,0.012966786897592321,0.011816252637298404,0.08520820953523198
2014-03-01,152.52481079101562,153.09194790216094,148.87089557325706,149.60005419845484,620701300,0.0105192597908795,0.011718769726782924,0.08450525027054191
2014-03-08,149.60821533203125,152.889454997614,149.42997429798206,152.28991585013972,587706600,-0.019307297172207204,0.012279429346077146,0.08854822428143679
2014-03-15,150.85585021972656,153.14056885288062,150.26442096118967,150.36163882221126,656800400,0.008304767201295537,0.012281328936007033,0.0885619224192259
2014-03-22,150.94395446777344,152.44939910394007,149.6500699945138,152.0425201616853,589131000,0.0005838588970653715,0.012146286111443859,0.08758811476253388
2014-03-29,151.68447875976562,154.3698825108489,150.9683801985815,151.90419688568943,514528000,0.0048939603070948905,0.012118399301147128,0.08738702011366589
2014-04-05,147.70510864257812,152.3109787386062,147.5423596377723,151.31819366725165,693927000,-0.02658478885392262,0.013499442054023795,0.09734586103187541
2014-04-12,151.67630004882812,152.09945753750634,147.64820184173053,148.86069289060083,499927000,0.026530868166010343,0.013668250939346854,0.09856315921544784
2014-04-19,151.59490966796875,153.31193883460952,151.253132939338,151.71698076766606,416538000,-0.000536749814724742,0.013628703292133613,0.09827797707574523
2014-04-26,153.03526306152344,153.91412282153638,150.51262177379698,152.2133722976667,511868000,0.009456477106398518,0.013692707476849598,0.09873951781542074
2014-05-03,152.95391845703125,153.8409114610163,151.36708084556787,152.2866311143911,445134000,-0.0005316828915633802,0.013692010546994015,0.09873449218276133
2014-05-10,153.0271453857422,154.95574725479682,151.74953977467618,153.6374636903248,478175000,0.00047863700576281386,0.013443755756542525,0.09694430143005649
2014-05-17,154.89874267578125,155.00452270560262,152.22961911076868,152.73414477947415,387217800,0.012156303906881476,0.013584405190960306,0.09795853892537312
2014-05-24,156.7947998046875,156.8924591548588,155.38700271067947,155.47651653844616,279426000,0.012166312471482768,0.013715979971326578,0.09890733815971015
2014-05-31,158.99195861816406,159.03263656325814,156.21704231360636,157.0145212585594,356031000,0.013915683357327572,0.01387031231595703,0.1000202445237655
2014-06-07,157.97476196289062,159.53717501640813,157.1447257598811,158.96754719746244,379387000,-0.006418340356776674,0.01347101141993727,0.09714084481388957
2014-06-14,159.4477081298828,159.984791267422,157.59234130652814,157.7795021270795,464041000,0.009280733899309557,0.013151585962382533,0.09483743508208528
2014-06-21,160.11355590820312,160.669556527336,158.73171396015806,160.25255606298634,405387100,0.004167268169525439,0.012811267630263799,0.09238336468921632
2014-06-28,162.05967712402344,162.1332632879259,159.8765335930273,160.01553383921876,266085000,0.012081356782091286,0.012828058620394043,0.09250444624097713
2014-07-05,160.75950622558594,161.87969206499807,159.4921356723323,161.74887645724797,406114000,-0.00805514663108588,0.013002163291320121,0.09375993287762065
2014-07-12,161.658935546875,162.10863681719954,159.79466651691976,161.57716487420527,519679400,0.005579281690537072,0.012961182091308173,0.0934644132416744
2014-07-19,161.6671600341797,162.76281753501675,160.61237540647502,161.1520320775585,334607000,5.087425616968379e-05,0.011521917627987497,0.08308572959876268
2014-07-26,157.39898681640625,162.264043913622,156.63857172594055,161.69985853607295,626687000,-0.026755755058633753,0.012946681608680307,0.09335984877440691
2014-08-02,158.0040740966797,158.87078869008343,155.80457433995235,157.70153246347522,591595000,0.003836919152656207,0.012906290737864791,0.09306858606283493
2014-08-09,160.03179931640625,160.79221419648042,157.75871427668866,158.60089983215832,414545000,0.012751723097498367,0.012365386825724736,0.08916807248219485
2014-08-16,162.86911010742188,163.33516813908506,160.82496747838442,160.91491025312033,351220000,0.017574331535174043,0.012678290335977522,0.09142445178317304
2014-08-23,164.11196899414062,164.2019117780153,162.83641338379297,163.64589843866514,283264000,0.007602059884721029,0.012559927238546712,0.09057092334935399
2014-08-30,164.43899536132812,164.82329513914357,163.04898099387813,164.32452388345473,317301000,0.0019907199227283093,0.012472758196143987,0.08994233844532175
2014-09-06,162.8199920654297,164.52071959681157,162.35392173082013,164.2835921533061,404171700,-0.009894405143003234,0.011927285095148458,0.0860088759752703
2014-09-13,164.10374450683594,165.08493033442767,162.2067869036859,162.8445583154433,560507000,0.007853568867107735,0.011919969691455323,0.08595612384903767
2014-09-20,162.57070922851562,164.60798642597103,161.23170681626078,164.58334305569971,598069000,-0.009385775440264171,0.012166550313604765,0.08773424200242892
2014-09-27,161.4370880126953,162.89931991452977,158.0115214200981,161.1742086648352,683066000,-0.006997521980306844,0.012309470117928899,0.0887648513679688
2014-10-04,156.52462768554688,162.32428086406128,156.48356375692845,162.11068826831712,871766000,-0.03090215585777997,0.012737733151284137,0.09185310002026492
2014-10-11,154.82412719726562,157.0256846028763,149.44343796789434,156.4588746987319,1312517000,-0.010923553544325643,0.011974672748397216,0.08635059320249491
2014-10-18,161.36312866210938,161.41242793581398,154.4955756294922,154.5448623684209,709653000,0.0413674733287722,0.01436948145957803,0.10361980440867542
2014-10-25,165.659423828125,165.79086344924016,160.2130151753479,160.7880478492615,592480000,0.02627673433859274,0.01506175846917818,0.10861188491855185
2014-11-01,167.0395050048828,167.25309752641638,164.34505540137275,165.87300655145353,475281000,0.008296324231579142,0.01507731481358104,0.10872406331335843
2014-11-08,167.77886962890625,168.26353921367962,166.86702746927403,167.07239721212116,376714100,0.004416518816487633,0.015066692903019447,0.108647467627012
2014-11-15,169.7832794189453,170.7361980993706,167.2941989679341,167.4585048012852,454049700,0.011875936646204698,0.015060378237894087,0.10860193192921826
2014-11-22,170.21047973632812,170.76086927029675,169.8818930856767,170.18583636426814,265047000,0.002512990492900048,0.0149575635986997,0.10786052502225087
2014-11-29,170.8676300048828,171.2537261331566,168.7153590611415,169.55325860632,429769700,0.003853375886213942,0.01479739358673502,0.10670552264039021
2014-12-06,165.02694702148438,170.96623780509333,164.9940933705714,170.47335783273584,754967700,-0.03478038735103677,0.01645451017995531,0.11865516033294612
2014-12-13,169.65185546875,174.95039278910284,162.5378439480804,165.9223335940854,1206138200,0.027639652362108018,0.01717201300128282,0.12382914675811896
2014-12-20,172.17417907714844,172.51284748587747,170.538676606546,170.77821486884207,370776900,0.01475820525331352,0.017340747485126273,0.125045908424992
2014-12-27,169.6878204345703,172.6119130973958,168.6553043312476,171.9924034354022,404984400,-0.014546234956240455,0.017555231923836755,0.1265925777081115
2015-01-03,168.71315002441406,170.5055966664213,164.26094059647156,168.64706747398589,809915800,-0.005760462826301056,0.017509574888360534,0.12626334014312113
2015-01-10,166.5489959716797,169.7291382826519,164.00487456052744,168.84531097580563,940434000,-0.012910399448972312,0.017726493442687688,0.12782756208357327
2015-01-17,169.3079376220703,170.37348917361803,165.34307148345084,167.18507751012365,545806600,0.016429636758510113,0.017975294893833694,0.1296216948626068
2015-01-24,164.7483367919922,169.79527814950293,164.11230307350792,169.0931744638686,765883700,-0.027300095003083794,0.01801013899765707,0.12987295926857237
2015-01-31,169.7869110107422,171.18287447397176,163.43487140574803,165.24384121412467,645251800,0.03012510817652594,0.018850004003410848,0.13592931195399857
2015-02-07,173.281005859375,173.3305646226638,168.6222930508544,169.14268527330324,465687300,0.02037040189311159,0.01906937836805082,0.13751124299446207
2015-02-14,174.48699951171875,174.56133766054108,172.4136987099765,172.96712593558502,389980000,0.006935649444821691,0.018858437680106577,0.13599012806153285
2015-02-21,174.0078887939453,175.3129907503346,173.859199910834,174.2391714086009,400719000,-0.0027496014185735777,0.01885898284862333,0.13599405932761469
2015-02-28,171.397705078125,175.16432250802777,171.06730490510006,174.10702682959746,577315400,-0.01511401928480967,0.019164329414039658,0.13819594472440547
2015-03-07,170.0182647705078,172.46325629968723,168.8370595745653,171.59595269475753,613490300,-0.00808074569269193,0.01912409827554415,0.13790583385897376
2015-03-14,173.80137634277344,174.51174793696225,170.04301514798328,170.7451311506426,755050500,0.02200726081277628,0.01950498875728301,0.14065247418346505
2015-03-21,170.7025146484375,175.158000434765,169.358391786805,174.58550530150555,581117700,-0.01799077083545714,0.019780642693624506,0.14264024298699055
2015-03-28,171.28329467773438,173.08374241763934,169.68196686394887,171.73132717172223,447153600,0.0033965186378972626,0.019698970880870217,0.1420512991696992
2015-04-04,174.2702178955078,174.31170543599447,170.26277722093852,170.395519626188,443228200,0.017288191283880906,0.018693732833705,0.13480242452349622
2015-04-11,172.53614807128906,175.09991856187835,171.7562278847155,174.12917088078785,509113900,-0.01000030245013832,0.018664847598205535,0.1345941301281019
2015-04-18,175.6060333251953,175.87154345258304,173.32435789136338,173.45711295505726,406927200,0.017636270400226275,0.01730347170935813,0.12477710898326251
2015-04-25,174.8343963623047,176.29466389942067,172.26232113124985,176.17021395542884,556611100,-0.004403819562989716,0.016706408914553803,0.12047162794058484
2015-05-02,175.58114624023438,175.9130339049638,171.548802900366,175.2575636797606,563435800,0.004262088392544385,0.01666498255055213,0.12017289818145671
2015-05-09,176.26153564453125,176.40258317781456,173.0920743876954,175.53970042707493,462547700,0.00386758223174175,0.016662038165181296,0.12015166591659818
2015-05-16,176.71786499023438,177.37332263275974,176.0292122471991,176.09558978799757,345719900,0.002585587709118375,0.016538637495752545,0.11926181103449429
2015-05-23,175.18287658691406,176.7095217148522,174.4029564762752,176.22829414317675,417416800,-0.008724040375414651,0.016658575337844296,0.12012669511355491
2015-05-30,174.0462188720703,176.4523444484402,173.3907486078771,175.8466668320832,546278200,-0.006509547705897073,0.01671412841618709,0.12052729405850453
2015-06-06,174.2453155517578,175.97109329986665,172.32041787977957,173.93833056231318,537908100,0.0011432761448144568,0.015066672488788596,0.10864732041789983
2015-06-13,174.90911865234375,177.00825940374634,172.40342019525025,173.10867051609287,632747600,0.0038023512539034168,0.01414699491851144,0.10201543114484299
2015-06-20,174.9344940185547,177.24393358403367,174.38422520408892,176.67699920922783,432762300,0.00014506691182223296,0.013873348310094553,0.10004213738883519
2015-06-27,172.84182739257812,174.9428459089,171.14934414164756,173.45879668120529,625900000,-0.012034700205383367,0.013771957778619628,0.09931099986867642
2015-07-04,172.9835662841797,173.55884624136644,170.17387963613822,171.5578846459203,729385700,0.0008197136597239608,0.013708643061326513,0.09885443094929275
2015-07-11,177.15220642089844,177.21057404232326,174.2007868333447,174.24247617410518,481406400,0.02381268892483884,0.014108235252512116,0.10173593121848215
2015-07-18,173.41708374023438,177.73583000768514,173.0835944371468,177.37732964295608,445343800,-0.02130970469340731,0.01453908250821562,0.10484281496314601
2015-07-25,175.5014190673828,176.2934656827091,171.9663740274598,172.53332109394043,556268500,0.011947547087129445,0.013491372614540567,0.09728767147623335
2015-08-01,173.37539672851562,176.17675016624975,172.47496033190805,175.46808220720789,515462100,-0.012187961826590843,0.012535372645734245,0.09039385766248702
2015-08-08,174.60096740722656,175.6431372628626,171.21600175160864,174.48424489226733,540645600,0.007044017195244728,0.01196271489299269,0.0862643638808837
2015-08-15,164.9379425048828,175.6514391005396,164.67948646170058,174.00899140143332,864627700,-0.05693388697196219,0.016311240534466906,0.11762202822689415
2015-08-22,166.1468963623047,166.61378645112822,152.073429687077,156.31715527126408,1650892700,0.007303017768834745,0.016415629203582003,0.118374785625038
2015-08-29,160.56919860839844,166.02183867755232,159.0184492803217,165.1714244726585,938737300,-0.03414732126101759,0.017427348394817216,0.12567039646577705
2015-09-05,164.02923583984375,166.305331705104,161.95322848558502,163.36224445229936,543675700,0.02131968562081707,0.017995989098858824,0.12977092289725295
2015-09-12,162.9536895751953,169.15668710502726,162.545167099913,164.20429350550657,792543900,-0.006578631849192943,0.0173724664707545,0.12527463728316857
2015-09-19,161.6219482421875,165.66981868598805,159.70275907543754,164.63061914677,666841300,-0.008206092208507293,0.017127243587179385,0.12350630992187413
2015-09-26,163.4237060546875,163.44884714027629,156.66047269667573,160.7251187060315,843095800,0.01108629660199193,0.017291606176034355,0.12469154540564333
2015-10-03,168.7287139892578,169.20640746419622,164.53836201849575,164.64731526187617,621027000,0.0319459306766082,0.01815637750217562,0.13092750012154997
2015-10-10,170.3545684814453,170.37132068160702,166.72572222794463,168.80413317457135,492262800,0.00958977948019721,0.01818487804890188,0.13113302048675055
2015-10-17,173.9080352783203,174.27678840890798,168.99694077755674,169.70930594236867,576364400,0.020644664654887516,0.018313935134882057,0.13206366436867753
2015-10-24,174.25994873046875,175.5254430487926,172.4664788268515,173.73197314517537,504447900,0.00202151598167346,0.01830072449034743,0.13196840105617447
2015-10-31,176.02835083007812,177.3860339567496,174.46116283226482,174.5868811004816,466621600,0.010096923737035305,0.018392240868372742,0.1326283350432045
2015-11-07,169.74276733398438,175.56736664341483,169.65896796963872,175.41650732689024,549621600,-0.03636090854888265,0.019707509962548435,0.14211287536337155
2015-11-14,175.41648864746094,176.0953235296875,169.44104344574717,169.55838556162598,542343400,0.03287892371323934,0.02081970850624775,0.1501330531189801
2015-11-21,175.62603759765625,175.97802564437072,173.82419128491654,175.47519105818145,253103500,0.0011938666082778918,0.020749630110853682,0.14962771062318897
2015-11-28,175.6763458251953,176.83288728441008,171.59494631034582,175.78529908959723,678260500,0.00028640982957639765,0.020705834386675306,0.14931189516484655
2015-12-05,169.18966674804688,175.76851211594482,168.87957198536282,175.34947689042494,695103200,-0.037622983851331615,0.022002245503864613,0.15866044867906176
2015-12-12,167.63084411621094,174.72091250206554,167.47160869496935,169.3488909848575,957957800,-0.009256168856107633,0.02203411353424229,0.15889025231421128
2015-12-19,173.40016174316406,173.9481571567803,168.68747065190234,169.8003133768751,369647300,0.03383779189883137,0.023107594296664372,0.16663123217848524
2015-12-26,171.87429809570312,175.17908521475238,171.87429809570312,172.70893047576794,336736200,-0.008838612515206913,0.023051319177342655,0.16622542652199065
2016-01-02,161.79969787597656,170.21341353315316,161.51306122906905,169.02471147061442,908565200,-0.060404247251408104,0.025893226041097298,0.18671870835671148
2016-01-09,158.33473205566406,164.27829394641714,156.40413476008618,162.71863139112585,1147082700,-0.021647787990986034,0.025573303895832632,0.1844117169588951
2016-01-16,160.6194305419922,160.82175625014105,152.61037870527915,160.14732007091743,845884700,0.01432643201652285,0.025581229102921918,0.18446886643995328
2016-01-23,163.31724548339844,163.45213789098824,157.7024744419413,160.11362155540485,811418300,0.016656819165185268,0.025707279669496656,0.1853778300021263
2016-01-30,158.45277404785156,164.04225360459634,157.73618235086266,162.31398185342923,844001500,-0.030238007159286408,0.02621065574640217,0.18900772651437575
2016-02-06,157.33993530273438,158.78155743139027,152.6693862847352,156.61490483146588,870945200,-0.007047935678705122,0.02613030180396339,0.18842828599507835
2016-02-13,161.86717224121094,162.98001522511186,158.18301207284094,159.14409789346126,473396200,0.028367416766520468,0.024524463023983714,0.17684841787238784
2016-02-20,164.47222900390625,165.81268851853963,159.60779221975142,163.44369692167174,606469800,0.01596566083514883,0.0246961026998846,0.17808612917711716
2016-02-27,168.97415161132812,169.74977648835898,162.98844601198428,164.48908860337244,594598600,0.027004018871109026,0.024260619969090572,0.17494581854620328
2016-03-05,170.93844604492188,170.9806015203438,166.40280247132054,168.05518904988244,613798300,0.011557772870474383,0.024023440457121164,0.17323549276241282
2016-03-12,172.3042755126953,173.02086741598356,169.49688956863088,170.43268488331904,568735200,0.007958430526863524,0.02399494568711576,0.17303001405373875
2016-03-19,172.12521362304688,173.91324195374855,170.95580138130484,172.93026018670702,335812000,-0.0010397594365669886,0.02391229267094051,0.1724339946779555
2016-03-26,175.34532165527344,175.5317520880499,171.51504130513172,172.54040868540227,450704000,0.0185350980513573,0.02406439442714847,0.17353081604014733
2016-04-02,173.29457092285156,175.47241110142895,172.09972505671516,175.26902895493998,463898600,-0.011764427584543923,0.023459324240605265,0.1691675928744752
2016-04-09,176.0740509033203,176.76893016115952,172.61663221861895,173.93011435279394,436419000,0.015911781711813504,0.023584059276613847,0.17006707001082677
2016-04-16,177.08250427246094,178.73494405281815,175.413112744758,176.07408865690087,436894100,0.00571109948486536,0.023273132802528775,0.16782494732040085
2016-04-23,174.84535217285156,177.7943226237887,173.74372134169164,176.48084020703627,459000400,-0.012713868444634019,0.0234185194508694,0.1688733453511208
2016-04-30,174.3284454345703,176.41305793506322,172.76922076372438,175.34533052727872,417788100,-0.0029607440158665953,0.023336071038781023,0.16827880139639034
2016-05-07,173.5149383544922,176.71813366981468,173.19293269930267,174.20134843382942,419635000,-0.004677441637131194,0.022180269686116135,0.15994419931382256
2016-05-14,174.1334991455078,175.70119280732976,171.83702272729482,173.68437490824712,532894700,0.003558545801113067,0.021210617027554196,0.15295193455415249
2016-05-21,178.15870666503906,178.16717607316846,173.7098235526294,174.150465522451,348333700,0.022852522013796568,0.021690788197516294,0.15641449810274824
2016-05-28,178.19259643554688,178.74340536057153,176.98928103642675,178.4298691660554,344617400,0.00019020427491129192,0.021690843289078714,0.15641489537365452
2016-06-04,178.01466369628906,180.09080673238248,177.4723112022157,178.5485209207504,379648800,-0.0009990405809879046,0.02025455185198567,0.14605765052775685
2016-06-11,175.0064239501953,178.26893177528564,174.21832904651842,177.4130557187584,618523800,-0.017043245678632208,0.020483253514780326,0.1477068416717369
2016-06-18,173.12249755859375,179.6218226144648,172.67955111125858,177.8756161733549,686987600,-0.01082325923467513,0.019526852078854698,0.1408101328374224
2016-06-25,178.81260681152344,179.298146523958,169.21266940530316,171.7170020328073,798564000,0.032338945846338715,0.02043525998116341,0.14736075537904392
2016-07-02,181.1380157470703,181.38504877732947,176.37638455148326,177.98631048155755,425390000,0.012920890488061236,0.016159532990695648,0.1165280495710102
2016-07-09,183.8468475341797,184.85198088781613,181.3936213186576,181.59806116916383,460619900,0.014843802019031472,0.015377700551494951,0.11089017567429182
2016-07-16,185.0479431152344,185.15867001609803,183.67652305527125,183.9661364846695,301795900,0.00651188282312436,0.015279336770308731,0.11018086436086094
2016-07-23,184.94569396972656,185.3034539852409,183.66797405818707,184.8434805360479,354592600,-0.0005527076028462912,0.015146404619696487,0.10922227699048065
2016-07-30,185.84857177734372,185.8911650309218,182.5009526078137,185.0052851456244,338078200,0.004869976024224611,0.013358807381814683,0.09633172998835936
2016-08-06,186.08714294433597,186.49600969714265,185.03940320616164,186.03602322730035,282917100,0.0012828625499948186,0.013127908483370544,0.09466669435278237
2016-08-13,186.15524291992188,186.9729892753485,184.86049627048263,186.4533827260218,306593700,0.000365890500016833,0.012385903024945341,0.08931601689872991
2016-08-20,185.09051513671875,187.05821487233789,184.20463498108924,185.9167751172544,378228000,-0.005735988516300024,0.012375030565142355,0.08923761447610974
2016-08-27,186.0104217529297,186.4363283012472,184.01718222623663,185.21824181192463,391024300,0.004957726639674471,0.011498678758557472,0.08291815172813514
2016-09-03,181.6747283935547,186.73450116350972,181.64917503593983,186.2915546354549,428949000,-0.023584821584446518,0.012554394358504105,0.09053102518396478
2016-09-10,181.75140380859372,184.6816437070724,180.84848376961503,180.91663039488665,774789500,0.000421958738696651,0.012506464112121293,0.09018539526200707
2016-09-17,184.91246032714844,186.23087293969465,182.37835175672487,183.32008438232265,410509800,0.017242685441502086,0.012835259215690162,0.09255637047208516
2016-09-24,185.1779327392578,185.87994121543213,182.8835345790794,184.08210507159825,501006600,0.0014346357679931186,0.012425975362016976,0.08960498263080882
2016-10-01,184.0991973876953,185.1779120165763,183.20028594802085,184.76697995301413,428991900,-0.005842432861491146,0.012214173596074362,0.08807765837612899
2016-10-08,182.45545959472656,185.52035680944297,180.82028776696453,185.058059861917,450791700,-0.008968642354921617,0.012081139937257493,0.08711833901967539
2016-10-15,183.1916961669922,183.75673585646012,181.6421283128125,182.42975345724057,364393500,0.004027038392771612,0.01206142906744067,0.08697620191605827
2016-10-22,181.95887756347656,184.338891913528,181.24831282341424,184.06492854020397,420237800,-0.0067524105199625465,0.011838891630981837,0.08537146164033302
2016-10-29,178.5430145263672,182.5153926913425,178.39747635756683,182.2927941457579,485446500,-0.018951164165424368,0.012479715350398938,0.08999250719811683
2016-11-05,185.28062438964844,186.8986831179216,178.54299560491063,178.54299560491063,747662000,0.03704201442965061,0.014283150235131417,0.10299726109584371
2016-11-12,187.06137084960935,187.72058391490276,184.68136909850864,185.8028791173653,407913300,0.009565185017145164,0.014348989218139705,0.10347203275416529
2016-11-19,189.6468048095703,189.68104369898276,187.48938900440052,187.63492714516505,234324100,0.013726670791005681,0.013943587001269455,0.10054863579394037
2016-11-26,188.07159423828125,189.90369538560293,187.61785371256204,189.33865557736144,413631800,-0.008340709413127138,0.01409727517788224,0.10165689699636028
2016-12-03,193.91883850097656,193.93596447940917,188.70509497990068,188.9019980103461,426173500,0.030617002532066402,0.015146037603708223,0.10921963040055145
2016-12-10,192.6603240966797,195.4855092923765,192.34356538125928,193.82464228979688,636388200,-0.006511053735746279,0.014715145060454491,0.10611242008271862
2016-12-17,194.37289428710935,195.11349418410296,193.69256890134716,193.9767539578983,341005800,0.00884979007625206,0.014441937808484073,0.10414229457110272
2016-12-24,192.49554443359372,195.25126025742784,191.80661219256285,194.63984258447644,264461900,-0.009705441964762617,0.01351900644408377,0.09748694185494425
2016-12-31,195.6645965576172,196.1296181911408,192.7969259200736,193.7958637143628,320049800,0.016328943669885788,0.013636710052162713,0.09833571464341574
2017-01-07,195.52687072753903,195.8713303348436,193.72704496983312,195.4063085509533,320192700,-0.0007041351731131263,0.013434460961282544,0.09687727570824689
2017-01-14,195.2599029541016,195.7507585273752,194.1145557627417,194.889596411191,311811500,-0.0013663093684241996,0.013426125127337544,0.09681716515482199
2017-01-21,197.1802978515625,197.8175625708531,193.99400053569252,195.2599099430171,374736400,0.009787020913609725,0.013498392589112491,0.0973382932327764
2017-01-28,197.49888610839844,197.67973590662965,194.89818637968196,196.4913281647107,384956600,0.0016144166653798168,0.01349027584905575,0.09727976258784803
2017-02-04,199.36767578125,199.59158638503845,196.6119590985333,197.094207875472,299258600,0.009417792603116896,0.013558975581158447,0.09777516340126184
2017-02-11,202.4505920410156,202.51087969449333,199.8326650761705,199.85849888757792,375003400,0.015345129884387161,0.013774503456095499,0.09932935701001651
2017-02-18,203.87152099609372,204.0092969459536,202.7261738222612,202.82090217920344,308058800,0.006994129543437043,0.01366899291811804,0.09856850970045747
2017-02-25,205.31829833984372,206.954514469308,203.2515142334912,203.7854306139021,454855800,0.007071453414893619,0.01368294531004804,0.09866912182949543
2017-03-04,204.6896209716797,205.05991436611035,203.0103575103146,204.52599807077647,371339600,-0.0030666620386987364,0.012588360343905834,0.09077595738793996
2017-03-11,204.1212615966797,206.19666551388775,203.39788855061025,204.62934410711244,380565500,-0.0027805509364951173,0.012646284592320494,0.0911936550834435
2017-03-18,202.2675323486328,205.510939704862,201.48911986212116,205.00929111673688,494830700,-0.009122998137078576,0.012637735781033244,0.09113200872856261
2017-03-25,203.89352416992188,204.56815170981005,200.3214480234316,200.5982118666765,373359800,0.008006678541062658,0.01266150882368981,0.09130343857710668
2017-04-01,203.4264678955078,205.32061954141895,202.3107417849133,203.94541825238556,394361400,-0.0022933147805709424,0.012573305725460258,0.09066739699046382
2017-04-08,201.099853515625,204.34326011534185,201.099853515625,203.56484781039188,330405400,-0.011503034099097805,0.012685895758698886,0.09147929526635995
2017-04-15,202.89889526367188,203.9886884921032,201.4199090214541,201.6188342943196,423293100,0.008906233721182629,0.012726303311965875,0.0917706782768003
2017-04-22,205.91737365722656,207.17148807715543,202.87289268665884,205.13894825359745,401553800,0.014767187492698876,0.012703539940636053,0.0916065292717361
2017-04-29,207.3185577392578,207.33585960395547,205.58874079825867,206.4363474040606,320859900,0.006781547031777223,0.011749089240250987,0.08472388739145435
2017-05-06,206.69586181640625,207.74240707122985,205.960697395418,207.3618451603849,270313700,-0.0030080903610267477,0.009973211648474369,0.07191785195925815
2017-05-13,206.11639404296875,208.1575791410688,203.62545271716263,207.11969132113617,507393900,-0.0028074173952282446,0.01000244581350834,0.07212866252130887
2017-05-20,209.0570831298828,209.3770951187248,206.55749756923092,206.62667864995967,266981600,0.014166310844169024,0.010020375159375925,0.07225795287303108
2017-05-27,211.18467712402344,211.34036749477767,208.13155160473585,208.73698482999248,284626000,0.010125658007693607,0.009780850142441217,0.07053071341240215
2017-06-03,210.5273895263672,211.91123526293748,209.2646172592581,211.01173619403963,347425600,-0.0031172365311930295,0.008296874783595783,0.059829614916717566
2017-06-10,209.8614196777344,211.7901621374848,208.98786675321875,210.28522963777385,375795400,-0.0031683545858579958,0.008165875798893878,0.05888496780396468
2017-06-17,211.3106842041016,212.70127834439464,210.6849121993344,211.71047488048248,289142700,0.006882080902965535,0.008121275351227425,0.058563349402024595
2017-06-24,210.1547393798828,212.39708679742543,208.55555019059824,211.97989663010492,402761200,-0.005485373926308803,0.00789167715132481,0.05690769323701838
2017-07-01,210.4241943359375,211.5279885830239,208.8858368865764,211.0934253807492,216954500,0.0012813527798049005,0.0074427373808256874,0.05367034251275914
2017-07-08,213.42266845703125,213.77901345016744,209.32909069702688,210.42418514467184,246362600,0.014149092079687476,0.007727828899671428,0.055726166691555584
2017-07-15,214.56988525390625,215.0392075771069,212.64911047415063,213.3444141019189,256784700,0.005360932261424347,0.007675406049187856,0.05534814014070658
2017-07-22,214.59600830078125,215.5433529190815,213.5269732519084,214.49170411197852,269968300,0.00012173869032745582,0.007598805003351847,0.054795762143674785
2017-07-29,215.0305633544922,215.3608223646905,214.12666448218363,214.9957908722716,269148100,0.002022943786883768,0.007595697975410459,0.05477335704656084
2017-08-05,212.17108154296875,216.33420342525565,211.8060501340978,215.1000458252216,351696400,-0.013387235519583953,0.008153720462641564,0.05879731442770823
2017-08-12,210.94566345214844,215.16961806781893,210.5024005235471,213.44873833645323,450488500,-0.005792356513990685,0.007859201785761777,0.056673510045564465
2017-08-19,212.5534820556641,213.4747536221459,210.18077145835352,210.884761494559,294001200,0.007593055832078933,0.007876561240033145,0.056798690850543454
2017-08-26,215.4042816162109,215.8301583221608,211.13686785250303,213.0837157430814,319543000,0.013323005077062501,0.008141116582562068,0.058706426555915396
2017-09-02,214.3091583251953,215.126139144992,212.8924782541941,214.90015782609493,271183200,-0.005097004469099483,0.008199635650507471,0.059128413556054416
2017-09-09,216.5775909423828,217.55970793293187,215.56071473404955,215.57808771203403,378367500,0.01052923339341669,0.008319017293150746,0.059989286823853315
2017-09-16,217.8707733154297,218.5258530074889,217.41658099719876,218.0192564463141,252342800,0.005953233105427909,0.008012305724331406,0.05777755824754105
2017-09-23,219.43423461914065,219.5128543148782,216.6829051143643,217.6174785885475,322504600,0.007150469063386622,0.007992032202676433,0.05763136380381857
2017-09-30,222.1768035888672,222.465040226087,219.4866083024446,219.6613068663082,325955600,0.012420904336089429,0.008134780125019529,0.05866073371076654
2017-10-07,222.68341064453125,222.96291769784077,221.54793656381375,222.40391691885165,228400300,0.0022776020801852097,0.007553718218815966,0.054470636716694956
2017-10-14,224.57003784179688,224.59626661827303,222.15936272418543,222.91052129683493,261751200,0.008436551551511594,0.007541871825963016,0.054385211162973755
2017-10-21,225.0941162109375,225.2513555999806,221.85366269566697,224.89324215841523,389927000,0.002330977916356778,0.007212460784730385,0.052009794363237286
2017-10-28,225.74050903320312,225.78417035762652,223.7665267123839,224.01108877073855,284832400,0.002867540463844466,0.007180370427437942,0.05177838750590556
2017-11-04,225.42596435546875,226.52650649403915,223.9149046457852,225.6093791601457,312694600,-0.0013943621578728748,0.007130697238445825,0.05142018904605178
2017-11-11,225.2251434326172,226.25582251458425,223.2773900026253,224.7447622699925,335889100,-0.0008912479418071459,0.007074339047669641,0.05101378435277995
2017-11-18,227.4086761474609,227.51351126899064,225.22507758257012,225.4696662108836,190142200,0.009648194892609993,0.006851535234612535,0.04940712320808737
2017-11-25,230.98980712890625,232.37857276186364,227.09427434779724,227.4523877482844,521044000,0.015624850293799926,0.007151053626128544,0.051566981045198315
2017-12-02,231.90695190429688,233.0336697730841,229.4613050819856,232.60569290766543,401716200,0.003962637273276898,0.0070247502088261315,0.05065619415049796
2017-12-09,232.7803649902344,233.69746578467547,231.80211703476184,232.60566643164677,516455700,0.003759147636328214,0.006882975999651839,0.04963384578906543
2017-12-16,234.84815979003903,235.805072147658,234.12827192013896,235.36612005013504,388541200,0.008843807285347725,0.006926601339327855,0.04994843258728825
2017-12-23,234.2774353027344,235.7610951219704,234.08432215352252,234.44423919660133,244118900,-0.0024331427440359046,0.006782689477287784,0.048910669391822294
2017-12-30,240.03659057617188,240.1594832389474,234.75158987206237,235.1378698833764,340886500,0.02428533843899939,0.007811845308501951,0.05633201763159318
2018-01-06,243.98712158203125,244.1538987144319,239.59760104026083,239.9399697109352,337325100,0.01632407104367195,0.007923865767190319,0.05713980864699699
2018-01-13,246.1731109619141,246.1731109619141,242.45956668636015,245.2425346871621,461462000,0.008919548047889971,0.007958354936573145,0.05738851358431287
2018-01-20,251.5898895263672,251.6338008314632,245.9098456690768,245.9625445934965,515553600,0.02176534775984003,0.008509590496871982,0.06136352973934603
2018-01-27,241.8186798095703,251.45804907302977,241.78355614616368,251.01909705071543,593556800,-0.03961215096834772,0.012358079813322287,0.0891153808664199
2018-02-03,229.5719451904297,242.1698756480917,222.0395256489663,240.06291095493276,1347099500,-0.051971721295678654,0.016286321174374882,0.11744233216576706
2018-02-10,239.76443481445312,241.7046226421496,229.71244647402807,231.6174838359572,617315700,0.04344045268532764,0.01799209442470206,0.12974283800250608
2018-02-17,241.1690826416016,241.17787025788172,236.71812820417748,238.81630554863565,388531100,0.005841355489740424,0.01798498325468497,0.12969155862625575
2018-02-24,236.22645568847656,244.86505678831173,232.48660193015064,242.24010495273853,623436700,-0.020707372271385086,0.018572961737637464,0.13393153176456526
2018-03-03,244.8211212158203,244.8211212158203,234.9359121076731,235.0412831084708,444110600,0.035736923446558454,0.01951517333211879,0.14072591619704347
2018-03-10,240.7212829589844,246.17305919414383,240.66861086330192,245.11080287587683,453565500,-0.01688806441169931,0.01994713822401291,0.14384085933089247
2018-03-17,227.4504547119141,241.8616792757795,227.2565412065732,240.936198895039,579996000,-0.056707328793920174,0.02322576981919668,0.16748340799047523
2018-03-24,231.94577026367188,235.13650777186683,227.9176726253968,231.0467311493876,529951400,0.01957116229222132,0.02346978003150291,0.16924299065488915
2018-03-31,228.92247009277344,235.0219101031943,224.4712951075937,231.41687758317653,692132300,-0.01312020779578787,0.02355629827302503,0.1698668825670311
2018-04-07,233.70851135253903,235.81511809760715,229.1163206108673,230.37674477528324,454081800,0.020691273191853612,0.023866306498475126,0.17210238367238295
2018-04-14,234.99546813964844,239.12933176010156,234.1140477838813,235.3392349898286,363000200,0.005491568570707057,0.023840813813913096,0.1719185533097077
2018-04-21,234.95132446289065,236.20295275917292,229.9184235500389,235.56832925238848,407069900,-0.0001878667014329318,0.023843456402176652,0.17193760928467608
2018-04-28,234.47540283203125,236.12368127773615,228.3319026761835,235.5683822220851,470288200,-0.002027672334137256,0.02385277039351052,0.17200477343134307
2018-05-05,240.4955291748047,240.75994449971637,233.708582248075,235.24227182899932,314405600,0.02535080925276743,0.02429729921423106,0.17521031634440196
2018-05-12,239.1557159423828,241.57962133946057,238.00988051419657,240.92737904022917,316673700,-0.005586628746353483,0.024340837238131068,0.17552427349960967
2018-05-19,239.8784942626953,241.72948200236584,238.67095293170715,240.6365295974672,308105100,0.0030176503197303904,0.024295552169440904,0.17519771822525906
2018-05-26,241.15655517578125,241.45623479489305,236.00906479688103,238.2566753896234,350365300,0.0053138078895199475,0.024148871261267073,0.17413998715415432
2018-06-02,245.2023468017578,245.28167141105607,241.6678423386209,241.97634486288052,304361500,0.01663744585973345,0.024324578124025328,0.17540702736040595
2018-06-09,244.2679901123047,246.33933301110105,242.69906319511628,245.42264844973383,407431300,-0.00381783227258827,0.024349830582526537,0.1755891254283212
2018-06-16,243.24876403808597,245.0018223562262,242.177464131242,243.9127975953156,330194500,-0.004181302695727096,0.024334226991731937,0.17547660633493864
2018-06-23,240.18533325195312,242.4784589388332,237.71512116424577,242.09775289860485,485755300,-0.012673792802367228,0.024480377443433607,0.17653051223002383
2018-06-30,243.8508453369141,244.22268900358912,238.37918820805464,238.6182575847979,229161500,0.015145901561504386,0.024195982245269834,0.17447970929107337
2018-07-07,247.5428924560547,247.8439178074918,244.80707700779504,244.8513351108068,287912600,0.015027121069561115,0.024163597526843106,0.17424617976541532
2018-07-14,247.62255859375,248.9506258406668,246.49813805174887,247.5871629212756,288859800,0.00032177583558703425,0.02410332519596446,0.1738115498064659
2018-07-21,249.16311645507807,251.7749656348036,247.07361009170245,247.4189205196432,328645600,0.006202122472525875,0.0237374854213104,0.1711734416742271
2018-07-28,251.09326171875,251.14638224892715,247.1621803680501,249.24282453198333,303528100,0.00771666259829694,0.022384157590897513,0.16141445590409492
2018-08-04,250.7037353515625,253.2270690381192,249.99541646397316,251.1287266841161,237505100,-0.0015525260123217621,0.019579450467941278,0.14118942521513936
2018-08-11,252.3858795166016,252.82856856746483,248.04753222206057,250.9781315772078,348086700,0.006687279498801731,0.017819666162320353,0.12849944011979328
2018-08-18,254.55502319335935,254.69668690778963,252.385836406808,252.83738780783,258765100,0.008557829535989044,0.017851188925715845,0.12872675399932682
2018-08-25,257.0340881347656,258.30017220541373,255.5909176541336,255.7502792113636,292871700,0.009691700981001332,0.017285714463955514,0.12464905966564226
2018-09-01,254.6347503662109,256.9455742686811,253.84675087727635,256.6179886904394,269481500,-0.009378547898818361,0.0161188189094802,0.1162344561560988
2018-09-08,257.53875732421875,257.8840406945149,254.085788523296,255.64403543215795,266666300,0.011340055800826074,0.015776958106746602,0.11376926284944426
2018-09-15,258.5215148925781,260.2480128092228,255.9008035646944,257.4856377582653,385095300,0.0038086975854280023,0.01013189449103269,0.07306213021001896
2018-09-22,258.5622863769531,259.9141432598392,257.39719294521126,259.1137013273158,306860200,0.00015769778267813928,0.00971616903757085,0.07006429133207459
2018-09-29,255.98306274414065,260.7768387529275,254.56003983967008,259.798508809735,391529300,-0.010025336891164449,0.009512593160767028,0.06859628480754715
2018-10-06,245.42613220214844,256.9080841337859,240.45443947029764,255.2982972867112,834839200,-0.0421152663364561,0.012642583146619965,0.0911669635789103
2018-10-13,245.69288635253903,250.05087239249224,243.9585727685818,245.0703052860141,605604600,0.0010863117352207777,0.012621769839054229,0.09101687668362976
2018-10-20,235.9808349609375,246.68015015403705,233.27712038113032,246.35998414139416,746211300,-0.04033173259843987,0.015079553751953812,0.1087402085275697
2018-10-27,241.81517028808597,244.7857162430484,231.10695534931776,239.0669436891205,668290500,0.02442308126850009,0.01580049821167444,0.11393901296013852
2018-11-03,247.03587341308597,250.11314149004295,241.33490567987468,242.30433319960687,392858000,0.02135988736846471,0.015574112788409004,0.11230652445693622
2018-11-10,243.45166015625,246.76905284620585,237.47498464472227,246.5289283769687,584955500,-0.014615160676538399,0.015826202316787778,0.11412436789809062
2018-11-17,234.13087463378903,243.14035954644797,233.97079166091788,242.84684695427617,357454600,-0.03903814957758385,0.017625160278729797,0.12709683824646292
2018-11-24,245.1592712402344,245.71958882183424,235.9897027877764,236.3810348402617,463664000,0.04602783370645596,0.01986824717279691,0.1432719678702234
2018-12-01,234.4154815673828,249.38383645404943,233.41047101452372,249.2771144735525,646366600,-0.04481298286051341,0.021478042028533265,0.15488036366089455
2018-12-08,231.65838623046875,239.2448481742587,230.0130166046061,234.23760035489508,584550800,-0.01183128979639904,0.021566510217441777,0.1555183168436087
2018-12-15,214.07521057128903,231.81845881283292,213.43485155638325,230.70672629680948,1022399200,-0.07893640882280031,0.026322320373773134,0.18981295159365894
2018-12-22,221.6321258544922,224.89733637571825,209.11695064494236,213.8403304793104,705164500,0.03469151208820231,0.027381514870234935,0.19745091172902351
2018-12-29,225.78294372558597,226.427042126828,217.98220855516612,223.2512818304652,557994100,0.018555195141512625,0.027480332495302705,0.19816349575722636
2019-01-05,231.6782684326172,231.83928623200927,225.1567745531701,226.05135428366847,471340300,0.02577552343325517,0.027840248533147045,0.20075888721584556
2019-01-12,238.36964416503903,238.83484297385849,229.3791311766124,229.7816755683989,457771900,0.02847296035336388,0.028495992816938,0.20548752649344695
2019-01-19,237.76145935058597,238.58448492137728,233.18121434900004,236.902670237892,357649000,-0.0025546961361585956,0.028453469535301982,0.20518088674876764
2019-01-26,241.5902404785156,242.6100746470518,234.19207469080325,235.6234079604837,434018300,0.015975170449160143,0.028609641849794806,0.20630706132419116
2019-02-02,241.9569854736328,244.61388841655088,239.5952818353024,241.6349225682208,369916300,0.0015168945069117211,0.028615679519399334,0.20635059957887805
2019-02-09,248.12960815429688,248.1653989923437,241.56339534384023,242.61006577852925,385891900,0.02519125879421106,0.029050773235482906,0.209488104984821
2019-02-16,249.7130584716797,249.9098398508048,247.2171727858097,247.3334725465024,278060900,0.006361269385510396,0.02902609556876625,0.2093101517994096
2019-02-23,250.8580780029297,251.65423982387628,248.2280112228881,251.13539555521083,330945200,0.004574860373916217,0.028969839431349224,0.20890448302337633
2019-03-02,245.5263671875,252.15520686048225,243.7014440300641,251.91368013975347,421329900,-0.021483009481773643,0.029207239666252917,0.21061640046288124
2019-03-09,251.6540985107422,252.6113049055134,246.2150684262098,246.24190471296072,374233000,0.024651176188333644,0.029554111443349435,0.21311772841954685
2019-03-16,250.9117584228516,256.23997647017444,250.84885542975505,252.9783438534152,439286800,-0.002954202389736646,0.029540869861544927,0.21302224201521805
2019-03-23,253.81396484375,254.13741891416976,249.4651308995007,250.57029306075864,364351100,0.011500259539860603,0.02964451115221775,0.21376960999077033
2019-03-30,259.28594970703125,259.3398587189356,255.53910885573524,255.80868133591417,293550700,0.021329928812631932,0.02988730595242078,0.21552042819386644
2019-04-06,260.714599609375,260.9931386511058,257.6057276922344,258.86365036789897,297131000,0.0054948153374904385,0.028603244951142914,0.20626093263200448
2019-04-13,260.5887756347656,261.85569219868665,259.36680152584245,260.7864511430509,228726700,-0.0004827284189127001,0.02860761609691693,0.20629245341244598
2019-04-20,263.63482666015625,263.70669621419734,259.73525211271465,259.8251096207622,251486900,0.011621320726643321,0.027297805122316936,0.1968472721522745
2019-04-27,264.19189453125,265.01854518416445,260.1395596358937,263.7246738965265,331555200,0.0021107990769006334,0.026987603782223462,0.19461037847742516
2019-05-04,258.8636169433594,263.5448984557969,253.6521845018536,259.89690945707,559396700,-0.02037436482464856,0.027117720470930234,0.19554866326327686
2019-05-11,256.8328857421875,259.8608929559198,251.52263065286067,253.7599635085681,455352700,-0.007875724141122744,0.026986441783772044,0.19460199918742796
2019-05-18,254.0834197998047,257.8122713661067,252.09769878325972,255.2335240100998,313209100,-0.010762985852852227,0.025808089775557257,0.1861047820150992
2019-05-25,247.33566284179688,255.31452716187255,247.3087083307424,254.36209787706431,324388900,-0.02691626455497765,0.024909115915248668,0.17962218931781038
2019-06-01,258.45928955078125,259.53752459010883,245.3768396821764,247.3715553104732,388532200,0.04399182136229931,0.024556045096870073,0.17707615943874225
2019-06-08,259.9058837890625,261.8287021809869,258.61201289589843,260.00470781947325,267806600,0.005581385741257997,0.0243505300995246,0.17559416971713035
2019-06-15,264.1648864746094,266.2404655318289,259.83401338750383,260.13950690451287,403194400,0.016253898106936403,0.01751108968059045,0.12627426346523438
2019-06-22,264.546875,265.9734296424397,262.1542210611467,265.6574400602347,280902400,0.0014449786053181714,0.016684986581316043,0.12031714929872721
2019-06-29,269.4765930175781,269.80164780758633,265.74765219860814,267.86944961359336,232786300,0.018463076441462813,0.016682401814253105,0.1202985102783661
2019-07-06,271.4540405273437,271.5262872021826,266.78611177660366,268.1675332270396,236543700,0.007311312008898868,0.01622934897035917,0.11703149976005736
2019-07-13,268.3119812011719,271.8874198552812,267.887621565288,271.8874198552812,216657600,-0.011642432797914637,0.015920629277344382,0.11480529039423673
2019-07-20,272.681884765625,272.88052171662747,268.19451926008924,268.7091457455758,235894000,0.016155446055062427,0.016009205279386256,0.11544402102851188
2019-07-27,264.2037658691406,272.68191935516626,262.650793388134,272.56453920277204,447617000,-0.03158521263197083,0.017394411116089754,0.12543288237112482
2019-08-03,263.30084228515625,265.1066227302136,254.36223459292736,260.1136409017911,621473300,-0.003423380390794055,0.01744318971144774,0.12578462982454144
2019-08-10,260.7998046875,265.5851110819788,254.9671424954711,261.8019994487137,478024400,-0.009544184298709709,0.01702067901823429,0.1227378618869156
2019-08-17,257.1883544921875,265.38658779144714,255.94236124171604,263.81556719947724,355520800,-0.013944367840365426,0.017272519440280968,0.12455390899676318
2019-08-24,264.0503234863281,265.6664775551436,257.54950121579856,259.3733300078497,319590000,0.026330990932937257,0.017959199988228564,0.12950563284774072
2019-08-31,269.1064453125,269.8106986506698,261.1790695093985,262.3528434423652,248831100,0.018967304564527377,0.017594492102299988,0.12687568688117762
2019-09-07,271.8512268066406,273.08818206206723,267.22843305467075,270.09060732085265,313042000,0.010147947577265037,0.017121530933795513,0.12346511539248511
2019-09-14,269.3141174316406,273.24169574525524,268.52860727972273,270.72262409453305,339168000,-0.009376535250883642,0.017256204379247183,0.1244362594185239
2019-09-21,267.9454345703125,271.97278192385625,266.394370206706,269.89560742346055,351126500,-0.005095063706571212,0.017225420063163823,0.12421427055828663
2019-09-28,266.9930419921875,270.721044264323,258.34876371290835,268.46247435292025,412814300,-0.003560759325175171,0.016799407115076402,0.12114224750160507
2019-10-05,268.7435913085937,270.9749499590257,261.6775899540898,266.1947562924731,371694700,0.006535134757611226,0.016811461975088732,0.12122917633339106
2019-10-12,270.27667236328125,272.33568862130386,268.09973387492136,268.4262621916017,246118100,0.005688413931608423,0.01683079703292424,0.12136860341827105
2019-10-19,273.5692443847656,274.1134858073228,270.7573534359443,271.5918606413677,202654000,0.012108621759876106,0.01684289692933562,0.12145585701214909
2019-10-26,277.6872253417969,277.73256724702406,273.68708938412203,274.7846236944727,276271100,0.014940623049227404,0.017050524437563462,0.12295308026637371
2019-11-02,280.2270202636719,280.87102488688976,277.6146839515155,279.2383285324244,253331600,0.009104669710623136,0.01647955613433695,0.118835769278478
2019-11-09,282.81219482421875,282.8575367436404,278.7122666377869,278.8483477585908,249443100,0.009182993503801843,0.016366362829706656,0.11801952075071051
2019-11-16,282.0592346191406,283.62845763205326,280.3358269816638,282.57626521476203,295953800,-0.0026659540978387175,0.016155709269779182,0.11650047632735544
2019-11-23,285.0979309082031,286.1592029325513,282.98449399573906,282.98449399573906,167253500,0.010715637746300143,0.014911303992346277,0.10752694225687079
2019-11-30,285.6058959960937,286.00500449632267,278.5852624642548,285.3519203760632,288425500,0.0017801360288265539,0.012679737129525442,0.09143488475981712
2019-12-07,287.8282470703125,289.0527834416107,283.7373981633808,285.2159101932151,318810900,0.0077510634044445125,0.012698772363816438,0.09157214978637042
2019-12-14,290.9212341308594,292.0459791716656,287.7646567721703,289.55156528317553,424433000,0.010688619542279999,0.012528402373481119,0.09034359431446183
2019-12-21,294.2930908203125,295.1499211381323,292.5065208845298,293.13547139053287,146700000,0.011523620865345037,0.01261114161740486,0.09094023548738217
2019-12-28,293.38153076171875,294.511833386902,291.822840854577,294.3751110823029,106806400,-0.003102263586655637,0.012334731048523026,0.08894701052901492
