Price,Close,High,Low,Open,Volume
Ticker,SPY,SPY,SPY,SPY,SPY
Date,,,,,
2000-01-03,91.13273620605469,92.89507962215801,90.15365653044172,92.89507962215801,8164300
2000-01-04,87.56890869140625,90.27116929055965,87.50037309650018,89.93828211530163,8089800
2000-01-05,87.7255630493164,88.6850613951683,86.00238234656197,87.68639985152653,12177900
2000-01-06,86.3156967163086,88.66548882292317,86.3156967163086,87.49059276961587,6227200
2000-01-07,91.32857513427734,91.32857513427734,87.76472421780254,87.92137700533989,8066500
2000-01-10,91.64187622070312,92.0530897678473,90.87819391886393,91.64187622070312,5741700
2000-01-11,90.54532623291016,91.54398791930255,89.91871497870316,91.36775350405684,7503700
2000-01-12,89.64453125,90.60402929090213,89.52704169397117,90.60402929090213,6907700
2000-01-13,90.85859680175781,91.32855506107725,89.78160912415078,90.52570970140656,5158300
2000-01-14,92.0922622680664,92.40556785945255,91.4656510852941,91.81811987560351,7437300
2000-01-18,91.36772155761719,91.87684302364762,90.9760896606707,91.07399763490731,6488500
2000-01-19,92.11178588867188,92.11178588867188,90.85856431195525,91.05438018331722,6157900
2000-01-20,90.70195770263672,92.09225109574707,90.11450979005487,92.09225109574707,5800100
2000-01-21,90.5061264038086,91.17190059198026,90.27114727857153,91.17190059198026,6244800
2000-01-24,87.94096374511719,91.38732527242527,87.35351575750785,91.2698356749034,7896900
2000-01-25,88.93960571289062,88.93960571289062,87.09893575758201,88.04864312814018,9942500
2000-01-26,88.23469543457031,88.69486306499917,87.7843186047889,88.35218504233939,5158100
2000-01-27,87.88220977783203,89.11585042310908,86.55066114483458,88.88087125258012,10922700
2000-01-28,85.14081573486328,87.76475071841243,84.92541808696,87.37311863131553,11916200
2000-01-31,87.45140075683594,87.51993633736636,84.5924879689949,85.10160942436384,10768700
2000-02-01,88.3130111694336,88.78296954372769,86.80522805190668,87.56891041013459,8419900
2000-02-02,88.39132690429688,89.13542757385011,87.9605317798187,88.52839808026721,6205900
2000-02-03,89.72288513183594,89.76204832918724,87.72556206691947,88.27384682983771,7997500
2000-02-04,89.35079193115234,90.23196344921105,89.05706809179944,89.72284212766601,4925400
2000-02-07,89.21375274658203,89.46831349849282,88.62630485755713,89.331242324387,5845800
2000-02-08,90.42786407470703,90.58451693581523,89.99706870665949,90.21246639068326,4936400
2000-02-09,88.52837371826172,90.52569601847466,88.51858292267245,90.52569601847466,8511500
2000-02-10,88.70464324951172,89.33125441595418,88.27384807258251,88.74380644741437,6690600
2000-02-11,86.90312194824219,88.93960790647048,86.49190843744609,88.8808631192139,9849800
2000-02-14,87.41223907470703,87.58847342768023,86.66813847326463,87.58847342768023,8528800
2000-02-15,88.40113830566406,88.48925551075332,86.34507018691453,87.2556146395036,11078300
2000-02-16,87.09893798828125,88.31299692606756,86.9716576157714,87.96052820219411,8845400
2000-02-17,86.6485824584961,87.99971289683197,86.6094192573849,87.99971289683197,7584200
2000-02-18,84.78833770751953,87.02064036309856,84.35754245819726,87.02064036309856,9409200
2000-02-22,84.57293701171875,85.43452747907592,83.67218334129988,84.71000822243467,16415400
2000-02-23,85.57158660888672,86.13945297311045,84.27920109030856,84.98413864589665,12119000
2000-02-24,83.84841918945312,85.86532418163287,83.3980423465392,85.64992656110881,17375000
2000-02-25,83.54487609863281,85.66947918235522,83.41759572956188,84.70998101551284,10559900
2000-02-28,85.29744720458984,85.64991599469145,83.16305286453009,83.57426645298196,13397800
2000-02-29,86.119873046875,86.11987304687499,85.06246669295702,85.2582826844233,8242500
2000-03-01,86.74647521972656,87.0989439677977,85.98279293223914,86.23735369473495,6868000
2000-03-02,86.80522155761719,87.17727190943192,86.06112085398772,86.90312954493685,7600200
2000-03-03,88.43047332763672,88.80252359185839,87.54930164921696,87.99967828485372,12770300
2000-03-06,87.56890869140625,88.56757021718033,86.94229753797937,88.23468304192231,11967100
2000-03-07,85.87510681152344,87.82347601178488,84.72958321136971,87.72556801177174,20062000
2000-03-08,85.76739501953125,86.37442452766035,84.61208079438231,85.51283425805775,11808500
2000-03-09,88.27388000488281,88.27388000488281,85.29747588759307,86.0024137048459,5500900
2000-03-10,87.80384063720703,88.97873591781193,87.43179046501547,87.84300381322718,7924600
2000-03-13,86.84440612792969,88.01930226494791,85.02331711555146,85.64992838862784,10540500
2000-03-14,85.6106948852539,87.78425095393258,85.31697109218922,87.27512971262047,8263900
2000-03-15,87.60807037353516,87.99970233765467,85.25827858881807,85.76740014217344,10300800
2000-03-16,91.70063018798828,92.01393577906404,88.27385028559709,88.74380867221073,25601400
2000-03-17,92.30665588378906,92.97412213220439,91.36435059190862,91.59992691487872,10272900
2000-03-20,91.83552551269531,92.561886018033,90.9521140872846,92.2674155428961,12502300
2000-03-21,93.72017669677734,94.0735414182985,90.77547068410107,91.42330600688985,13612600
2000-03-22,94.28944396972656,94.76059671910683,93.40603256463855,93.95571077224886,8260000
2000-03-23,95.89923858642578,96.40965418586222,93.7005252350072,93.7005252350072,11654500
2000-03-24,96.46855926513672,97.8427552660646,95.31030835006894,96.03666909341653,11462900
2000-03-27,95.44771575927734,96.60596652640967,95.36919028353955,96.35075873026187,8798600
2000-03-28,94.89802551269531,96.10535455055853,94.6035550156555,95.01581371151124,6334400
2000-03-29,94.9961929321289,95.791263362745,94.01462449926956,95.21213798735798,6747500
2000-03-30,93.40605926513672,95.43790607765072,92.42449075667584,94.32873366308993,9491900
2000-03-31,94.46613311767578,95.68327780871815,93.2489884266334,93.99498033404647,9249100
2000-04-03,95.01577758789062,95.01577758789062,93.4060061494181,94.30904866368319,8508200
2000-04-04,94.30909729003906,96.11518324979835,88.82212961881385,95.32992848468561,19585500
2000-04-05,93.72017669677734,94.74100811450514,92.73860802588526,92.89565901322798,8387200
2000-04-06,94.53484344482422,95.29065103959647,93.60235355517017,94.38760819908937,6378500
2000-04-07,95.13362884521484,95.56551902981961,94.54468768439015,95.2121543333248,6023600
2000-04-10,94.76061248779297,96.18388665505317,94.42687923478023,95.32992215469706,9624200
2000-04-11,94.48575592041016,95.2513791244193,93.20971724706159,94.23054818574045,9006400
2000-04-12,91.89444732666016,94.95694119185114,91.81592184293731,94.46615691858335,10779200
2000-04-13,90.61833953857422,93.07225904514306,90.32386919778595,92.64036921198695,12225800
2000-04-14,85.4356918334961,89.71532897037618,83.86518279243917,89.59754079229691,29604000
2000-04-17,88.4196548461914,88.4196548461914,84.61117060104019,84.92527239445471,23918200
2000-04-18,90.75582122802734,90.75582122802734,87.81111580206928,88.30190003972896,11069200
2000-04-19,89.91166687011719,91.16807444210136,89.53867087218438,90.7754470758563,6553700
2000-04-20,90.343505859375,90.42203128819672,89.44046342792537,90.18645500173159,8537600
2000-04-24,89.36203002929688,90.02949686167739,88.26267289361132,88.89087697114593,12893100
2000-04-25,93.07225036621094,93.07225036621094,90.73611921380024,90.85390733913187,14102000
2000-04-26,92.02204132080078,93.44531555989585,91.71775510416667,92.95453133951824,7711100
2000-04-27,91.71772766113281,92.561876267603,89.83311681878077,89.83311681878077,15595300
2000-04-28,91.14845275878906,92.88582903902875,91.12882138839088,92.34596635307857,8743400
2000-05-01,92.38522338867188,93.27845068662864,91.61959999042321,92.07112148169806,7328300
2000-05-02,90.53985595703125,92.42446700904232,90.53985595703126,91.40363602253633,9411900
2000-05-03,88.4196548461914,90.46131650338589,87.81108262145075,90.46131650338589,12630700
2000-05-04,89.08712768554688,89.43067654726944,88.41966132562871,89.2049158667089,5963600
2000-05-05,90.16687774658203,90.46134828135206,88.53747412085455,88.61599959679323,7862400
2000-05-08,89.48954772949219,90.06867280528905,89.1067362387112,89.67604563525727,5064100
2000-05-09,88.77300262451172,90.08830363641846,88.11535211855835,89.87235869416511,5620300
2000-05-10,86.7706298828125,88.55708402745863,86.53505351208993,88.26261356405543,10293900
2000-05-11,88.75340270996094,88.89082226735304,87.39883850138158,88.02704219231693,7091100
2000-05-12,89.71534729003906,90.12760599749876,88.96935534320723,89.08714354533856,5960800
2000-05-15,91.26620483398438,91.4723341415251,89.20491175857711,89.67606446152735,4441300
2000-05-16,92.14962768554688,92.79746273318706,91.28584762202662,92.07110222522685,8192200
2000-05-17,91.18767547607422,91.83551041487088,90.75578551687646,91.52140862636341,5907200
2000-05-18,90.06867218017578,91.91401986651765,90.06867218017578,91.48212998248019,4325600
2000-05-19,88.65521240234375,89.98032906247622,88.20369117000232,89.55825486702662,6518400
2000-05-22,87.9877700805664,88.87118142675683,86.06389648219614,88.73376188401609,10839400
2000-05-23,86.69213104248047,88.4589543653571,86.41729185892187,88.22337792230688,7979200
2000-05-24,88.10554504394531,88.38038408820005,85.7497818074762,86.69208710206384,11081500
2000-05-25,86.593994140625,89.08717873728321,86.51546864151766,88.3804492453171,8278900
2000-05-26,86.69213104248047,87.75222503620644,86.27005658201548,87.20254666908927,4814000
2000-05-30,89.51898956298828,89.79382856603254,87.61474789903875,87.94848097416393,5362700
2000-05-31,89.71534729003906,90.4613392368709,89.26382584853559,89.55829635386394,6056500
2000-06-01,91.28585815429688,91.36438362367691,89.83313697076612,90.26502705235634,8961600
2000-06-02,92.8759536743164,93.66120798566129,92.65019305980475,93.56305119674317,8962200
2000-06-05,92.42445373535156,93.11155141605194,92.26740283690577,92.64039872071454,6998100
2000-06-06,92.01219940185547,92.83671665700332,91.65883486393497,92.1103562179445,4858900
2000-06-07,92.65023040771484,92.97414794171787,91.71774053710007,92.11036785104312,4919500
2000-06-08,92.28704833984375,92.81709520331445,91.75700147637303,92.66004428080461,5723100
2000-06-09,92.09068298339844,92.95446257224293,91.48211100034891,92.65999225786413,3085300
2000-06-12,91.01099395751953,92.3262952075527,91.01099395751953,92.3262952075527,3678900
2000-06-13,92.71891021728516,92.81706701404282,90.85393107888963,90.97171923499882,6558700
2000-06-14,92.8759536743164,93.52378848117593,92.46369516086034,93.13116132550348,6420500
2000-06-15,93.07225036621094,93.44524609642777,92.24773348888951,93.052619011989,5881200
2000-06-16,92.3075180053711,93.38978479076768,91.85493371329615,93.38978479076768,5567900
2000-06-19,93.48816680908203,93.92107349605315,92.09105886476614,92.22880190152968,5106900
2000-06-20,93.15374755859375,93.74407548989029,92.56341962729721,93.31116834027283,6480000
2000-06-21,93.11434173583984,93.46853830203705,92.49449774499476,92.5240141255112,3115000
2000-06-22,91.6975326538086,92.99625307336898,91.30398101151758,92.91754274491078,7490500
2000-06-23,90.91043853759766,92.0123832471443,90.5955971920129,91.81560740615383,4863300
2000-06-26,92.0812759399414,92.09111473425062,91.22530083503972,91.54014225293459,5201300
2000-06-27,91.40237426757812,92.38625343084591,91.31382514288401,91.92383022411005,4159500
2000-06-28,91.6582260131836,92.55355647338108,91.5008052729291,91.69758119824722,5347700
2000-06-29,90.79238891601562,91.77626829308558,90.36932078387554,91.1465854917608,6345700
2000-06-30,91.48108673095703,91.67786256819291,90.6054342552574,90.63495063084278,7420200
2000-07-03,92.74048614501953,92.83887409976707,91.42208755140267,91.57950827899872,1436600
2000-07-05,91.0678482055664,92.34689101744233,90.91042755179706,92.16979278195183,2748200
2000-07-06,91.77626037597656,92.2288448503864,90.81205866962517,91.264643144035,5963200
2000-07-07,93.25206756591797,93.68497439994417,92.09109014739313,92.36657631450072,3034800
2000-07-10,93.0946273803711,93.76366507450186,92.8978515879797,93.11430495961024,2816100
2000-07-11,93.2914047241211,93.9014096906783,92.66172217799752,92.85849797366113,5431600
2000-07-12,93.90144348144531,94.53112625416246,93.62595726838155,93.99983141468236,5883000
2000-07-13,94.31465148925781,94.68852555107627,93.94077742743934,94.44255577356412,5356000
2000-07-14,95.23948669433594,95.23948669433594,94.24576890961198,94.72786961705232,5341900
2000-07-17,95.08206939697266,95.70191318546699,94.88529359110143,95.07223060667908,4208300
2000-07-18,94.30480194091797,94.84593538971822,94.03915461150693,94.84593538971822,4262100
2000-07-19,93.54724884033203,94.39338508352392,93.35047296982228,94.11789886481029,8506800
2000-07-20,94.84593963623047,94.84593963623047,93.70463994766173,93.82270543268608,4538900
2000-07-21,92.99625396728516,94.29497439932935,92.99625396728516,94.29497439932935,5656900
2000-07-24,92.46499633789062,93.73420090562716,92.28789802611344,93.27177753598671,5628500
2000-07-25,92.76012420654297,93.09464311013042,92.42560530295553,93.03561036243852,4757100
2000-07-26,91.85492706298828,92.66170769914562,91.70734523930095,92.54364224019577,12062500
2000-07-27,91.54005432128906,92.32715710995018,91.10714778752543,91.89425057618656,7652600
2000-07-28,89.4739761352539,91.87464142852441,89.10994082438913,91.756575922298,6229500
2000-07-31,90.0446548461914,90.75304810984152,89.45432712648298,90.00529966487751,5265500
2000-08-01,90.59562683105469,91.12692177554611,90.12336465817344,90.43820610676094,3946600
2000-08-02,91.04814910888672,91.5597661127404,90.43814421967653,90.59556483624691,7439800
2000-08-03,91.67790985107422,91.81565300818036,89.80853843320513,89.96595918418357,4607100
2000-08-04,92.16979217529297,92.38624557280113,91.55978714595179,92.13043701210967,3686600
2000-08-07,93.27172088623047,93.46849666869086,92.16977650445222,92.38622986515865,4159800
2000-08-08,93.62598419189453,93.70469456111849,92.87823568426695,92.87823568426695,3658700
2000-08-09,92.8388442993164,93.96046662340734,92.79948913005006,93.91127266182441,5383800
2000-08-10,92.38631439208984,93.10454665520194,92.1108280445948,92.89793189458065,4193400
2000-08-11,92.81919860839844,93.19307284489612,91.65822071611616,92.32725882353307,5089400
2000-08-14,93.99984741210938,94.17694572207567,92.60273852237529,93.05532309228914,2966700
2000-08-15,93.92110443115234,94.33433367754962,93.54723035107862,94.039169930123,5564600
2000-08-16,93.58660888671875,94.41306758588658,93.09466918483314,94.01951582437809,5191600
2000-08-17,94.57048034667969,94.72790103805993,93.40950274775041,93.62595619839824,5652200
2000-08-18,94.2556381225586,94.68854501998996,93.96047432885538,94.68854501998996,4626400
2000-08-21,94.76722717285156,94.9049702356028,94.07851185909537,94.47206346695606,2380600
2000-08-22,94.60984802246094,95.27888604924208,94.51146007734607,94.80662391269068,3075300
2000-08-23,94.98372650146484,95.25921276022194,93.99984700590377,94.33436603439453,5483200
2000-08-24,95.27886199951172,95.39692750384818,94.7672448140538,95.18047407923136,4529000
2000-08-25,95.23948669433594,95.47561765308222,95.0427108953807,95.18045395464937,2822200
2000-08-28,95.56419372558594,96.2824255944182,95.23951356570286,95.23951356570286,5518700
2000-08-29,95.58389282226562,95.63308679695541,95.02308151080199,95.35760053869258,3561900
2000-08-30,94.66885375976562,95.39692434573763,94.66885375976562,95.27885884530974,3964800
2000-08-31,95.92825317382812,96.40051534329928,95.02308401567508,95.12147196764823,4863100
2000-09-01,96.02664184570312,96.71535751467846,95.71180039702868,96.49890401871478,3191200
2000-09-05,95.25917053222656,95.83965917727937,94.96400681440309,95.63304457480295,3470800
2000-09-06,94.17694854736328,95.68228422723652,94.15727095677671,95.20018325786535,4322200
2000-09-07,94.98372650146484,95.131308425799,94.34420482935015,94.60985229315163,4265500
2000-09-08,94.33432006835938,94.7672268354649,94.0293175733532,94.62948377320404,3518200
2000-09-11,94.19658660888672,95.20014330766534,93.62593672134595,94.2949745205317,3937500
2000-09-12,93.50789642333984,94.6098413306856,93.4685412480775,94.29499992858682,4769100
2000-09-13,93.75384521484375,94.03917017142162,92.97658067795922,93.19303409329414,7691600
2000-09-14,94.22610473632812,94.41304177193325,93.29141955830252,94.37368660654269,3397100
2000-09-15,92.1646499633789,93.58499559637619,92.1646499633789,93.54554155101515,4085700
2000-09-18,91.31636810302734,92.77616746349916,91.03032633644841,92.40135411418883,5109300
2000-09-19,92.1448974609375,92.36189465041947,91.34595326329932,91.61226799584537,6588200
2000-09-20,91.46435546875,92.1843919131821,90.36950553269574,91.96739462855872,6508100
2000-09-21,90.07356262207031,91.88844824651851,90.03410858675622,91.1980026285219,5972300
2000-09-22,91.7109146118164,91.7306416315221,89.90589230874451,90.03411793683159,7791300
2000-09-25,91.05990600585938,92.20407293574236,90.72454673330748,92.1251648716125,9726300
2000-09-26,89.89605712890625,91.53340028047509,89.89605712890625,91.13885976202477,5302400
2000-09-27,90.36949920654297,90.88240184338429,89.71850739824436,90.62595052496363,7186200
2000-09-28,91.5333480834961,92.3717462071057,90.20177459305731,90.3891812324524,7036400
2000-09-29,90.66537475585938,92.144901106314,90.66537475585938,91.82926881821702,9333600
2000-10-02,90.80345916748047,91.47417774486355,90.35960128538872,91.07963740522644,5517800
2000-10-03,89.9551773071289,92.0067866141336,89.81708821915744,91.23743312400684,9347200
2000-10-04,90.70484161376953,91.05992798807311,89.48176632450165,90.1919390731088,6148900
2000-10-05,91.02047729492188,91.43474474684935,90.46812069235192,90.52730175691298,4566900
2000-10-06,89.04776000976562,91.30650358998675,88.21922524671508,90.82319164487393,10014900
2000-10-09,88.3770751953125,89.20561027526855,87.98253468104771,89.20561027526855,4508000
2000-10-10,86.91728973388672,89.16617103884883,86.9172897338867,88.43627096618569,6104700
2000-10-11,86.18732452392578,87.5090344674147,85.29960889023921,86.87777001679312,10346000
2000-10-12,84.0371322631836,86.85809703164259,83.82013497330215,86.66082676811398,12336900
2000-10-13,86.83836364746094,86.8975447221866,83.87930991117761,83.91876396099474,11778800
2000-10-16,87.23291778564453,87.26250832763424,86.28602044197403,86.73974208581615,5659000
2000-10-17,85.06289672851562,87.46959278623338,84.8458995429837,87.39068471876722,7831700
2000-10-18,84.74725341796875,85.9308742757616,82.163014545121,83.72144867454827,10897300
2000-10-19,87.94305419921875,88.03182578824892,86.12816837904646,86.38461963624471,8767300
2000-10-20,88.31787109375,89.12667893713703,87.35124708579964,87.35124708579964,7373500
2000-10-23,88.71238708496094,89.02801932720229,87.70630931281661,88.33757379729933,5290000
2000-10-24,88.12061309814453,89.60013984593071,87.74579965537204,88.98860212351242,5750700
2000-10-25,86.0492935180664,88.10090436764891,85.93093135366742,87.5880016552533,9137600
2000-10-26,86.2860107421875,86.89754854122906,84.60921355126708,86.56218910304497,9345800
2000-10-27,87.92333221435547,87.92333221435547,86.24653543665292,87.03561627321882,9762900
2000-10-30,88.71238708496094,89.06747335748246,87.2131339343145,87.39067707057525,10154100
2000-10-31,90.24128723144531,90.70487237734956,88.41653718905627,89.01821152735752,7752400
2000-11-01,89.93546295166016,90.42863833525118,89.1463823379145,89.79737384425466,6753600
2000-11-02,90.08343505859375,90.8429253136591,89.96507294092123,90.36947684296901,11395100
2000-11-03,90.13274383544922,90.74428138390597,89.87629260545123,90.5667382246766,5187100
2000-11-06,90.76399993896484,91.08949570053687,90.29055155849643,90.36945962190784,4042500
2000-11-07,90.74430847167969,90.90212466032608,89.99468157560929,90.35963151185409,5231300
2000-11-08,88.73213195800781,90.94155809835839,88.73213195800781,90.94155809835839,6123300
2000-11-09,88.39678192138672,89.14640872634381,86.6410770360925,88.37705490020363,10635300
2000-11-10,86.24652099609375,88.04167959871144,86.18733994326021,87.7457743345437,8569500
2000-11-13,85.5758056640625,86.47338499963531,83.96805366737713,85.61525970079097,17285300
2000-11-14,87.82470703125,88.14033940153303,86.48326945754718,86.7791748046875,7668900
2000-11-15,88.10088348388672,88.44610638155085,86.95671616591416,87.78525112030808,8837700
2000-11-16,86.719970703125,88.29813213539298,86.6805166673183,87.47946089240396,6684100
2000-11-17,86.25643157958984,87.74582222207331,85.6942112708378,86.68056268970103,6551100
2000-11-20,85.0234603881836,86.08871952065735,84.78673613652275,85.69417910122263,5458500
2000-11-21,85.45751190185547,85.97041478953973,84.28375337042417,85.14187935558822,7684300
2000-11-22,83.41570281982422,85.14181704395443,83.40583930997204,84.80645770898056,5736900
2000-11-24,85.12211608886719,85.20102419184644,84.35276208481949,84.35276208481949,3411600
2000-11-27,85.8717041015625,86.28597145422337,85.41798271531486,86.14788233666975,5992000
2000-11-28,84.39224243164062,86.22685639754586,84.36265188380345,85.29968589864751,5336100
2000-11-29,84.234375,85.79280957259954,84.12587639051522,84.82618559718969,6914100
2000-11-30,83.5044937133789,84.27384765971053,81.90660474792091,83.6425828832333,11201600
2000-12-01,83.46503448486328,84.62892884425986,82.6956805862791,84.0765721991225,7587200
2000-12-04,84.1751708984375,84.51053014504481,83.01127704256503,83.24800121664079,6996600
2000-12-05,86.93697357177734,87.27233289801292,84.84590953760252,85.14181482545746,8883400
2000-12-06,85.54622650146484,87.33152190060761,85.24045767619731,86.97643552287755,12888000
2000-12-07,84.37248992919922,85.7731087706706,84.37248992919922,85.14184394071167,6529100
2000-12-08,84.56974792480469,88.04170398609828,84.51056685557809,86.52272320928233,10276300
2000-12-11,87.50908660888672,88.10089738396937,86.30573803288534,86.7200055754432,6405600
2000-12-12,87.1342544555664,87.62742999584016,86.71998700173646,87.23288956362116,5022900
2000-12-13,85.94078063964844,88.00225466164851,85.87173605517954,87.90361954097864,6070500
2000-12-14,84.84591674804688,86.16762714612155,84.60919249764545,85.77308672878583,7678400
2000-12-15,82.92953491210938,84.29487442748412,82.67229703240109,84.29487442748412,9065300
2000-12-18,84.03763580322266,84.51253650001506,83.43411616771564,83.6220976935293,7235400
2000-12-19,82.32601928710938,85.46234281961912,82.32601928710938,83.87934040573408,9616600
2000-12-20,79.94163513183594,81.64336300840473,79.84269746459357,81.44548767391998,9994300
2000-12-21,80.49568939208984,81.59389754382559,79.48652514454889,79.78333815853154,14331500
2000-12-22,82.90970611572266,83.01853747219914,81.58394231864547,81.68287991544227,10182900
2000-12-26,83.8001937866211,83.8001937866211,82.49421674059583,82.85039229860271,4665300
2000-12-27,84.41358184814453,84.68071343627156,83.107605195079,83.42420559582216,4854100
2000-12-28,84.67084503173828,84.76978268660126,83.95849391672482,84.09700663353298,8358700
2000-12-29,83.06805419921875,85.0270197460798,83.06805419921875,84.88850703064517,8774600
2001-01-02,81.56419372558594,83.68145930749708,80.77269257346963,83.58252166348254,8737500
2001-01-03,85.48213195800781,86.11533293547454,80.83206227973656,81.2476004211991,19431600
2001-01-04,84.56202697753906,85.77896032470616,84.21574513078419,85.44257224500144,9219000
2001-01-05,81.8016586303711,84.61148822048061,81.8016586303711,84.51255055885703,12911400
2001-01-08,82.43486022949219,82.43486022949219,80.85185763267044,82.23698490488947,6625300
2001-01-09,82.21717834472656,83.265917322409,81.95004671833576,82.97899816813738,5702400
2001-01-10,83.66165924072266,83.66165924072266,81.56418150195336,81.68290665697803,8746100
2001-01-11,83.74079895019531,84.52240612376164,83.00866058508255,83.00866058508255,7245100
2001-01-12,83.58252716064453,84.6708413163821,83.1274139682452,84.01785282293956,7244000
2001-01-16,84.11680603027344,84.33446890167617,83.27583584530834,83.58254261864856,8542200
2001-01-17,84.50267028808594,85.51183459781369,83.98819436547963,85.38321561716212,7851400
2001-01-18,85.34363555908203,85.92736782177458,84.17617103369696,84.49277158295394,8107000
2001-01-19,84.85882568359375,86.23405907172707,84.76978179515346,86.23405907172707,7782500
2001-01-22,85.42276763916016,85.97681848324088,84.57190384289333,85.0072295060996,7050900
2001-01-23,86.09552001953125,86.53084556318322,84.94784358626698,85.14571883338152,8463100
2001-01-24,86.352783203125,86.94640911882017,86.01639518423107,86.27363308103232,6199900
2001-01-25,86.13509368896484,86.90680714034771,85.89764339623166,86.27360635972587,10818300
2001-01-26,86.03617095947266,86.19447118202919,85.1358384436824,85.58105781962264,7136800
2001-01-29,86.4952392578125,86.68519178173547,85.71639526221584,85.79871446383454,6705900
2001-01-30,87.25508117675781,87.33106218879797,85.98234125381447,86.30527987874204,7069100
2001-01-31,86.76122283935547,87.8249961160086,86.49527952019218,87.00183270228456,9706900
2001-02-01,87.33744812011719,87.350114851075,86.27367460489546,86.81189955892764,8239100
2001-02-02,85.35552215576172,87.37543549329953,85.323860163955,87.00183944899372,8276600
2001-02-05,85.98233032226562,86.07731623711803,85.32380575725749,85.35546772887496,4352900
2001-02-06,85.72908782958984,86.55857964038468,85.6214448129558,85.67210205523318,7106700
2001-02-07,85.28585052490234,85.73541785740049,84.64631128413903,85.30484578335262,5748700
2001-02-08,84.29170989990234,85.73540733624495,84.2790528370762,85.35549255198006,5943300
2001-02-09,83.4812240600586,84.43736382855454,83.11396629186639,84.43736382855454,9913000
2001-02-12,84.43736267089844,84.53233896228338,83.39257515625839,83.39257515625839,5804400
2001-02-13,83.74715423583984,84.95657037016022,83.5825254669846,84.65896515047135,6587600
2001-02-14,83.6205062866211,83.99409248527127,82.73402892340397,83.99409248527127,8400100
2001-02-15,84.43099212646484,84.5449732943351,83.57617684588637,84.11439172731487,5929800
2001-02-16,82.56937408447266,83.13292236651606,81.87285905533989,82.94929839990994,6434900
2001-02-20,81.29668426513672,83.03798719209313,81.11306020770371,82.97466322090575,5760000
2001-02-21,79.54269409179688,81.58159681119659,79.4667082491536,80.98639128544477,10910800
2001-02-22,79.66300201416016,80.12524078708964,77.89637096045833,80.00493107270948,21281600
2001-02-23,79.12479400634766,79.49205173475468,77.12388141846891,79.20077986320638,20173000
2001-02-26,80.80909729003906,80.80909729003906,78.83350882375149,79.65667189243946,11503700
2001-02-27,80.06194305419922,80.94842066771002,79.47306587897236,80.28989582079933,11415000
2001-02-28,78.48529052734375,80.31524169559684,78.05471349769937,80.25825590374812,14825800
2001-03-01,78.89684295654297,78.89684295654297,77.09222108822232,78.54858530809665,14672000
2001-03-02,78.26996612548828,79.56169658229501,77.44047446600018,77.56711271765315,12564300
2001-03-05,78.98548889160156,79.01081751051407,78.39661178697092,78.61190263225723,5293200
2001-03-06,79.83397674560547,80.89142117016563,79.46038567390502,80.00493887608543,6917000
2001-03-07,80.40389251708984,80.44188304414078,79.63138626077483,80.353235260394,6371700
2001-03-08,80.49246215820312,80.56844313854215,79.87192344345699,80.16319514027671,6055000
2001-03-09,78.11164093017578,79.84660954419388,77.95334075073411,79.84660954419388,10020300
2001-03-12,74.76837158203125,77.56711870570115,74.55941410282703,77.46580423180576,13972900
2001-03-13,75.99681091308594,76.26275910615045,74.42014117371204,75.60422923498392,12888000
2001-03-14,74.49612426757812,75.5345738786742,73.29304098713015,74.11620450294768,19883400
2001-03-15,74.51508331298828,75.26226058033622,74.3124592149417,75.00264588827739,10370300
2001-03-16,73.0205078125,74.5379320874511,72.89352376282962,74.36650483138264,58514600
2001-03-19,74.50621795654297,74.72208851489005,72.89990655534044,73.49671974400478,10067800
2001-03-20,72.50625610351562,75.21095675277255,72.44911689425248,74.85541097794083,15083900
2001-03-21,71.27448272705078,73.17919895823053,71.0459163917937,72.49349995245929,19004600
2001-03-22,70.55073547363281,71.4903933614556,68.59522441288702,71.12214682846836,28624800
2001-03-23,72.68402862548828,72.79831187977157,70.79200693656426,71.90309224722783,12861700
2001-03-26,73.61100769042969,73.8205230018381,72.86816394361358,73.45862675347072,9943800
2001-03-27,75.11572265625,75.3315932017292,73.19195837046578,73.40782891594499,12880700
2001-03-28,73.03956604003906,74.25223363615744,72.95067961284492,74.22049125155782,10953300
2001-03-29,73.31890869140625,73.9665103416017,71.19832124087245,72.82367820132052,12060300
2001-03-30,74.08714294433594,74.08714294433594,72.69669800020817,73.36335088014647,9183600
2001-04-02,72.50625610351562,74.52525717792749,72.2522976037489,73.83956244703032,10561000
2001-04-03,70.0872573852539,72.47450477132284,69.87773728924326,72.36657193784364,12836000
2001-04-04,70.37934875488281,71.17298147616916,69.39524708685758,70.20157580034663,14884300
2001-04-05,73.04590606689453,73.32526129380113,71.42689452019167,71.93482104102489,21522800
2001-04-06,71.93482208251953,72.63321742581705,71.14753547943484,72.3729037480359,14937800
2001-04-09,72.73482513427734,73.00783489048521,71.60469330195806,72.3792793471966,9034300
2001-04-10,74.06177520751953,74.7601707381951,73.12211233144771,73.29988521082538,17873600
2001-04-11,74.1125259399414,75.5474089751097,73.73792915186128,75.41407939275928,12722300
2001-04-12,75.45855712890625,75.51570117261184,73.62367966280536,73.83955016443626,9233200
2001-04-16,74.66493225097656,75.48396143644668,74.22685047750002,75.10301886840065,7350000
2001-04-17,75.7188720703125,75.97283537589216,74.29667949664525,74.48080277209183,10924700
2001-04-18,78.7282943725586,79.99810557211599,76.6267583873536,76.86167035914671,32481600
2001-04-19,79.7759017944336,79.89653058297664,78.46164719544107,78.88703284987119,13809900
2001-04-20,79.04576110839844,79.6171772177303,78.51244263565279,79.29972436187329,7626700
2001-04-23,77.61093139648438,78.65852757995123,77.40141603495086,78.506151450486,8451800
2001-04-24,77.1918716430664,78.50612685229147,76.88711463567512,77.78867998145404,10044700
2001-04-25,78.20134735107422,78.51880025565173,76.79185567971861,77.09026218505296,8249000
2001-04-26,78.55059051513672,79.50294975058901,78.4109103855718,78.55694093301229,10590400
2001-04-27,79.8584213256836,79.89651410958558,78.85526936874078,79.31240215134486,7938700
2001-04-30,80.41718292236328,80.80447106157604,79.15371670466764,80.28384842184461,10766900
2001-05-01,80.664794921875,80.72828454181773,79.1092725915669,79.40767913363999,10578000
2001-05-02,80.51873016357422,81.07109979424901,79.9981077513313,80.89332699649954,9572900
2001-05-03,79.49656677246094,80.09337986563182,78.86801129081245,80.08067903508272,9926200
2001-05-04,80.84888458251953,80.85523499543716,78.37275637867747,78.50608598627313,12145300
2001-05-07,80.1505126953125,80.87430497271153,80.14416712449032,80.54415606391171,7185200
2001-05-08,80.11241912841797,80.69653133898753,79.71877576358344,80.54415529361006,6952600
2001-05-09,79.7759017944336,80.34731789050558,79.40130491436294,79.52193854685204,9507400
2001-05-10,80.01083374023438,80.95049653725857,79.85210727643583,80.7981204883172,6872400
2001-05-11,79.45843505859375,80.30920621876045,78.98225586908234,79.99810383791764,7734400
2001-05-14,79.61714172363281,79.64253852205277,79.02032907062373,79.2996890092993,7914000
2001-05-15,79.98538208007812,80.3155307470708,79.26793589897245,79.71237257231847,9782200
2001-05-16,81.87109375,82.02982018599762,79.12195555992028,79.26163075468321,14909000
2001-05-17,81.99808502197266,82.58855248843749,81.62349290301533,81.90285302152392,11824600
2001-05-18,82.3726806640625,82.3726806640625,81.33143555620804,81.95998608791746,6683100
2001-05-21,83.5853500366211,83.70598369639355,81.99808543518208,82.43617201524233,11531500
2001-05-22,83.47743225097656,83.86472527104328,83.21712817222698,83.69965321038548,8342700
2001-05-23,82.06156158447266,83.20439378009404,82.06156158447266,83.20439378009404,12330800
2001-05-24,82.3028564453125,82.53776853254784,81.61715689803312,82.2012691743314,7902800
2001-05-25,81.3314437866211,82.34728734046006,81.2044597094308,82.31554011017566,7425000
2001-05-29,80.68380737304688,81.4901402232652,80.56952416765945,81.40759939251873,9003900
2001-05-30,79.55370330810547,80.69018049358239,79.36322961943996,80.37272757510462,10041800
2001-05-31,79.9664077758789,80.48068492341918,79.52832593516838,79.63625879128922,9874200
2001-06-01,80.46162414550781,80.69653622051948,79.43942529320218,80.1251199608537,8848300
2001-06-04,80.84888458251953,80.9060286108867,80.04890693694553,80.50603978809968,5623500
2001-06-05,81.7758560180664,82.04886081861272,80.80444622909621,80.94412625799177,9115400
2001-06-06,81.0965347290039,81.79493026735783,80.8616177964163,81.79493026735783,12064900
2001-06-07,81.38861083984375,81.4901981363595,80.63307106484181,80.66481830599021,7355300
2001-06-08,80.6330337524414,81.18540352275531,80.08701439620836,81.07746585916753,8170600
2001-06-11,80.0616226196289,80.62668840969992,79.62354089942872,80.44891555582772,7012200
2001-06-12,79.92195892333984,80.4679784256774,78.75373430509536,79.2743569882605,9364400
2001-06-13,79.23625183105469,80.36638346636278,79.14101498498944,80.10606974338089,7629400
2001-06-14,77.4585189819336,78.91880447409005,77.29979250860995,78.84261402307358,12603000
2001-06-15,77.58332061767578,77.93351400002769,76.6600905845296,76.98481491564456,16821100
2001-06-18,77.20762634277344,77.95894599510214,76.9847783225324,77.45594340214524,11368300
2001-06-19,77.54512023925781,78.24550215318754,76.97207872505173,77.92077781884994,7732300
2001-06-20,77.95257568359375,78.22636177564333,77.10574836891452,77.16305492003869,8787200
2001-06-21,78.83761596679688,79.14960323463424,77.77430895150806,77.81887856119911,12259100
2001-06-22,78.2199935913086,78.69115866156154,77.78066603376725,78.62748849386072,12212000
2001-06-25,77.50057220458984,78.59571743512087,77.36049481123453,78.49384120078021,8406800
2001-06-26,77.39224243164062,77.92707746735873,76.76826336558227,76.97837921149463,8005800
2001-06-27,77.34768676757812,77.83158383240703,76.98476154009572,77.42408901059245,10105100
2001-06-28,77.77426147460938,78.91397492123197,77.63418425602602,77.6787538385098,10269300
2001-06-29,78.06083679199219,78.95860242913666,77.84435719189206,78.18818201945439,9824200
2001-07-02,79.03498077392578,79.15595748894886,78.07355010078342,78.18815834193101,8522200
2001-07-03,79.01587677001953,79.01587677001953,78.34733277386596,78.93947451772887,3303100
2001-07-05,77.47505950927734,78.72938200619167,77.46232741601904,78.36008815129561,5517900
2001-07-06,75.80049896240234,77.35407157454038,75.80049896240234,77.23946332089946,11665900
2001-07-09,76.21436309814453,76.74920327357273,75.89600735444681,76.08065426871826,8339300
2001-07-10,75.29747772216797,76.81284882762102,75.26564021491478,76.59000085001345,8630700
2001-07-11,75.37397003173828,75.69869453439279,74.5526109119224,75.19569143662675,15328600
2001-07-12,77.16304779052734,77.34132618604615,75.9660273788063,76.08700408621776,12002800
2001-07-13,77.83162689208984,77.8825649874281,76.80015717897301,76.94022965456699,10433800
2001-07-16,76.85745239257812,77.85708935485556,76.59003470125585,77.53236509669351,6915300
2001-07-17,77.57693481445312,77.64697347528111,76.29714806526617,76.5327282355751,7469800
2001-07-18,77.04846954345703,77.44959608949073,76.44359062870596,76.7619464182411,7709300
2001-07-19,77.72335815429688,78.30276784323495,76.8892677989075,77.79339679488768,10082900
2001-07-20,77.25859069824219,77.64062158143815,76.99117296618458,77.13761878577296,6705800
2001-07-23,75.73685455322266,77.6024200231449,75.73685455322266,77.55148677916279,8065200
2001-07-24,75.004638671875,75.89603114749748,74.33608945743349,75.76869075318703,12269000
2001-07-25,75.8323745727539,76.07432816622247,74.78816760710957,75.08105445281707,12088500
2001-07-26,76.62825012207031,76.94660596375546,75.48853562591052,75.80689146759568,12898200
2001-07-27,76.92110443115234,77.2649291779085,76.3480680442813,76.93384137976696,8478800
2001-07-30,76.94660186767578,77.26495769241397,76.59641337509841,77.16308635451443,8547700
2001-07-31,77.26493072509766,78.11175808919201,76.91474235474442,77.04208269710512,11918100
2001-08-01,77.74884033203125,78.12449777893862,77.39228345256349,77.65970111216431,11940800
2001-08-02,78.06721496582031,78.4747100288736,77.60878180545429,78.46197793340757,11070100
2001-08-03,77.640625,77.90804274383215,76.9784442597551,77.90804274383215,10816300
2001-08-06,76.5964126586914,77.36683316442515,76.46906741535257,77.26495696975408,8550100
2001-08-07,76.89567565917969,77.16946190509529,76.34810802507361,76.57731978521853,8865100
2001-08-08,75.46940612792969,77.1439603223408,75.40573595554008,76.48177984249875,15183800
2001-08-09,75.69225311279297,75.74955966755661,75.04280959104894,75.57764486098841,14118500
2001-08-10,75.95332336425781,76.30351181126102,74.71173289472713,75.64133605677982,11173300
2001-08-13,75.97241973876953,76.30987607320435,75.64769549756548,76.15069819034088,7431600
2001-08-14,75.94058990478516,76.62823959420358,75.64133953520349,76.49453074199288,13178100
2001-08-15,75.2847671508789,76.1570636633613,75.18289583587871,75.915115039728,8520600
2001-08-16,75.54579162597656,75.60946178014187,74.495217080224,75.00458802898929,10734700
2001-08-17,74.3360824584961,75.04920122957672,73.86491721463928,74.90912389438908,11604600
2001-08-20,75.02369689941406,75.06826649803864,74.20870717729493,74.36788500920012,10417400
2001-08-21,73.74394989013672,75.47580651463304,73.73121779336462,75.00464121046781,14480800
2001-08-22,74.50798034667969,74.76903440303633,73.71845941765872,74.33607037272351,11752300
2001-08-23,74.24055480957031,74.82632818332766,74.17051616078162,74.46977132238369,8744100
2001-08-24,75.78141021728516,75.85144887979833,74.32970859014625,74.62896381038914,11687700
2001-08-27,75.32936096191406,75.89603399599562,75.29752829100404,75.7495930228149,7425100
2001-08-28,74.22779846191406,75.44391441964814,74.22779846191406,75.3102056404871,12046600
2001-08-29,73.56563568115234,74.60984198771449,73.33005071455727,74.5780044746505,16180000
2001-08-30,72.15216064453125,73.69300160036818,71.3371705474844,73.12632864671141,17692600
2001-08-31,72.68063354492188,73.07539164662658,72.03118496191698,72.20309982236354,15985400
2001-09-04,72.2158203125,73.9667770138355,72.18398765074615,72.48960646374503,24473400
2001-09-05,72.39410400390625,72.70609617265497,71.2798587496649,72.39410400390625,21477100
2001-09-06,70.528564453125,72.13944939913786,70.528564453125,71.72558575463219,21653000
2001-09-07,69.22328186035156,70.83416133642963,69.16597529370351,70.05100397706438,33133900
2001-09-10,70.07013702392578,70.26114765335447,68.57386037591007,68.57386037591007,23408700
2001-09-17,66.40901184082031,67.74610502829037,63.671150429272295,64.30786193356502,32388700
2001-09-18,66.24987030029297,67.04576011717431,65.81053756690217,66.42814884203824,22029200
2001-09-19,64.9127197265625,66.53633560057443,62.75426865407072,66.281650090846,42771800
2001-09-20,62.84979248046875,64.82359718713832,62.75428478255889,63.92583648532152,36210900
2001-09-21,62.171730041503906,63.26459191223903,59.94766180925604,60.2544274873821,49782100
2001-09-24,64.357421875,64.65141241171172,63.30929738847597,63.731106081710095,25549600
2001-09-25,65.02851104736328,65.18828625878186,63.846175458056265,64.38941020168895,25466200
2001-09-26,64.79845428466797,65.44394770261772,64.18491786921282,65.41199070012311,18587500
2001-09-27,65.36084747314453,65.37363222179074,63.91009056278853,64.70896669482339,20536800
2001-09-28,66.7476806640625,70.05822258408588,65.50782370868629,65.81459419927735,21687200
2001-10-01,66.63899993896484,66.67095691096364,65.71869863198154,66.4025358995914,20457400
2001-10-02,67.47624969482422,67.47624969482422,66.24278521059816,66.4664694691985,19833100
2001-10-03,68.60747528076172,68.94619795115103,66.6901727305255,66.8499479430452,32045800
2001-10-04,68.66497039794922,69.64279354111801,68.22398942124539,69.20820493571514,32674100
2001-10-05,68.53076934814453,68.78001822794684,67.43790287399429,68.54354921656586,29796100
2001-10-08,68.08338165283203,68.57549181294645,67.66157782011283,67.9172141425122,12970300
2001-10-09,67.71912384033203,68.22401408471494,67.48904714982963,68.13454035795873,15976300
2001-10-10,69.22737884521484,69.37437413298233,67.43789516188856,67.6168474309818,19987400
2001-10-11,70.30109405517578,70.49282626207093,69.63003620699536,69.63003620699536,23006300
2001-10-12,69.98151397705078,70.2307628148382,68.57549464204732,69.75782974774802,31360500
2001-10-15,69.85369110107422,69.9495522814907,69.06120291933007,69.42549003276321,16873000
2001-10-16,70.2947006225586,70.69094490206234,69.63003515820675,70.17327477757635,15877100
2001-10-17,68.79917907714844,71.03603112876807,68.79917907714844,70.98490191164579,28542300
2001-10-18,68.65220642089844,69.12514452120818,68.224010057278,68.90784771480466,16510000
2001-10-19,68.60747528076172,68.96537507245353,67.75108248211343,68.38379095842467,21912500
2001-10-22,69.9623794555664,70.02628857325548,68.51800999121818,68.57553161030555,17540600
2001-10-23,69.6044692993164,70.48003426000024,69.26574178520617,70.2755222024735,22062500
2001-10-24,69.41910552978516,69.94955529610105,69.16346432710681,69.64918212460064,16065200
2001-10-25,70.66534423828125,70.68451647371214,68.21758807863829,68.67134886231922,27467900
2001-10-26,70.50556182861328,71.445040275324,70.0901455586865,70.26909290549816,18623300
2001-10-29,68.6713638305664,70.65257977340204,68.6713638305664,70.40333090657194,18727500
2001-10-30,67.846923828125,68.83113448727902,67.46345955723817,68.6074502465622,26178600
2001-10-31,67.61685943603516,68.93340538443053,67.61685943603516,68.31986926646128,28124200
2001-11-01,69.3488540649414,69.66840457963902,67.55297685669221,68.12816875833869,29806800
2001-11-02,69.82174682617188,69.90482815629771,68.93978967423631,69.3040768539435,17575900
2001-11-05,70.73565673828125,70.99768545669659,70.26911114077971,70.37776195178195,15929500
2001-11-06,71.8349609375,71.88609019311144,70.20525126555349,70.52480179919365,23245800
2001-11-07,71.73904418945312,72.29506348105218,71.34919242338093,71.43227374816898,19716000
2001-11-08,71.9627685546875,72.90864013975373,71.5153998241549,72.13532854785969,22563500
2001-11-09,72.03941345214844,72.19279621606337,71.22136554333528,71.73903541901701,15895800
2001-11-12,71.59846496582031,71.99470923444089,70.30109106540209,70.94019189326939,26068800
2001-11-13,73.20894622802734,73.20894622802734,72.33337700293133,72.49954445734745,15296200
2001-11-14,73.27926635742188,73.75219936658948,72.67211795116016,73.60520410479351,17571300
2001-11-15,73.41352081298828,73.61164052810663,72.81276441752897,73.09397036875721,19470200
2001-11-16,73.08755493164062,73.56048807460056,72.4740188574342,73.54770820628327,18134900
2001-11-19,73.98870086669922,74.03983010327458,73.14508796701504,73.4454661369549,13625400
2001-11-20,73.3687515258789,74.00785213193726,73.26649308845325,73.73303867629414,16209700
2001-11-21,72.88304901123047,73.2856807222896,72.54432639901303,73.17703476666357,11470200
2001-11-23,73.93110656738281,73.97584338346235,72.85741810552663,72.88298269699312,6717100
2001-11-26,74.0909194946289,74.35294815824511,73.54129268690737,73.97588121217673,13726000
2001-11-27,73.77139282226562,74.71087161646984,72.914995362397,73.89282351363799,19261400
2001-11-28,72.43565368652344,73.60520885824586,72.37813697772572,73.33039542788404,20195500
2001-11-29,73.41352081298828,73.44547293183969,72.21840039622107,72.64020932306344,16354700
2001-11-30,72.88943481445312,73.43906179166734,72.87025769817251,73.11311907821444,13680300
2001-12-03,72.45481872558594,72.90857945341963,72.22474217683231,72.63376606885,15220400
2001-12-04,73.68193817138672,73.6883305452046,72.44208095215772,72.80636824453549,17239900
2001-12-05,75.03038787841797,75.413847142938,73.85444060781421,73.88639757816968,25204000
2001-12-06,74.99210357666016,75.37556804969374,74.73007472110409,74.99210357666016,17972900
2001-12-07,74.49356079101562,74.83228331256397,73.94393391138799,74.7108575200535,18857800
2001-12-10,73.10031127929688,74.38490461168664,73.08113904501415,74.03978976674836,13862700
2001-12-11,72.9533462524414,73.95673416152323,72.79357107662614,73.4326717798872,20833300
2001-12-12,73.03643035888672,73.35598072263821,72.28868367793663,73.20899028584542,16171500
2001-12-13,71.61761474609375,72.66573938495301,71.60483487896413,72.50596422810311,19026700
2001-12-14,72.30148315429688,72.5315598686679,71.5793008917146,71.79020535921352,16721900
2001-12-17,73.04915618896484,73.08750064138526,72.15441491688975,72.21193159552037,13925900
2001-12-18,73.4837875366211,73.59243346603208,73.07475867563468,73.26009843072134,13663700
2001-12-19,74.00145721435547,74.08453853494213,72.85746658375956,72.91498329586945,20143400
2001-12-20,73.27285766601562,74.00782405938638,73.20894860484182,73.81609199991615,14867900
2001-12-21,73.71727752685547,73.7942351258866,73.23630354153178,73.76858259287621,14037700
2001-12-24,73.57621002197266,73.77501107496691,73.4992524082065,73.64033892041712,5728800
2001-12-26,73.9802474975586,74.52535062823925,73.52492582874426,73.52492582874426,10304800
2001-12-27,74.42916107177734,74.44198979182248,73.90971044258114,73.94177734997086,9407300
2001-12-28,74.39068603515625,74.87166029831458,74.33938093949912,74.57666333737092,10593800
2001-12-31,73.30046081542969,74.6407730689698,73.2555700914528,74.48686271429501,14619500
2002-01-02,74.08927917480469,74.23036574999465,72.98624401538153,73.81993474547303,18651900
2002-01-03,74.92938995361328,74.99993325116982,74.09570399851897,74.1662472960755,15743000
2002-01-04,75.4295883178711,75.66045634370771,74.74339860016865,75.14100083921385,20140700
2002-01-07,74.89733123779297,75.66688829072802,74.74983027473947,75.4809109428451,13106500
2002-01-08,74.7241439819336,75.07044596721298,74.37143253055952,74.8972974209344,12683700
2002-01-09,74.11491394042969,75.5321839273349,73.96741304010817,74.8267561133748,16610300
2002-01-10,74.44194793701172,74.61509641848374,73.94173577640322,74.19184185670747,12823400
2002-01-11,73.71090698242188,74.57024527475743,73.55699170309252,74.52535454146711,13708400
2002-01-14,73.24915313720703,73.64675528042042,73.08241407146366,73.52491182978493,12301100
2002-01-15,73.84561920166016,73.99952967167569,73.04399503510442,73.46084058025853,20219900
2002-01-16,72.351318359375,73.36457146871956,72.267951290652,73.30044257795412,17067000
2002-01-17,72.89643859863281,73.26197874488352,72.72329006313382,72.95415803894709,17283400
2002-01-18,72.56298828125,73.01189565789366,72.25516258532046,72.46679244547681,17028000
2002-01-22,72.062744140625,73.0631686505226,71.83828565821145,72.94773467686355,11689300
2002-01-23,72.61431121826172,72.81952676838819,71.83833487372372,72.22952778064052,12438900
2002-01-24,72.8387222290039,73.26839127051652,72.6719831633715,72.87719859310302,12142800
2002-01-25,72.8194808959961,73.22349737971992,72.49241713714068,72.543722215534,12810700
2002-01-28,73.0182876586914,73.22991745404252,72.41546517231744,73.0439401998905,10589200
2002-01-29,70.72248840332031,73.19148981293898,70.57499229927838,73.0119267857268,27720800
2002-01-30,71.74211120605469,72.71688340166037,69.51680319363993,70.7929866613902,34711800
2002-01-31,72.58221435546875,72.65917198978732,71.58178957294044,71.92167722891621,19909200
2002-02-01,72.2423095703125,72.6591547617698,71.93448399874853,72.52447771046455,15838500
2002-02-04,70.44668579101562,71.97298036078818,70.18375577651015,71.97298036078818,24243400
2002-02-05,70.01060485839844,70.85711927259244,69.60017392380271,70.15810576898252,33614000
2002-02-06,69.70919036865234,70.37614182991676,69.29875945290846,70.31842727585394,29486000
2002-02-07,69.27310943603516,70.45310203138453,69.26028561001644,69.72202163025217,23445400
2002-02-08,70.6005859375,71.02384551435385,69.45266533591058,69.66429023161571,19277800
2002-02-11,71.46635437011719,71.59461219910936,70.42744834147933,70.57494924827064,18792400
2002-02-12,71.24191284179688,71.63952003497135,70.56213737891754,71.15854572231738,13942500
2002-02-13,71.9986343383789,72.17178780291957,71.40864045097852,71.4920124497288,16781100
2002-02-14,71.86395263671875,72.44753697990842,71.56254137311285,72.15254007521733,20453800
2002-02-15,71.11363983154297,71.9793924313283,70.99820582539009,71.92167787461318,18366800
2002-02-19,69.74767303466797,70.7288596152656,69.65147721657118,70.63907815643462,15988100
2002-02-20,70.9212417602539,70.9212417602539,69.14484599116665,69.93364577714804,29242800
2002-02-21,69.45269012451172,70.94691321518397,69.42703757499619,70.49800583047103,26288600
2002-02-22,70.31200408935547,70.50439569752257,69.17690730079073,69.48472800259188,26572900
2002-02-25,71.47277069091797,71.70363871942224,70.35049745508115,70.37615000188418,17458700
2002-02-26,71.32521057128906,71.8510750764123,70.90836562257365,71.5689022078569,22346500
2002-02-27,71.60102081298828,72.37699186938762,70.95972193404118,71.7998218997908,28597900
2002-02-28,71.28035736083984,72.30643438689906,71.20339974911495,71.71644070850516,23755400
2002-03-01,72.94132232666016,73.0118655843222,71.51122877817667,71.64590093569835,26273600
2002-03-04,74.23033905029297,74.38424939844812,72.88361249531148,73.0439372016836,27184600
2002-03-05,73.99304962158203,74.6471771007209,73.73011967258324,73.96098761901798,22718900
2002-03-06,74.87162780761719,75.12814828186202,73.79424572996577,73.81348390930793,20143200
2002-03-07,74.71131134033203,75.3526101501203,74.11490325152009,75.26282870816767,19330800
2002-03-08,75.02552795410156,75.60911207613414,74.69846916422438,75.27563403705254,19930100
2002-03-11,75.18589782714844,75.60915754063427,74.66644717216434,74.96144414244688,15621800
2002-03-12,75.1409912109375,75.1922962973767,74.35219630100467,74.45480158116074,17153600
2002-03-13,74.41632843017578,74.87165008338486,74.15980787961111,74.7946924503987,17175300
2002-03-14,74.31373596191406,74.66645241458356,74.15341119119587,74.41634616368108,11168100
2002-03-15,75.02178192138672,75.21471969129287,74.5394301365172,74.58444944016891,21220100
2002-03-18,75.03466796875,75.6070585553853,74.66808068397529,75.31121661563182,17548900
2002-03-19,75.53632354736328,75.72283358187575,75.13114962139801,75.43985706980376,17912000
2002-03-20,74.11499786376953,74.9768027319906,74.08284400495019,74.92535066979319,17114500
2002-03-21,74.14715576171875,74.5394691445907,73.3946877611566,74.15358849610283,25846800
2002-03-22,73.98637390136719,74.56519734430485,73.76770508659571,74.28221590403781,15235400
2002-03-25,73.0666732788086,74.19216115444429,72.86730271099492,74.01851170585878,17499600
2002-03-26,73.49111938476562,73.97347119327002,72.9766137330694,73.00876757626122,19947600
2002-03-27,73.68404388427734,73.96702511224387,73.16310562982541,73.33675007906434,19020300
2002-03-28,73.65193939208984,74.45585946665165,73.6390788298619,73.94135356297534,17532900
2002-04-01,73.68404388427734,74.02490495974514,72.99588900359655,73.46538014029238,17711000
2002-04-02,73.27887725830078,73.9284407295325,73.16954046908884,73.30460327301327,15669500
2002-04-03,72.76439666748047,73.4525518968272,72.13412622169847,73.32392667716407,25658500
2002-04-04,72.46212768554688,72.93161909693114,72.17915119875255,72.4171083644611,23549000
2002-04-05,72.4749984741211,73.07954298641404,72.14699773541918,72.79656647884185,19404900
2002-04-08,72.62936401367188,72.69367664590534,71.5360345454849,71.59391444247322,16470100
2002-04-09,72.12128448486328,72.79014664200174,71.98622648775925,72.79014664200174,15122700
2002-04-10,72.93807220458984,73.02167813660662,72.08912778685307,72.09556052215878,17199300
2002-04-11,71.12439727783203,72.70651591981698,71.06651740169815,72.60361181992891,25453700
2002-04-12,71.658203125,71.8061265457632,70.77067732063387,71.40094777530705,14950600
2002-04-15,71.11152648925781,71.94117227499424,70.87356447255088,71.78682105410326,17394900
2002-04-16,72.8029556274414,72.88013367399715,71.81895884085033,71.83825212580533,15040900
2002-04-17,72.64863586425781,73.10526179706468,72.41710653118139,72.92518451728031,12920100
2002-04-18,72.33353424072266,72.97023774921372,71.4845945938212,72.61008302226769,25204800
2002-04-19,72.59717559814453,72.82870490502836,72.39137231499639,72.80297888129267,10499200
2002-04-22,71.38810729980469,72.3077921216483,71.28520316828192,72.27563335386269,13922900
2002-04-23,71.07937622070312,71.69679099144133,70.85427964113056,71.44596348078913,16967000
2002-04-24,70.365478515625,71.9090002532007,70.35904578480992,71.10508063707339,18902700
2002-04-25,70.40410614013672,70.5777507195097,69.9217540891977,70.236889388591,25451500
2002-04-26,69.06632995605469,70.75134695214051,69.00201737901769,70.60985633861806,19769800
2002-04-29,68.72551727294922,69.62590870565923,68.57759382554616,69.41367263593514,17724400
2002-04-30,69.36866760253906,69.87031302943737,68.58404069103574,68.82843066890581,19473500
2002-05-01,70.21759033203125,70.2626096568233,68.68692838236335,69.43939634248969,24575600
2002-05-02,69.94747924804688,70.68708669827366,69.3172037503849,70.1661431531765,15666800
2002-05-03,69.18856048583984,69.94746103518335,68.94416570640233,69.84455693715968,18185500
2002-05-06,67.83152770996094,69.45222762600127,67.7286236356796,69.22713109693127,23630400
2002-05-07,67.5936050415039,68.37823189078655,67.46497978055952,68.23674115970421,21910000
2002-05-08,70.10828399658203,70.33338070276673,68.68052073629599,68.84773753520756,27917400
2002-05-09,69.29791259765625,70.16614532402853,69.18858064170884,69.8767360508174,18085600
2002-05-10,67.99227905273438,69.4907857956517,67.91510103401995,69.43933378317543,18958900
2002-05-13,69.37511444091797,69.42656161579032,68.03738975942574,68.31393856466941,14677700
2002-05-14,70.88644409179688,70.98291546414434,70.10181745991973,70.50056350914488,34201200
2002-05-15,70.60987091064453,71.33018467962401,70.28830305236129,70.42336096403191,29535300
2002-05-16,70.97650146484375,71.05367956444016,70.31407205687677,70.55202927717221,28092000
2002-05-17,71.32379913330078,71.548895801666,70.80928825697508,71.16944783309881,27823700
2002-05-20,70.552001953125,71.18870998804199,70.41694401119216,71.15655123231346,13833800
2002-05-21,69.90886688232422,71.05365284891577,69.66447701893264,70.81569081135275,16877200
2002-05-22,70.06324005126953,70.17900473190295,69.45869061832411,69.60018132873589,15844200
2002-05-23,70.80926513671875,70.97648185293681,69.76738806711931,70.26903330903575,13879800
2002-05-24,69.90245056152344,70.87358234909676,69.85099850600301,70.73209655652268,11877000
2002-05-28,69.52300262451172,70.18543193854582,69.1049632311029,70.13398478618258,24236900
2002-05-29,69.00847625732422,69.4715299314912,68.89913943752299,69.21427952586632,14773300
2002-05-30,68.81556701660156,69.14356782206303,68.10811824357316,68.52615771614337,18217900
2002-05-31,68.95706176757812,69.8188618905799,68.71909961537006,69.07282647584967,19826300
2002-06-03,67.12410736083984,69.2014339325064,66.96975118505769,68.87343319239228,26056300
2002-06-04,67.29134368896484,67.6579311531136,66.59676027203153,66.98264103849229,25856200
2002-06-05,67.92158508300781,67.9601716681536,67.11123244778247,67.49711301945341,19695900
2002-06-06,66.538818359375,67.91512835296712,66.33944786424985,67.8765417814554,22998500
2002-06-07,66.46166229248047,66.83468229626038,65.4197852631651,65.45837184743971,24011600
2002-06-10,66.71890258789062,67.18196112169103,66.25584405409022,66.39733470683329,18759900
2002-06-11,65.57413482666016,67.23342660227547,65.42621631957282,66.96973853185571,19990700
2002-06-12,65.97285461425781,66.12077306253221,64.81520850859272,65.4133248453971,31266000
2002-06-13,65.3104476928711,66.24299271499903,65.175384846106,65.68346275767999,21043900
2002-06-14,65.21399688720703,65.31689610439066,63.34890134839389,64.51297603651764,39267500
2002-06-17,66.96332550048828,67.10481130604164,65.5034039582821,65.54842328430784,17647200
2002-06-18,67.50996398925781,67.54855056611791,66.64815948773474,66.71890481646935,21628500
2002-06-19,65.93429565429688,67.16268767811603,65.75421837277611,66.56457104635751,21540700
2002-06-20,65.09178924560547,66.27516195119793,64.9310052572782,65.7670839592752,25691000
2002-06-21,64.07404327392578,65.13893318600398,63.6868119215102,64.84205565168824,31190700
2002-06-24,64.40961456298828,64.98400850983838,62.76387599910282,63.64160257665356,37169700
2002-06-25,62.963958740234375,65.11309878884401,62.95105316581366,64.73232279452806,33355000
2002-06-26,63.06721115112305,63.34472772605963,61.43438301734489,61.44083334138398,37913600
2002-06-27,64.17082214355469,64.20954378339931,62.32501514431872,63.57061210640577,31616400
2002-06-28,63.86747360229492,64.8613698101556,63.815841479414054,64.04818110846773,28184200
2002-07-01,62.62189483642578,64.40961944148381,62.53154105753242,64.00947776073343,20270200
2002-07-02,61.29239273071289,62.73160271453187,61.16331240047301,62.51217353899076,34213900
2002-07-03,61.64090347290039,61.85387740522359,60.48566034461478,61.06650953256721,30565800
2002-07-05,64.09336853027344,64.23535442960161,62.38309726266882,62.46054053582159,19013500
2002-07-08,63.29309844970703,64.3450774132471,62.963949724118734,63.88040294195454,19118600
2002-07-09,61.698997497558594,63.46735653561648,61.318221523122396,63.07367498743336,28620400
2002-07-10,59.45302200317383,62.00229738826413,59.40138988767039,61.95712051817601,50522500
2002-07-11,59.937076568603516,60.2468594890651,58.29133818545261,59.22069679465884,59476500
2002-07-12,59.27879333496094,60.595383369622155,59.065814449079284,60.233968235213474,39018600
2002-07-15,59.595027923583984,59.633754488404676,56.7230579982231,59.143259033272706,77317200
2002-07-16,58.44622802734375,59.62083182638392,58.00091447602184,58.807647989755765,53282400
2002-07-17,58.56242752075195,60.21462194221746,57.92349563285678,59.67249418588739,48880600
2002-07-18,56.66497802734375,58.79475207744621,56.63270670922676,58.53659630424572,32656700
2002-07-19,54.67074203491211,56.50364400577323,54.40613587764443,55.99378759298929,77572600
2002-07-22,53.05081558227539,55.445205962974555,52.56677527614546,54.27705200925374,78134000
2002-07-23,51.59870910644531,53.722033767860026,51.469633624913946,53.27671990983703,74484100
2002-07-24,54.67719650268555,54.93535233031448,50.133670677720026,50.42409290635704,107022800
2002-07-25,54.21251678466797,55.40648194335725,52.66358674889488,54.386769136382746,87176600
2002-07-26,55.2451171875,55.458096044435585,54.08342373168193,54.63200160725529,41206800
2002-07-29,57.936397552490234,58.304268000959105,56.34229555840031,56.471371008282695,53492900
2002-07-30,58.69149398803711,58.988371410249904,57.258734093597006,57.64596529979143,47532200
2002-07-31,58.83348083496094,59.08518136912914,57.60078931088057,58.40106780608428,44669900
2002-08-01,57.29746627807617,58.956110937611754,57.00704405097926,58.65277821104979,66571900
2002-08-02,56.01311492919922,57.381336570423706,55.25801363627641,57.116725647450245,51772900
2002-08-05,54.06406021118164,56.10348524522784,53.922079224632725,55.81951342430711,47191300
2002-08-06,55.88405990600586,56.729520253608165,54.928889870246955,55.00633808554318,64730000
2002-08-07,56.85860061645508,57.116756432571265,55.3548475421975,56.710164345829305,43289400
2002-08-08,58.69794464111328,58.794753674181564,56.664979566239154,57.06511634785051,48339800
2002-08-09,58.91736602783203,59.336868464405484,57.66531396529581,58.14935410197805,41879200
2002-08-12,58.484947204589844,58.904444639670515,57.79438360092584,58.07835041366984,25841700
2002-08-13,57.42008972167969,59.15618255541949,57.21356605150308,58.18164667868955,49690500
2002-08-14,59.5175666809082,59.782172687121694,56.80693938530267,57.45232613322159,57423600
2002-08-15,60.343692779541016,60.659931074235566,59.50468759485931,59.91773493761909,45551500
2002-08-16,60.1629638671875,60.71799696060962,59.3755911102905,59.90480813844752,36517300
2002-08-19,61.569908142089844,61.79579256092459,60.08551637732828,60.31785604353289,33669900
2002-08-20,60.918087005615234,61.56992934493717,60.42114111304544,61.195603651155245,30508300
2002-08-21,61.79574966430664,61.81511046906554,60.3888070729045,61.35043145922151,39628900
2002-08-22,62.3960075378418,62.6993401776558,61.35693420413963,61.62799552843286,38399800
2002-08-23,61.053592681884766,62.05394423055406,60.76317058009599,61.963590468934854,33716400
2002-08-26,61.47958755493164,61.72483292432322,60.34370467644391,61.25370301418758,33830100
2002-08-27,60.7696533203125,62.11851003181075,60.3436954594733,61.76354514777808,35335700
2002-08-28,59.44014358520508,60.337231149514494,59.24653043346123,60.201700466120144,38970600
2002-08-29,59.465965270996094,60.053269878397195,58.60759927121571,58.90447673771388,42965700
2002-08-30,59.23362350463867,60.27269706384769,58.98837819475495,59.16908578350217,30366700
2002-09-03,56.974754333496094,58.73020747666846,56.890855809708896,58.55595518144545,76586400
2002-09-04,57.7879524230957,58.24617660105449,56.83277749901695,57.18774231767406,51099500
2002-09-05,57.29746627807617,57.716968880259465,56.471371573174636,57.110303427135534,67250900
2002-09-06,58.084815979003906,58.452686283247836,57.65885829834733,57.92346926795112,38622200
2002-09-09,58.51079559326172,58.95610933444021,57.31037521912151,57.50398839061698,33998400
2002-09-10,59.18198013305664,59.23361226973772,58.44623941904167,58.82056502411218,41416600
2002-09-11,58.81412887573242,60.233983552085704,58.794768049167544,59.67895021229782,27711200
2002-09-12,57.72986602783203,58.62695357708711,57.43298859434372,58.56887110971232,43601700
2002-09-13,57.87185287475586,58.02029405580822,56.955404488520855,57.239376352840736,41131000
2002-09-16,58.01384735107422,58.013847351074226,57.09094358002346,57.639521642779414,28167600
2002-09-17,56.68434143066406,58.85284214606614,56.632709288889714,58.65922407636836,47609700
2002-09-18,56.11641311645508,57.11676521118814,55.684004889250836,56.15513969536784,54719400
2002-09-19,54.66427230834961,56.01958883288175,54.66427230834961,55.496822058823604,48510500
2002-09-20,54.68244552612305,55.23348282427635,54.48796439229707,55.05196512097752,46325600
2002-09-23,54.23512649536133,54.49443463095287,53.606293879982,54.22864230817585,46893800
2002-09-24,53.35992431640625,54.22862207365159,53.06171611495898,53.44420388041304,69507000
2002-09-25,54.68244552612305,54.954722081071296,53.18491952792123,54.047133564577145,59294400
2002-09-26,55.57707214355469,55.73265803025394,54.747269207190975,55.11678877934305,53638000
2002-09-27,53.645172119140625,55.512216812340135,53.645172119140625,55.103802176760766,64648300
2002-09-30,53.02281951904297,53.67758367583159,52.44585073947142,53.15895771968509,73096400
2002-10-01,55.57058334350586,55.602994388135684,52.815392304697774,53.437740745827895,67198100
2002-10-02,53.90449523925781,55.44740020933634,53.54793917983515,54.902847259656276,56749100
2002-10-03,53.35992431640625,54.84448608486037,53.12654312466773,53.897997894358056,55547000
2002-10-04,52.381046295166016,53.75539726279891,51.59014359704515,53.6776067980564,68483700
2002-10-07,51.29839324951172,52.6403326158356,50.92239461850059,51.90129383125049,53188000
2002-10-08,52.10230255126953,52.711682822743285,50.69553018870519,51.73926212900095,79531000
2002-10-09,50.63066482543945,51.667911791472136,50.423215432232915,51.272460612862226,79956400
2002-10-10,52.27083969116211,52.55608461069472,49.962963366903715,50.52696901798331,76749000
2002-10-11,54.559268951416016,54.92878850107047,53.04229057400216,53.22380825509756,82308300
2002-10-14,54.86393737792969,55.00655977645797,53.833174500176604,53.93689673347999,40631900
2002-10-15,57.50243377685547,57.515402146551246,56.303116771156965,56.393875575091954,82320300
2002-10-16,56.108646392822266,56.91899654323284,55.700226751585056,56.666167691983524,62977800
2002-10-17,57.22365951538086,57.891391907712915,56.951383168594596,57.61263137762716,68534100
2002-10-18,57.463584899902344,57.768277535675146,56.35502580416723,56.82178856994788,47448700
2002-10-21,58.45541763305664,58.66935126115578,56.7698902987287,57.126446345560595,45859100
2002-10-22,58.03400421142578,58.35166486737161,57.385724426040866,57.72931686691996,40966800
2002-10-23,58.47487258911133,58.52025200568128,56.84120864660752,57.547831696909014,54905800
2002-10-24,57.282012939453125,58.92864449563732,57.11345877887184,58.83140152045646,54987400
2002-10-25,58.47487258911133,58.59804741093782,57.00976288500397,57.18479636434938,43672100
2002-10-28,58.09235382080078,59.18146409289747,57.59965978328545,59.09070531572128,39416100
2002-10-29,57.418174743652344,58.01459131597203,56.40037506954705,57.748799016866926,59508200
2002-10-30,57.9756965637207,58.31928426698363,57.197762327879566,57.48948642982368,41688600
2002-10-31,57.385780334472656,58.5397236313189,57.17185155582078,58.124824560133284,41620600
2002-11-01,58.52021026611328,58.87676610341034,57.081033390251704,57.275514345701254,51878900
2002-11-04,59.07776641845703,60.2511568160756,58.92866475842943,59.51211786415345,49080600
2002-11-05,59.544525146484375,59.687147557328565,58.8897608721472,58.8897608721472,37270800
2002-11-06,60.315975189208984,60.33542279894643,58.857345107090495,59.95293995148554,65013100
2002-11-07,58.83790588378906,59.78439427846407,58.48783402066518,59.65473528509326,51572000
2002-11-08,58.11829376220703,59.36298997756015,58.03401421015775,58.688778291081434,37905400
2002-11-11,57.217227935791016,58.05998946532321,56.91901955340391,58.02757841379513,33505100
2002-11-12,57.67101287841797,58.29984553879302,57.28852988886218,57.47653176280835,37724500
2002-11-13,57.72935485839844,58.17666484141917,56.6921025623848,57.2561081273933,63891500
2002-11-14,58.818458557128906,58.99349201654905,58.18314185148657,58.390591295903164,31896800
2002-11-15,59.25279998779297,59.35004298847552,58.312790909174225,58.34520689139657,39152100
2002-11-18,58.65636444091797,59.738990629899156,58.572084892924735,59.738990629899156,28934800
2002-11-19,58.57859802246094,59.05832397538738,58.18963089992638,58.35818018723399,32806600
2002-11-20,59.88164138793945,59.91405242901314,58.3127996096135,58.33225216943997,36688400
2002-11-21,60.99667739868164,61.06150937095779,59.920534913491394,60.030741352784744,55128200
2002-11-22,60.562355041503906,61.11339240377578,60.46511199028251,60.601255229584694,32513800
2002-11-25,60.601200103759766,61.10685757495574,60.14091707640697,60.56878413417744,33846400
2002-11-26,59.44727325439453,60.58176323975309,59.395414614011564,60.33541862348655,42284700
2002-11-27,61.119850158691406,61.35971558849839,59.92053290162629,59.97887573953385,37764000
2002-11-29,60.925331115722656,61.55415829831122,60.78918802015062,61.4569202957338,19385700
2002-12-02,61.022586822509766,62.26728802242041,60.43265466979779,61.891284483426745,49911900
2002-12-03,60.20576858520508,60.54935621213624,59.86866019751039,60.45211321776338,34407700
2002-12-04,59.933502197265625,60.38081711563487,59.27225857296731,59.49267146573828,64040800
2002-12-05,59.27223205566406,60.160377308220845,59.05829849945953,60.114997912600174,36724900
2002-12-06,59.661251068115234,59.75200993854865,58.33227906763297,58.423037938066386,49824100
2002-12-09,58.02107620239258,59.291704763697695,58.00811277500545,59.03887588877391,36789600
2002-12-10,58.79899597167969,59.0583089694766,58.1896161147386,58.35816535922015,33319900
2002-12-11,58.85087966918945,59.39543764523136,58.44894908395345,58.617498386026604,39201000
2002-12-12,58.8443717956543,59.31113417409728,58.474852403717556,59.12313238578087,34465600
2002-12-13,57.91733932495117,58.656383158185974,57.87195991769842,58.286863714560795,36862200
2002-12-16,59.41484069824219,59.50559946851306,58.124765367121505,58.228487556295924,37098400
2002-12-17,58.896236419677734,59.47320521820815,58.82492522471476,59.23334478604525,32353900
2002-12-18,58.21554946899414,58.604516503119804,57.91085705936739,58.55265291297393,35612600
2002-12-19,57.8006591796875,58.79900623458559,57.437618941012374,57.92382904200173,39264200
2002-12-20,58.62540054321289,58.64494372016406,58.04559643231224,58.110742012245844,31176900
2002-12-23,58.64495086669922,58.938113467559276,58.182410731429094,58.36482036558748,22599300
2002-12-24,58.2084846496582,58.54073369302738,58.14333904534627,58.36483509406504,10937000
2002-12-26,58.23455047607422,59.029339861385886,57.87624215637091,58.436503363384325,17485600
2002-12-27,56.92509460449219,58.16939699151532,56.92509460449219,57.95441202879024,22205700
2002-12-30,57.40068054199219,57.635208744086924,56.82087608967243,57.19221158127376,29968000
2002-12-31,57.47885513305664,57.609146362544195,56.74921132516762,57.3224996933214,34036600
2003-01-02,59.32901382446289,59.47885320503732,57.6808054896021,57.8827583775014,44516300
2003-01-03,59.51139450073242,59.53093767773403,58.95764961443369,59.22475295422683,32222600
2003-01-06,60.56024169921875,60.905517672654845,59.394117676480185,59.43972006975876,40984500
2003-01-07,60.41041946411133,60.827357134615,60.06513845140099,60.52116744558813,38640400
2003-01-08,59.53746032714844,60.19544219078513,59.31596433618959,60.06514604584782,38702200
2003-01-09,60.46253204345703,60.703576149801926,59.55048400926341,59.81758237062325,34804900
2003-01-10,60.62538146972656,61.00323267522107,59.80453846918176,59.90225432380308,37768900
2003-01-13,60.60587692260742,61.14659485745097,60.2215143953777,60.93812595092332,31649900
2003-01-14,60.80131530761719,61.12704826655187,60.2019678560471,60.38437751780404,30733000
2003-01-15,60.19540023803711,60.957613516114904,59.87618360342342,60.9380703505672,33511800
2003-01-16,59.947872161865234,60.540708340881466,59.576536907744696,60.26057788810359,44812100
2003-01-17,59.0618896484375,60.13029312364498,58.729640710937176,59.27686957713589,35618300
2003-01-21,58.143314361572266,59.231260899614135,57.947872661316964,59.19869059643086,36826200
2003-01-22,57.43975067138672,58.501643333361045,57.32900265458285,57.83062924088256,42286500
2003-01-23,57.79151916503906,58.227999972397356,57.29640386265235,57.817578388352956,55919800
2003-01-24,56.27360916137695,57.77198236026556,56.13680195161064,57.7133478587719,68633900
2003-01-27,55.50487518310547,56.54722427053315,55.04885118507246,55.85015617623195,57884400
2003-01-28,55.91530990600586,56.28664520721161,55.459280871179274,55.785013765931325,46929100
2003-01-29,56.338748931884766,56.79477287718148,55.2247383492675,55.64819199577915,53712200
2003-01-30,55.003265380859375,56.59935482583595,54.98372219937407,56.540725281380055,49845900
2003-01-31,56.06515121459961,56.16287208921497,54.82085398672048,54.82085398672048,55317000
2003-02-03,56.17591857910156,56.5537651032858,55.97396072775552,56.117284051197416,39696000
2003-02-04,55.62214660644531,55.86319073478006,54.918567340208604,55.57654420057544,43633400
2003-02-05,55.27690124511719,56.37788061739275,55.03586195316968,55.8632217679353,55270600
2003-02-06,55.01628494262695,55.30293148574873,54.49511528365693,54.96417145593269,53638000
2003-02-07,54.345279693603516,55.368080873259466,54.05212205094855,55.315967382987225,43165000
2003-02-10,54.72964096069336,54.80781367243854,53.843647112125595,54.37133279756323,45455900
2003-02-11,54.351810455322266,55.29643419981919,53.960931835885305,54.96419010695799,46861000
2003-02-12,53.485355377197266,54.475586439297196,53.47883932578728,54.1759126882196,35873600
2003-02-13,53.64820861816406,53.85016639965856,52.76873076612001,53.51791744389447,57934100
2003-02-14,54.820858001708984,54.8534283154394,53.30294121967911,53.661249462747286,59580900
2003-02-18,55.78500747680664,55.89576042595625,54.9771913805747,55.06839618319981,39492700
2003-02-19,55.49187469482422,55.68080043335641,54.90555429425727,55.58307953821338,31432000
2003-02-20,54.93812942504883,55.64822498515366,54.75571973879405,55.511417720462575,29280100
2003-02-21,55.49187469482422,55.85669406838089,54.37135236713877,54.97069990092223,60955800
2003-02-24,54.59285354614258,55.374610768880885,54.45604131038672,55.329008347059336,30628600
2003-02-25,55.02930450439453,55.042331630527656,53.56350678513818,54.03907392846869,56770600
2003-02-26,54.22801208496094,55.06840356780689,54.12378014096442,54.73615461638183,37787200
2003-02-27,54.94463348388672,55.21173689768578,54.17590846729167,54.527695691368145,51126000
2003-02-28,55.309452056884766,55.52443698180069,54.827368716098455,55.02932154055826,43666800
2003-03-03,54.7817268371582,55.88270502875233,54.540687803699306,55.54394518457016,42923100
2003-03-04,53.90877151489258,54.72961945773638,53.84362595727044,54.69052814693314,31440500
2003-03-05,54.364837646484375,54.423472173122306,53.654742066955,53.81760857275069,43974700
2003-03-06,53.90877151489258,54.41039777589924,53.726361965435615,53.986949166211616,41217700
2003-03-07,54.2801399230957,54.71662089395231,53.04886973946108,53.1661338031544,63538000
2003-03-10,52.977195739746094,53.98045361293166,52.833872476392536,53.811071122578426,41014100
2003-03-11,52.4560432434082,53.42021516750605,52.42998897571954,53.08145501434766,48102700
2003-03-12,52.80783462524414,52.83389386279222,51.71337149968146,52.36483752750945,62459800
2003-03-13,54.631919860839844,54.66449513745024,53.114003424119986,53.537457168608235,72117800
2003-03-14,54.80781936645508,55.22475710671,54.29967680616251,54.8534217764739,63951800
2003-03-17,56.53422546386719,56.644973504277296,54.215007816259075,54.3713582833258,88217500
2003-03-18,56.866451263427734,56.90553762161208,56.208469402349635,56.77524644747113,50792300
2003-03-19,57.30292892456055,57.433225061625045,56.46905352850542,56.859931999120086,49630800
2003-03-20,57.42672348022461,57.71336511340385,56.254082802657415,56.892521609397484,67321600
2003-03-21,58.65248489379883,58.78984374716401,57.51436511567968,58.083427499904616,71165300
2003-03-24,56.70329284667969,57.651725183367425,56.48089875297743,57.573232269649424,65398900
2003-03-25,57.246185302734375,57.730217446376685,56.53976904855809,56.73599384514509,61040100
2003-03-26,56.958396911621094,57.462046124921315,56.77525174314829,57.272358631765464,45740800
2003-03-27,57.004173278808594,57.337761914921366,56.24542343829023,56.513603809955384,53120200
2003-03-28,56.71636962890625,57.08920221708931,56.415487627068224,56.55938879975828,32583000
2003-03-31,55.42781448364258,56.637884991119506,55.20542535906394,55.82681143334548,61119500
2003-04-01,56.27811813354492,56.50704950573872,55.538995420367904,55.76138447040484,53574000
2003-04-02,57.638641357421875,58.0637975525677,57.23310215137318,57.25926645405347,50431200
2003-04-03,57.36393737792969,58.20771770074378,57.331235731664826,58.12922975744244,48755500
2003-04-04,57.70405197143555,57.94606304801616,57.31159739589264,57.84141082335903,36250100
2003-04-07,57.59285354614258,59.4243097721605,57.54052494217141,59.09072115975721,69776200
2003-04-08,57.68443298339844,57.98531500659962,57.370466312479714,57.75638357485208,39712700
2003-04-09,56.92568588256836,58.27965754817072,56.75562038626304,57.79563035596608,55647300
2003-04-10,57.239627838134766,57.318115733032926,56.06225951137218,56.96490523500415,41812400
2003-04-11,57.004173278808594,58.018013853573464,56.814485818679,57.66480822749017,47730100
2003-04-14,58.18155288696289,58.214259523277335,56.90607391601267,57.213498332172996,36711700
2003-04-15,58.724449157714844,58.724449157714844,57.83488257514692,58.1096003458521,49709800
2003-04-16,57.72368240356445,58.907588627060115,57.579781207051546,58.80947871155715,51788000
2003-04-17,58.580528259277344,58.68518546456203,57.68442464309571,57.756375224146375,37403100
2003-04-21,58.6393928527832,58.97298142069353,58.253475687881114,58.776751677139295,32052700
2003-04-22,59.74480438232422,59.88870552554474,58.14227981172381,58.279638632889885,59763600
2003-04-23,60.29425811767578,60.40545266577718,59.67940945586458,59.92796784612732,44227100
2003-04-24,59.757896423339844,60.228843862963444,59.49625840240115,59.86909096038148,49692400
2003-04-25,59.018768310546875,59.829841611053,58.88140449442955,59.71864708403396,43917200
2003-04-28,60.03915786743164,60.300795894666855,59.064561331069015,59.1561338920518,46432900
2003-04-29,60.24846267700195,60.699788114659505,59.78405758463298,60.26808465423404,52017100
2003-04-30,60.11765670776367,60.54935525354008,59.790610389014866,60.11765670776367,48709100
2003-05-01,60.11111068725586,60.654008740669966,59.19538005301059,60.12419034345586,50240400
2003-05-02,60.96795654296875,61.138021976918736,59.84291673278008,59.888703004574765,50201500
2003-05-05,60.85023498535156,61.340804445072656,60.50356669893489,61.1380373319604,35437800
2003-05-06,61.42580032348633,61.73321946273921,60.830574031690055,60.85673831828491,44401000
2003-05-07,61.0857048034668,61.57627423169273,60.81098712133954,61.10532678214298,41413100
2003-05-08,60.470863342285156,61.04646806663026,60.3596687897479,60.51664962805526,40570700
2003-05-09,61.30811309814453,61.35389938912306,60.57552745215667,60.71942864961245,33608100
2003-05-12,62.06027603149414,62.21726177755244,61.01372934274677,61.15763044813608,35662300
2003-05-13,61.9490966796875,62.25652093628516,61.65475706695711,61.83135983652945,39253600
2003-05-14,61.81829071044922,62.29577549599972,61.42583616319845,62.19766061160445,32195100
2003-05-15,62.21074676513672,62.35464793369263,61.64822673732567,62.066845596580805,43879200
2003-05-16,62.05377960205078,62.4331495959194,61.65478263424226,62.06685926101251,38905000
2003-05-19,60.60166931152344,61.75941080617043,60.392359917393435,61.582808032194635,41606000
2003-05-20,60.47737503051758,60.850207451591594,59.90831291821374,60.71284866386205,55404600
2003-05-21,60.60166931152344,60.75210778744179,60.1176422732846,60.24845877324226,49333800
2003-05-22,61.20345687866211,61.51742358651199,60.62131474502911,60.79791758734174,38421800
2003-05-23,61.32773971557617,61.471640923905774,60.9222004003138,61.17729618223199,26155900
2003-05-27,62.400421142578125,62.688218429065934,60.87638452627524,61.02682798651952,43719200
2003-05-28,62.577030181884766,63.10030619394284,62.420049374399305,62.69476703508134,37727100
2003-05-29,62.41349792480469,63.32922831682857,62.191108895915725,62.71437984112283,50844200
2003-05-30,63.414310455322266,63.505883070465934,62.50512164044348,62.72751584174472,52529500
2003-06-02,63.67591094970703,64.3954117815593,63.23112780068975,63.793647812397786,50305500
2003-06-03,63.937530517578125,63.99639643676331,63.348846374081965,63.54507608535697,38254500
2003-06-04,64.85980987548828,64.98408404782899,63.819800282802134,63.87867119839878,49360700
2003-06-05,65.18031311035156,65.18031311035156,64.27766234288346,64.48043439415795,46262400
2003-06-06,64.9252700805664,66.32502864751145,64.840234800023,65.67093567266485,60356800
2003-06-09,64.26461029052734,64.82058810922389,63.9506435864919,64.60473631209523,37808500
2003-06-10,64.91871643066406,64.92525875656479,64.22537959516235,64.4019824718219,29965900
2003-06-11,65.60547637939453,65.66434230601539,64.56546676279422,64.8598113668869,37610200
2003-06-12,65.80823516845703,65.9979225586997,65.1606851054416,65.89980770301158,36442000
2003-06-13,65.12147521972656,65.89984722052782,64.72247822690674,65.80827463106084,48628300
2003-06-16,66.49503326416016,66.52119256768117,65.27842104695262,65.38307323202304,36326300
2003-06-17,66.49503326416016,66.83515910355003,66.21377334318575,66.76320854304527,36801800
2003-06-18,66.4361801147461,66.80901266869384,66.06334756079836,66.25303499916899,35521000
2003-06-19,65.42230224609375,66.54080434399623,65.30456544580547,66.48193344868827,43551700
2003-06-20,65.2779312133789,65.97377238410901,65.2647992997665,65.90156188431352,41545000
2003-06-23,64.60831451416016,65.42232250432602,64.28008693990611,65.28446251578663,34237500
2003-06-24,64.67398071289062,65.04816007267047,64.34575302857999,64.47704710731844,36213600
2003-06-25,64.02407836914062,65.27791027397804,64.02407836914062,64.68053360517546,47743400
2003-06-26,64.85780334472656,64.97596553131037,63.64992265871909,64.1882159512991,33477300
2003-06-27,64.10940551757812,65.11378098865339,64.05688790917235,64.8249391507764,54208800
2003-06-30,64.08973693847656,64.7724511345951,63.98470668203522,64.47704821697441,33349000
2003-07-01,64.68055725097656,64.89062280296886,63.30200175300478,63.840295043007394,51322800
2003-07-02,65.49455261230469,65.50768452489612,64.70680814096401,64.83809721673506,34662100
2003-07-03,64.81841278076172,65.54707876521852,64.2669925808257,65.03504429146139,30792800
2003-07-07,66.10504150390625,66.23633555858673,65.41576649816905,65.41576649816905,31391100
2003-07-08,66.40045928955078,66.49236263737757,65.75713084640644,65.97376231272251,30952500
2003-07-09,66.02629089355469,66.5645841665458,65.66523838981044,66.24948334433648,36528500
2003-07-10,65.18601989746094,65.67179546633596,64.74619099555012,65.54050138802043,49777700
2003-07-11,65.80308532714844,65.94094035476883,65.24509926058296,65.24509926058296,39976300
2003-07-14,66.12474060058594,66.8927920534438,65.940928920608,66.43327036603323,42114900
2003-07-15,65.98033905029297,66.60396972793245,65.6127205905569,66.55145208963336,42573600
2003-07-16,65.59300231933594,66.21663776375362,65.14005163745051,66.17724704610937,39894200
2003-07-17,64.66085052490234,65.56675708457782,64.43765811491899,65.08754749450452,52253500
2003-07-18,65.32386779785156,65.51424043437537,64.63458773486386,65.00220109733387,35698100
2003-07-21,64.51642608642578,65.31073639846933,64.23415010707505,65.28447758546501,34786000
2003-07-22,65.10063171386719,65.25818449705028,64.28006308278077,64.78553616420794,49968300
2003-07-23,65.14661407470703,65.28446906872831,64.51641766988583,65.12692121961197,37275400
2003-07-24,64.6542739868164,65.8687151566341,64.57550256482439,65.63895682856415,40896200
2003-07-25,65.79652404785156,65.83590976744262,64.35888518249406,64.76588931557731,43241100
2003-07-28,65.55363464355469,66.28886647211935,65.42890651868787,65.88842828967469,34382800
2003-07-29,65.25162506103516,65.81617673626135,64.77897668099891,65.737400336804,53472100
2003-07-30,65.09410858154297,65.48141479637765,64.94312166204494,65.38294550177949,28363300
2003-07-31,65.24507904052734,66.24289370505768,65.10065810158041,65.63239019573552,54937200
2003-08-01,64.66739654541016,65.33697857730317,64.49015085484525,65.1137862361239,49321000
2003-08-04,64.66739654541016,64.98905815819714,63.67614789237497,64.53610251381482,55214100
2003-08-05,63.29541778564453,64.83152576679034,63.242900160500525,64.60176741723077,61415600
2003-08-06,63.66303634643555,64.37200425460499,63.295417977668585,63.47266371097825,50096900
2003-08-07,64.33261108398438,64.37856274871012,63.51860801954706,63.787752053410536,43427400
2003-08-08,64.51642608642578,64.69367182211575,64.17507153408272,64.54268489943009,27357300
2003-08-11,64.75933074951172,65.01534797278288,64.22759843256905,64.50331352624056,34631400
2003-08-12,65.35010528564453,65.37635908151975,64.60830783912215,64.7986804135237,43285600
2003-08-13,65.0153579711914,65.54708536154837,64.68056423990522,65.52739249647712,36152000
2003-08-14,65.19261932373047,65.48146145815087,64.62806697465055,65.05476421640071,35525100
2003-08-15,65.39605712890625,65.50765329093846,65.06782958761987,65.22537740509799,12567000
2003-08-18,65.96063995361328,66.03941139525904,65.47485935779763,65.59958748487963,22873800
2003-08-19,66.21005249023438,66.26257009286566,65.64550078283366,66.09845634090858,37437700
2003-08-20,65.9409408569336,66.22978282654188,65.75057320426313,65.835910600576,21295300
2003-08-21,66.1510238647461,66.64336552944113,65.90813851551259,66.33483562658664,46494200
2003-08-22,65.49455261230469,66.84028817656531,65.46829880383625,66.79433649920972,52040300
2003-08-25,65.599609375,66.1904204262785,65.17291222639005,65.45518833931428,23473000
2003-08-26,65.71778106689453,65.90158786306517,64.87751856533755,65.3173426859401,45065800
2003-08-27,65.73743438720703,65.88185535684178,65.36325506058813,65.6783558132782,18919500
2003-08-28,66.14442443847656,66.30197227719174,65.42232475198023,65.90810017622606,27402400
2003-08-29,66.59085083007812,66.6171096523853,65.96065411978077,66.04599153601038,28706600
2003-09-02,67.4836196899414,67.53613231758712,66.33482269624932,66.72212899296822,49419100
2003-09-03,67.8512191772461,68.07441157184219,67.47047390702834,67.6345877295336,44912400
2003-09-04,67.88404083251953,67.97594416824009,67.45734391189916,67.6805362962616,28381000
2003-09-05,67.5032958984375,67.9759444891495,67.2210199350043,67.5755063780383,31637300
2003-09-08,68.06127166748047,68.19256069706103,67.5689302940202,67.64114076279616,32632800
2003-09-09,67.61490631103516,67.91687519452817,67.40484078302448,67.85779661244263,35053200
2003-09-10,66.93223571777344,67.48366121843095,66.66309143225529,67.30641533993513,45904900
2003-09-11,67.129150390625,67.4573781873602,66.8534352350148,67.02411509165755,38396300
2003-09-12,67.25386047363281,67.37858861481999,66.53176046286245,66.89937892942524,42524800
2003-09-15,67.01750946044922,67.3719958720779,66.92560613243687,67.29978539887452,21312800
2003-09-16,67.99564361572266,68.03502933246176,67.07003920550041,67.10942993059616,37892600
2003-09-17,67.86432647705078,68.13347547222796,67.64770010026629,67.92997599377543,31885800
2003-09-18,68.66523742675781,68.73088196851693,67.72650595536564,67.87749290893336,30243600
2003-09-19,68.31597137451172,68.9288186335918,68.13805024723553,68.71135556768985,34331600
2003-09-22,67.57792663574219,67.84810392482295,67.23525662570911,67.77561623145377,36677400
2003-09-23,67.83490753173828,68.06554784226059,67.45270071568318,67.60426219363426,32489200
2003-09-24,66.6290054321289,68.01944397708245,66.60264581189477,67.95354744028887,41694700
2003-09-25,66.08206176757812,67.13642155299856,66.0293425214111,66.82670729383133,52673100
2003-09-26,65.86454772949219,66.33242439304009,65.79865123651845,66.18744909194977,42914700
2003-09-29,66.5103759765625,66.54991288499093,65.75914455092779,66.09522335531673,36771600
2003-09-30,65.86454772949219,66.39832088601382,65.40326725109587,66.21380869465528,70764500
2003-10-01,67.26821899414062,67.33411553739687,66.02934185955371,66.055701482373,65797600
2003-10-02,67.51199340820312,67.58448106757031,66.97163405592644,67.16932858648798,44591500
2003-10-03,68.13148498535156,68.71797285081986,67.92720416386487,68.31599734380208,48806900
2003-10-06,68.44117736816406,68.52684235012312,68.00625124225796,68.19076855564956,20226500
2003-10-07,68.70477294921875,68.7377187009125,67.81515721215892,68.04579758434731,42602900
2003-10-08,68.533447265625,68.79044729066439,68.14465416072366,68.75091037222256,30920800
2003-10-09,68.71797943115234,69.33741814605393,68.42144240204445,69.11336381249127,40066500
2003-10-10,68.9090347290039,68.9288031800934,68.47411372228994,68.71134016294559,22682800
2003-10-13,69.12651062011719,69.3835105873071,68.86951065292729,69.00130370312323,23825600
2003-10-14,69.37031555175781,69.47575399465622,68.77065074741364,69.06060143780255,38484400
2003-10-15,69.18582916259766,69.77890805661126,68.95518876703224,69.75913959807474,39021700
2003-10-16,69.46258544921875,69.67345733398506,68.96176283755544,68.98153129119254,32772200
2003-10-17,68.70477294921875,69.60756598143946,68.52026065146804,69.50213253740321,32790300
2003-10-20,69.21878051757812,69.21878051757812,68.4939085422714,68.82998239533845,27657000
2003-10-21,69.10018157958984,69.37695012401375,68.74433415350848,69.0738219523707,26729100
2003-10-22,68.23028564453125,68.65862048505613,67.99964535427362,68.55318205089193,33914500
2003-10-23,68.10511016845703,68.50049442374713,67.76903128904783,67.80198207181517,45830500
2003-10-24,68.25666046142578,68.25666046142578,67.33409406725582,67.76242900321856,51723600
2003-10-27,68.28959655761719,68.65203492011324,68.05236508899826,68.3620842301164,32460200
2003-10-28,69.21878051757812,69.29126821786716,68.41482967988784,68.52026816306592,34956200
2003-10-29,69.31103515625,69.47577901191445,68.44777896139502,69.04085281972023,30955400
2003-10-30,69.45602416992188,69.83164003336984,69.0606398443321,69.71302423293446,39123100
2003-10-31,69.39006805419922,69.68001362935728,69.33734884868679,69.45596454729967,25761600
2003-11-03,69.84480285644531,70.25336942384101,69.66029054458384,69.68665016450456,37589300
2003-11-04,69.69322204589844,70.02929579485054,69.5746063028618,69.844783534034,31421600
2003-11-05,69.74593353271484,69.83160352732277,69.12650025656123,69.51529321565862,33558800
2003-11-06,70.114990234375,70.14134985619215,69.25832012186108,69.58780785319969,28392300
2003-11-07,69.59437561035156,70.32583853013261,69.56801599739939,70.27311930422826,31723200
2003-11-10,69.31103515625,69.74595632086073,69.19901054101821,69.68005978411165,25530800
2003-11-11,69.291259765625,69.40987553093963,69.06061939628626,69.2517178254648,26558600
2003-11-12,70.06886291503906,70.1611190786104,69.29786282194274,69.3439909037284,28000000
2003-11-13,70.08860778808594,70.20722353384377,69.70640093757933,69.85796745677408,29714800
2003-11-14,69.49552154541016,70.47739315116722,69.38349697196827,70.1149598204585,49158500
2003-11-17,69.1462631225586,69.28464730161332,68.55977563760133,69.13308583161209,44382100
2003-11-18,68.42801666259766,69.48896766873447,68.3357604905496,69.35058341066241,41155000
2003-11-19,69.00788879394531,69.19899221922772,68.48070658436752,68.55319426387402,29827000
2003-11-20,68.38844299316406,69.35054614726863,68.36867454228778,68.53341833636559,53578700
2003-11-21,68.67182922363281,68.75090808546994,68.28303613166328,68.6915976821962,30016000
2003-11-24,69.58119201660156,69.70639891893732,68.98152717255653,68.98811833256947,28906400
2003-11-25,69.84480285644531,70.12816248611354,69.48895552889103,69.67347286833592,37580000
2003-11-26,70.0951919555664,70.14790614919166,69.44939406473607,70.12813769813448,33053600
2003-11-28,70.14791870117188,70.2863079384982,69.983174876108,70.03589410674824,10507500
2003-12-01,70.9057388305664,70.95845805936914,70.37856162528622,70.41150737260115,38699000
2003-12-02,70.72782135009766,71.01776706823823,70.55648636148096,70.76076709910453,35352000
2003-12-03,70.61579895019531,71.22205504867061,70.55648855600599,70.93869545496847,39078600
2003-12-04,70.9057388305664,70.98481767377051,70.47081776189981,70.62237926022969,36089500
2003-12-05,70.41151428222656,71.03754387363222,70.25995276902364,70.58944044000044,28824400
2003-12-08,70.88599395751953,70.93212204117125,70.29950616784028,70.33904308880345,32482900
2003-12-09,70.33904266357422,71.1232251084967,70.20724957610436,71.10345664813462,43596100
2003-12-10,70.33245086669922,70.49719472656656,69.825036962861,70.35880546000442,36915400
2003-12-11,71.12320709228516,71.235231691016,70.29289677431564,70.29948793529474,45304000
2003-12-12,71.26158905029297,71.30112595974978,70.76735757175241,71.14956445511027,34142200
2003-12-15,70.9057388305664,71.97987175019696,70.8266650149447,71.94032981480373,38693400
2003-12-16,71.2747573852539,71.49880653165309,70.85300864761838,70.95844708892267,32894200
2003-12-17,71.49883270263672,71.49883270263672,71.03755192204018,71.20888191049978,23198800
2003-12-18,72.30277252197266,72.30936368286001,71.42633414451474,71.53177260838156,29353100
2003-12-19,72.10150146484375,72.41268413911536,71.88963316234758,72.36633810579865,41465100
2003-12-22,72.60468292236328,72.60468292236328,72.02204136342624,72.02866366787005,27611300
2003-12-23,72.65104675292969,72.79670212701654,72.41931150265717,72.4855244606433,24741200
2003-12-24,72.57820129394531,72.75034080479793,72.45240276180512,72.5119883498683,8055800
2003-12-26,72.6312026977539,72.88279989408484,72.58485664337837,72.637825005905,8308400
2003-12-29,73.5978012084961,73.67062633696058,72.68411533510665,72.89598357143777,22483700
2003-12-30,73.6110610961914,73.67064668630398,73.39257049643476,73.55147045474023,19559500
2003-12-31,73.67729187011719,73.83619187776566,73.38597097997818,73.63756813104011,31501800
2004-01-02,73.64417266845703,74.2797775970265,73.31312811911842,73.98183447181837,38072300
2004-01-05,74.44527435302734,74.49823762374895,73.88249477099252,73.94870769923466,27959800
2004-01-06,74.51809692382812,74.63727311062253,74.15394606102946,74.25988269432969,20472800
2004-01-07,74.76972198486328,74.85579174905872,74.08114871728296,74.41219326604241,30170400
2004-01-08,75.06766510009766,75.08753201748229,74.66379031937794,74.98159533012138,36438400
2004-01-09,74.41214752197266,75.14706637254227,74.33269506063093,74.7034681622232,54084300
2004-01-12,74.96171569824219,74.9815775595803,74.39231876697188,74.51811729056405,31564100
2004-01-13,74.5247573852539,74.96836098023442,73.99508906565482,74.87566384668146,54239700
2004-01-14,75.14705657958984,75.25299318090681,74.59752182576227,74.65711242683686,30112800
2004-01-15,75.33248901367188,75.5178731338294,74.53798419832867,75.19345092355374,38408700
2004-01-16,75.63041687011719,75.683380142821,75.23315949114551,75.50461836335367,31922700
2004-01-20,75.61058044433594,75.9085235986877,75.35898838071085,75.82907108059267,29863000
2004-01-21,76.20643615722656,76.33885697633069,75.29275523642804,75.56420907575041,30725000
2004-01-22,76.00782012939453,76.39182791496926,75.8621597394387,76.23292796744391,29888500
2004-01-23,75.7628402709961,76.3852055129141,75.4450353460296,76.14023077801622,44245300
2004-01-26,76.71624755859375,76.7559712787015,75.72973139765743,75.73635370145463,30460600
2004-01-27,75.92835998535156,77.13336165638492,75.90849812532791,76.63679495044254,35322800
2004-01-28,75.06105041503906,76.32563809282719,74.77635187218527,76.12701437423536,52621300
2004-01-29,75.1338882446289,75.37885802752876,74.52476231237581,75.18685154415267,60117100
2004-01-30,75.1338882446289,75.29278824588016,74.87566879700316,75.16036736872081,30984400
2004-02-02,75.45825958251953,75.92834201338431,74.89548512592575,75.2794927819446,38832400
2004-02-03,75.33248901367188,75.57084146854253,75.10738116814872,75.30600484631532,25093500
2004-02-04,74.71675872802734,75.2994004063404,74.6770349959021,74.94187166319537,39332600
2004-02-05,74.93523406982422,75.17358651662784,74.67039745656038,74.9286117653746,37226800
2004-02-06,75.77608489990234,75.9416071518037,74.9484736403956,75.09413403028292,37216000
2004-02-09,75.79592895507812,76.05414318606614,75.67013046514256,75.92172239367694,24851300
2004-02-10,76.0409164428711,76.23292284843444,75.65028637907315,75.66352593575363,27908100
2004-02-11,76.84864807128906,77.06051628870203,75.59067832043972,76.04089891385938,42965700
2004-02-12,76.57060241699219,76.98109441000801,76.52425638386657,76.78247071861483,27814700
2004-02-13,76.22631072998047,76.93474581348981,75.97471870872975,76.6831537922391,44739900
2004-02-17,76.91487884521484,77.08702340166546,76.65004223175346,76.7030105647134,23984300
2004-02-18,76.57722473144531,77.19958502615968,76.37197368357361,76.93474838626439,28618000
2004-02-19,76.29254913330078,77.0605700631119,76.17999011789736,77.02084632316968,51146200
2004-02-20,76.06078338623047,76.51100411352081,75.69001515834604,76.45804083192179,46728800
2004-02-23,75.86878967285156,76.31239322131445,75.5907134553715,76.28590905041077,36357000
2004-02-24,75.73635864257812,76.13361102358606,74.83591721824648,75.6569061458413,43953000
2004-02-25,76.0541763305664,76.17996982398618,75.69002530696957,75.78271737636896,31213600
2004-02-26,76.10051727294922,76.33224743094131,75.70325980057582,75.88202667341157,29683000
2004-02-27,76.15348815917969,76.63019313253804,75.8952738071671,76.26604714830087,39312000
2004-03-01,76.90824127197266,77.02741241263858,76.30573800925353,76.42491420125637,33130800
2004-03-02,76.45804595947266,77.4445572327317,76.29252369644685,76.76260631727952,38556400
2004-03-03,76.59709930419922,76.7162755593585,76.0872878038302,76.3057784468455,31346200
2004-03-04,76.79568481445312,76.8685149925507,76.48450224464294,76.6169230463372,21060000
2004-03-05,77.05392456054688,77.4313151304133,76.32562758991644,76.41831965610547,55905600
2004-03-08,76.11372375488281,77.21279352850942,76.08062234746221,77.02740443134117,39281600
2004-03-09,75.80917358398438,76.27925606292986,75.63702906802192,76.20642588507408,39746100
2004-03-10,74.53795623779297,75.98792723445086,74.52471163341376,75.95482582617592,67671800
2004-03-11,73.57134246826172,74.99482998943881,73.5580978575375,74.41881570640925,89134800
2004-03-12,74.53795623779297,74.62402596091167,73.87586745625563,73.97518178375354,54012200
2004-03-15,73.6242904663086,74.3856937819707,73.42566680874755,74.33272545275258,57677200
2004-03-16,74.01494598388672,74.19370783010488,73.38595826653837,74.0083236780744,59832600
2004-03-17,74.84253692626953,74.98819730623187,74.2201716850988,74.27314001441928,41607300
2004-03-18,74.86241149902344,74.9948272934717,74.10763035772302,74.6174367228215,60014300
2004-03-19,73.78937530517578,74.79263585615088,73.776089335137,74.68633288870208,48636200
2004-03-22,72.85256958007812,73.46382566474689,72.48714199193546,73.44389417249309,62752100
2004-03-23,72.72635650634766,73.35090385919197,72.65991648497136,73.25124129260317,54080200
2004-03-24,72.78612518310547,73.17812469119303,72.32103509276068,72.80605667415446,51584300
2004-03-25,73.74951934814453,73.94884440102845,72.94558375452694,73.13826328723562,49873600
2004-03-26,73.76947021484375,74.27442343080583,73.6166586940046,73.72296169949514,37409500
2004-03-29,74.80595397949219,74.90561653928192,74.13490321960792,74.16812069350559,44113600
2004-03-30,75.05840301513672,75.12484300531443,74.56009548523438,74.61324950499508,39059900
2004-03-31,75.1447982788086,75.3441233814745,74.66642208764877,75.07171274576763,48517600
2004-04-01,75.59656524658203,75.65636477952562,75.11154880925831,75.12483477822033,45103800
2004-04-02,76.16798400878906,76.30086401957605,75.67632188602019,76.28093252486275,50987700
2004-04-05,76.5865478515625,76.65963336603924,76.0350913364834,76.0483773077307,30251800
2004-04-06,76.3407211303711,76.52675514641358,76.15468711432861,76.29421262636048,28420900
2004-04-07,76.16133880615234,76.39388642957367,75.81584773523232,76.37394986572947,45890500
2004-04-08,75.98857879638672,76.67956585260785,75.56999722315915,76.67956585260785,46929700
2004-04-12,76.28758239746094,76.46033047657535,76.12147983997917,76.12812536161182,23085200
2004-04-13,75.21784210205078,76.60646139076408,75.09160260242817,76.57988438720959,56210300
2004-04-14,75.33749389648438,75.50359649438103,74.77939160069513,74.81925460209465,62322300
2004-04-15,75.0517578125,75.59657384473323,74.65311280070311,75.37731731407872,61602500
2004-04-16,75.62979888916016,75.77596991445665,75.06505134791631,75.33081131858647,47059200
2004-04-19,75.62979888916016,75.73610186361893,75.25772580593822,75.44376488207244,28277600
2004-04-20,74.36078643798828,75.95537189042307,74.26776941792559,75.7959148658938,53299400
2004-04-21,74.85909271240234,75.04512674914135,74.32756761729769,74.54681912114161,50177300
2004-04-22,75.90885925292969,76.18791029794464,74.70627850961732,74.73285552376832,62071500
2004-04-23,75.98193359375,76.12145909572612,75.60322006865867,76.02179657458706,29395700
2004-04-26,75.87564849853516,76.36731573309515,75.47700336247003,76.07497360109168,35515200
2004-04-27,75.94208526611328,76.48690140854443,75.71618317000664,75.89557675648065,43485500
2004-04-28,74.95874786376953,75.74939751103001,74.74613683287345,75.66966647355143,50165800
2004-04-29,74.30097961425781,75.29094920281669,73.85582608231384,74.8923041731796,69687600
2004-04-30,73.72295379638672,74.66641504606115,73.68309080723208,74.52688951497245,48681400
2004-05-03,74.51359558105469,74.60661259184315,73.9820654602233,73.99535650121989,33758000
2004-05-04,74.45379638671875,75.25109157173586,74.18803639409332,74.5800359315487,51185100
2004-05-05,74.93216705322266,75.05176106885531,74.5202360530797,74.68633857095581,34405000
2004-05-06,74.2876968383789,74.805935941464,73.74952624195164,74.42722236082126,54997000
2004-05-07,73.05850982666016,74.56672309354774,73.05850982666016,73.89566769513821,60950000
2004-05-10,72.3077621459961,72.9190183038166,71.99548854585699,72.7130527671493,75279400
2004-05-11,72.91900634765625,73.11833139945985,72.63995533036854,72.72632681599188,48300600
2004-05-12,73.38412475585938,73.44392432621945,71.79618434642164,72.79944544382735,90830500
2004-05-13,73.07847595214844,73.62329210946123,72.83928787634795,72.92566444591606,57393700
2004-05-14,73.11170959472656,73.57679477440013,72.60011082803736,73.05191003216952,54123100
2004-05-17,72.48712921142578,72.7528942223944,72.02868976327701,72.34760372120259,55020400
2004-05-18,72.85256958007812,73.04524912027637,72.63995854762608,72.74626152932868,30193100
2004-05-19,72.60009765625,73.86912352476809,72.52037167936962,73.41732440260554,54804100
2004-05-20,72.83262634277344,72.99872884349848,72.44726732452028,72.71967278980541,38082900
2004-05-21,72.95886993408203,73.45053704752,72.73297293794569,73.06517798100268,47480400
2004-05-24,73.26451873779297,73.59008342200842,72.8725191089861,73.43726682849422,40961500
2004-05-25,74.31427001953125,74.40064657828839,72.81934726740772,73.01867232864295,48668000
2004-05-26,74.5733642578125,74.60658677976286,74.08834787922622,74.18801037603215,35977000
2004-05-27,74.99195861816406,75.0982615823924,74.45378307054315,74.77270210132022,45306900
2004-05-28,74.98534393310547,74.99862990820499,74.653138796088,74.89897242233825,23367200
2004-06-01,74.88567352294922,74.98533606740983,74.3275713844459,74.71957097186406,41044700
2004-06-02,75.16468811035156,75.39723562423985,74.71953470607392,75.09824813597425,39774200
2004-06-03,74.47373962402344,75.20459492614255,74.46045364991569,74.95211579666586,38688300
2004-06-04,75.0650405883789,75.4636855562904,74.88564705793897,75.0650405883789,32739500
2004-06-07,76.20785522460938,76.28094075914582,75.3574108980559,75.36405642002687,31643800
2004-06-08,76.31413269042969,76.35399566817037,75.85568817022784,75.98857321110678,32846500
2004-06-09,75.60319519042969,76.20780550003792,75.55668670507521,76.08157107924417,36737600
2004-06-10,75.97533416748047,75.97533416748047,75.69628299423037,75.7693685494696,21711000
2004-06-14,75.22451782226562,75.64309439095278,74.99197528410609,75.62316289754585,34633000
2004-06-15,75.75601959228516,76.04171607099633,75.41717417052315,75.67629364318614,37445000
2004-06-16,75.74275970458984,75.87563971154036,75.54343462511672,75.74275970458984,26633400
2004-06-17,75.62979888916016,75.78925588537156,75.29759385677595,75.64308486007506,28402400
2004-06-18,75.77251434326172,76.16594992501213,75.47244040997576,75.53245316161255,31799800
2004-06-21,75.48574829101562,76.11257505424757,75.43907002700149,75.8525097136618,25284000
2004-06-22,75.86585998535156,75.93921228516236,75.13234207479393,75.43908574329802,37334000
2004-06-23,76.51937866210938,76.57939141903535,75.63248616771484,75.75918654907161,35580000
2004-06-24,76.27931213378906,76.63940391285912,76.19262535065317,76.3926729473247,35272100
2004-06-25,75.91255187988281,76.64607500960487,75.80586084400126,76.29265300394852,32837900
2004-06-28,75.65247344970703,76.42600494913341,75.62580451097882,76.36598711811915,40824500
2004-06-29,75.96589660644531,76.1326054763265,75.63247886668294,75.70583117643474,28418100
2004-06-30,76.37263488769531,76.54601346476677,75.78582174132502,76.06589130521434,52230600
2004-07-01,75.31237030029297,76.28594909709652,75.07230921751413,76.18592279801385,57734700
2004-07-02,75.27234649658203,75.5457513377416,75.08563347703316,75.45906460367912,34615100
2004-07-06,74.61224365234375,74.98567000424683,74.43886495143768,74.93232701651245,38698200
2004-07-07,74.83226776123047,75.06565912860304,74.51885431609435,74.558862811201,29839800
2004-07-08,74.3121337890625,74.8989470715226,74.15208964039608,74.558859615044,45291100
2004-07-09,74.50555419921875,74.64558908420824,74.27215763668367,74.49888441777564,27412900
2004-07-12,74.53887176513672,74.71225042055619,74.01874088642946,74.36549310971725,35691300
2004-07-13,74.59220886230469,74.69889988165286,74.4188302323697,74.63221735861644,26752000
2004-07-14,74.36548614501953,74.9456348102329,74.09875603864852,74.1921125933885,54089400
2004-07-15,73.88533782958984,74.62552526486063,73.81865024349094,74.51215942102161,38403500
2004-07-16,73.8253402709961,74.4655015902728,73.64529696676667,74.39881907343042,40871200
2004-07-19,73.51191711425781,73.99203931204576,73.34520830044528,73.85200451894916,39592800
2004-07-20,74.44551849365234,74.61889715673867,73.51861750982958,73.70533064505267,46679800
2004-07-21,73.07184600830078,74.72559544137135,72.9851541245769,74.56555632245687,56241100
2004-07-22,73.27189636230469,73.6119839542642,72.53170841439095,72.92514407715824,72477100
2004-07-23,72.65838623046875,73.15851279187414,72.47834290688502,73.09850004652972,49610500
2004-07-26,72.51839447021484,72.97184302534683,72.15830252164943,72.81180385516892,49679100
2004-07-27,73.19855499267578,73.42528178376769,72.6650894674088,72.71843754620136,51295100
2004-07-28,73.41859436035156,73.59864281112453,72.41167123719433,73.05183785377422,65862300
2004-07-29,73.73199462890625,73.93204729655493,73.35189863041431,73.71199037965152,52200500
2004-07-30,73.91202545166016,73.95203903094882,73.41856873253168,73.56527331897388,41581700
2004-08-02,74.06536865234375,74.25875142696395,73.3851991412207,73.47855564103077,38263100
2004-08-03,73.49192810058594,74.05873716750041,73.45858938344408,73.97205039787124,40948800
2004-08-04,73.48526763916016,73.85202918707346,73.11184139950367,73.27855026900045,40763200
2004-08-05,72.28495788574219,73.60528911973154,72.19826602829974,73.54527637616398,50772000
2004-08-06,71.25138092041016,71.99156882344697,71.0980115855765,71.77151186037078,74729000
2004-08-09,71.35140228271484,71.67148557820664,71.26471549463753,71.36473675489928,37476300
2004-08-10,72.27164459228516,72.29165393496272,71.52479193399247,71.55813066335072,55870600
2004-08-11,72.1249008178711,72.23826158580064,71.4180520155271,71.80481766939752,52933200
2004-08-12,71.33806610107422,71.98489228132323,71.10466959925257,71.804848929615,50015900
2004-08-13,71.47809600830078,71.58478703849822,71.0779906542954,71.41807817017961,41634700
2004-08-16,72.21825408935547,72.44497561500032,71.41804879799697,71.44472281646381,45731900
2004-08-17,72.62505340576172,72.87177927337788,72.37165267138722,72.51835728864596,40701600
2004-08-18,73.3719253540039,73.46528193748888,72.34499784811693,72.36500210349911,43165400
2004-08-19,73.15852355957031,73.36524094069368,72.80510155150084,73.22520609339547,39881600
2004-08-20,73.6719970703125,73.77201833720784,73.02516574411345,73.09184828456092,44870900
2004-08-23,73.48526763916016,73.86536365811078,73.38524638750285,73.7186641264964,33745100
2004-08-24,73.58531188964844,73.83871268899603,73.25189406949819,73.77869483584185,30453100
2004-08-25,74.08540344238281,74.19876422639501,73.28520308899704,73.57194248167774,38551400
2004-08-26,74.08540344238281,74.22543824984784,73.91869461146497,73.99204690407281,26629500
2004-08-27,74.31880187988281,74.43883245309934,74.05207179500188,74.1520930330571,24902900
2004-08-30,73.70529174804688,74.24542661668617,73.65194371255075,74.16540965099068,26726500
2004-08-31,74.09205627441406,74.12540006799144,73.41855132703047,73.79198248241222,44125300
2004-09-01,74.23210144042969,74.44548852156711,73.67196226027494,73.98537056104763,52778300
2004-09-02,75.07230377197266,75.15232073539545,74.17874200921267,74.17874200921267,42736600
2004-09-03,74.76558685302734,75.23236959784181,74.6922345520493,74.90562167647168,30480500
2004-09-07,75.259033203125,75.43907649760824,74.8989415266089,75.04564610825061,37338800
2004-09-08,75.07230377197266,75.39238180076092,74.8922554291743,75.09897778896311,32963100
2004-09-09,75.00566101074219,75.2723911468613,74.70558197628134,75.06567376510361,34314800
2004-09-10,75.39244079589844,75.53247567901519,74.73894467468695,75.03234891607572,27900600
2004-09-13,75.63915252685547,75.84586990809801,75.35908283209761,75.55913043368842,44398100
2004-09-14,75.79251861572266,75.81252286493127,75.4791051446528,75.55245745011813,28048900
2004-09-15,75.21905517578125,75.59248147115855,75.13903307496395,75.55247296452576,38295000
2004-09-16,75.44574737548828,75.59912173695494,75.21902580968073,75.25236452300845,23911700
2004-09-17,75.76649475097656,75.90711246477984,75.4584742671131,75.63256946969216,33683000
2004-09-20,75.31118774414062,75.65938339086644,75.18395995556337,75.44510796779,37149400
2004-09-21,75.6392822265625,75.98078537662573,75.3580467423825,75.4986644844725,40920800
2004-09-22,74.69512939453125,75.34464794973061,74.64155927387732,75.33125797393107,49042100
2004-09-23,74.29337310791016,74.79558159248475,74.29337310791016,74.72862148295391,44068700
2004-09-24,74.63482666015625,74.81562445522309,74.41385384784145,74.44063889558193,34981100
2004-09-27,74.15943908691406,74.46076207808755,74.04560641102434,74.39380198101877,39355100
2004-09-28,74.51435852050781,74.6683713960243,73.93179985062704,74.26660556296486,41662900
2004-09-29,74.88927459716797,74.895972136074,74.3268039384704,74.4674216031448,33325700
2004-09-30,74.83575439453125,74.98306968626655,74.50094877103409,74.69513664570985,43536700
2004-10-01,76.1012954711914,76.1012954711914,75.13705394192279,75.17053653730503,62824300
2004-10-04,76.2285385131836,76.63030933048256,76.20175856017661,76.40263886009794,33082400
2004-10-05,76.2686996459961,76.4427999495064,76.0276392592055,76.2352170499925,36910600
2004-10-06,76.79100799560547,76.79100799560547,76.12139683593286,76.18165938811408,42297800
2004-10-07,75.96741485595703,76.60354878108453,75.9071522793157,76.59015369156658,39388800
2004-10-08,75.33795166015625,76.18165802799659,75.23081142433216,75.76650238599733,51872600
2004-10-11,75.64598083496094,75.67945833094272,75.42500790482265,75.51875306753679,20229100
2004-10-12,75.35135650634766,75.55224193380005,74.95628830341424,75.13038355789577,41754700
2004-10-13,74.68843078613281,75.7129350625576,74.54111551080128,75.66606248483646,54212600
2004-10-14,74.08580017089844,74.94959943495535,74.0456251242495,74.78219659561243,64082200
2004-10-15,74.50094604492188,74.82235657083032,74.03891266660926,74.34023567323945,63482200
2004-10-18,74.78216552734375,74.92948078216003,74.12594442190591,74.25317216174308,43535100
2004-10-19,74.1527328491211,75.15045708074189,74.05229016093229,75.00983425204116,55851900
2004-10-20,74.00543212890625,74.20631754475575,73.48983372102744,73.91168696383737,57118500
2004-10-21,74.48755645751953,74.54112658536769,73.79785766484237,74.18623342864865,53218300
2004-10-22,73.65052795410156,74.49423942204439,73.56348034493008,74.45406438838488,48752400
2004-10-25,73.5634765625,73.73757688061876,73.22197346777054,73.4898189320931,43990900
2004-10-26,74.68843078613281,74.72860582168585,73.57687378770603,73.74427658081409,54337400
2004-10-27,75.5856704711914,75.73298567473445,74.40715906029766,74.58125420200733,73896000
2004-10-28,75.81333923339844,76.04100446414127,75.32452107808997,75.51870883246045,54413300
2004-10-29,75.79997253417969,76.09460304542267,75.59909227456347,75.74640753018498,48820200
2004-11-01,76.0075454711914,76.22851321690435,75.79996258881205,76.04102295570478,36720900
2004-11-02,76.03434753417969,76.7173486540234,75.81337463030499,76.11469760196859,56210000
2004-11-03,76.99189758300781,77.24634799840881,76.49638161956081,77.02537507757931,76960200
2004-11-04,78.043212890625,78.12356299127957,76.79103769855105,76.85799781867308,55350300
2004-11-05,78.53202056884766,78.77308107047786,78.00302697408857,78.37801281480739,63287200
2004-11-08,78.41817474365234,78.49852993366295,78.15702676202842,78.33112711935387,33863800
2004-11-09,78.2641372680664,78.67929795599717,78.18378721207952,78.39806254258933,44658100
2004-11-10,78.32444763183594,78.71282347665701,78.18382984844824,78.38471020668939,45265400
2004-11-11,78.92037200927734,79.09447234194538,78.41146609540884,78.46503621449557,37863200
2004-11-12,79.54309844970703,79.68371615929384,78.7998297642289,78.99401758472315,55583700
2004-11-15,79.7385482788086,79.76540759395189,79.4027504769712,79.58407903546154,35297900
2004-11-16,79.16767883300781,79.52362876616326,79.06694360310907,79.49004694028551,40028700
2004-11-17,79.63783264160156,80.01392465680101,79.29531734269098,79.49679813590178,54494000
2004-11-18,79.7452621459961,79.78556136725543,79.40275207043327,79.60422768125824,31854300
2004-11-19,78.8587646484375,79.73184109452394,78.67071867515574,79.71840631136469,54276500
2004-11-22,79.23487854003906,79.32890154664055,78.59685942510654,78.69088243170803,37560200
2004-11-23,79.35572814941406,79.4228866758339,78.82516708012324,79.20125892716803,41968800
2004-11-24,79.54378509521484,79.64452033686979,79.28186321917633,79.42960994822619,29724800
2004-11-26,79.48332977294922,79.90643823517792,79.44975307084468,79.59078751696516,15487700
2004-11-29,79.12069702148438,79.92661502996552,78.89907430873104,79.77886313888385,61460800
2004-11-30,79.17440032958984,79.40945775132433,79.00650143922701,79.2482762512589,53685200
2004-12-01,80.07437133789062,80.25569995357607,79.31546478708664,79.35576402024853,49898300
2004-12-02,80.14148712158203,80.50414928326244,79.92657678027513,79.98701791195518,60163500
2004-12-03,80.0877685546875,80.68548817843575,79.98031080828149,80.12806264765608,49067900
2004-12-06,80.0608901977539,80.3496764361741,79.81239804529629,80.0608901977539,33030500
2004-12-07,79.31544494628906,80.33627319987212,79.2751508470762,80.24896248642006,52047200
2004-12-08,79.7788314819336,79.79897852747399,79.25498780241473,79.38930485526214,43895100
2004-12-09,80.0608901977539,80.2287890544199,79.06693183565638,79.34228329617807,60922800
2004-12-10,80.14148712158203,80.29595120734217,79.81911904768832,79.86613052472838,47828600
2004-12-13,80.83998107910156,80.86012813148523,80.15495055484426,80.43030726773779,38541000
2004-12-14,81.12201690673828,81.23618690616514,80.71234326280258,80.71234326280258,41500700
2004-12-15,81.1824722290039,81.33694146759673,80.79966295164598,81.06158481910836,46699200
2004-12-16,81.13544464111328,81.42423088944783,80.61831839932972,81.07500351009442,51641800
2004-12-17,80.59432220458984,80.95194855684689,80.40538791645959,80.60781530456777,70761900
2004-12-20,80.61455535888672,81.16786506104836,80.41212284548038,80.80348962576055,47187400
2004-12-21,81.23533630371094,81.29606811356346,80.60780172495419,80.7022688531049,33094200
2004-12-22,81.4310073852539,81.7009156312399,81.1745973830066,81.22857491374651,31500700
2004-12-23,81.49175262451172,81.83588584533558,81.41753285930733,81.55923356245297,25646100
2004-12-27,81.32305145263672,81.88985934970515,81.23533345045556,81.78189397956938,29944100
2004-12-28,81.76840209960938,81.8696183486004,81.37703534914928,81.40402669208504,23422900
2004-12-29,81.88983917236328,81.91683050824666,81.61318184061182,81.70090496925054,22650600
2004-12-30,81.73463439941406,82.0315339247063,81.67390775909732,81.91682461650541,21076900
2004-12-31,81.5592269897461,82.0922944384719,81.51199342583733,81.84937749606337,28648800
2005-01-03,81.17459869384766,82.15975943174442,80.90469044350309,82.02480273253629,55748000
2005-01-04,80.18265533447266,81.33650760325804,79.91949631605158,81.2825249461282,69167600
2005-01-05,79.62938690185547,80.46609792519392,79.62263777922753,80.12196474417942,65667300
2005-01-06,80.03425598144531,80.3986314243349,79.79808814292598,79.91954662388918,47814700
2005-01-07,79.91954040527344,80.45260785535159,79.71035878051342,80.27716669692872,55847700
2005-01-10,80.29739379882812,80.60778646801302,79.85204443777717,79.85204443777717,56563300
2005-01-11,79.74408721923828,80.1219556744739,79.61587964418123,80.05447990004919,63099700
2005-01-12,80.00725555419922,80.18944068092763,79.29874697099187,79.89254620966383,72720500
2005-01-13,79.36621856689453,80.11521150171326,79.28524454894304,80.05447970123174,55537500
2005-01-14,79.78458404541016,79.98026742528297,79.4606982186411,79.6023989113616,42032500
2005-01-18,80.61455535888672,80.71577161558989,79.58890484146785,79.65638577798508,57391700
2005-01-19,79.77105712890625,80.64825225692066,79.7643080088554,80.58752562067353,54378900
2005-01-20,79.28524780273438,79.75758338999003,79.14354712655768,79.54840693678706,72049300
2005-01-21,78.79942321777344,79.62264117907922,78.71170521215339,79.48094048627497,63160400
2005-01-24,78.64427185058594,79.17733444284667,78.52281331293882,79.00864231545208,58441900
2005-01-25,78.86685943603516,79.26497511919771,78.75889926390164,78.88710679462565,68245000
2005-01-26,79.10305786132812,79.35271873589262,78.97485028915403,79.16378451252334,57195100
2005-01-27,79.23798370361328,79.45390919571707,78.93434024999134,79.0760408715529,55878800
2005-01-28,79.23798370361328,79.31895769367839,78.68467430834298,79.27846812461092,60738900
2005-01-31,79.73059844970703,79.79132510556276,79.42694972621271,79.58889262323322,52532700
2005-02-01,80.2366714477539,80.35138078093284,79.69010582553535,79.7913220628404,49841200
2005-02-02,80.4795913696289,80.69551696200509,80.22993046011182,80.3378906822638,52468900
2005-02-03,80.27042388916016,80.40538061705381,80.00726470485851,80.33789967907059,48837100
2005-02-04,81.12738800048828,81.26233958965848,80.28392769799164,80.29742079767942,50024600
2005-02-07,81.01941680908203,81.32306043700837,80.94519189593156,81.14087528986713,45412000
2005-02-08,81.11385345458984,81.41075299559066,81.01938635482973,81.08686211921969,39263500
2005-02-09,80.50657653808594,81.30280306417353,80.46609210139275,81.25556950534087,55279400
2005-02-10,80.79672241210938,80.98565663668083,80.47283664086446,80.74274488228289,45858600
2005-02-11,81.49175262451172,81.67394292003668,80.60780793666723,80.76975086196613,53133000
2005-02-14,81.4310073852539,81.55246583854402,81.29605583629672,81.43775650712324,32432100
2005-02-15,81.73463439941406,81.93706682994433,81.43099090168923,81.51196490351545,43852700
2005-02-16,81.78863525390625,81.95732726750182,81.42425988677122,81.5997010223707,55523000
2005-02-17,81.12738800048828,81.86963203707069,81.12063887660783,81.80215624248558,58124000
2005-02-18,81.23533630371094,81.29606811356346,80.90470135518348,81.13412005267165,47723300
2005-02-22,80.0274887084961,81.28930679966246,80.01399561281487,80.90468922185242,80697600
2005-02-23,80.60104370117188,80.6820177226757,80.04099011700379,80.25016657079891,68292600
2005-02-24,81.13410949707031,81.18809217701107,80.28390545432609,80.45934144202597,68563600
2005-02-25,81.93708038330078,82.0990232656699,81.09362036335742,81.15434701371906,60899900
2005-02-28,81.39727783203125,81.84937639257394,80.99916710560657,81.74816014325626,69381300
2005-03-01,81.8021469116211,81.99782514917567,81.4984981485145,81.52548949288438,47294400
2005-03-02,81.76164245605469,82.274467609701,81.41076533918401,81.48499023568829,64226500
2005-03-03,81.79540252685547,82.25424511157851,81.4445201777934,82.09230218405062,61230800
2005-03-04,82.81429290771484,82.88176868950964,82.18000923308487,82.3554503842091,56168500
2005-03-07,82.85477447509766,83.16516717905205,82.59161533156953,82.76705647661227,43442400
2005-03-08,82.54441833496094,82.99651192045322,82.39596846555767,82.77383711634833,44362000
2005-03-09,81.62669372558594,82.5173873663234,81.61994460346932,82.3014617912377,73263600
2005-03-10,81.80888366699219,81.9843248158773,81.2420809294632,81.78189232500432,65149000
2005-03-11,81.23533630371094,82.132779169215,81.08014251378009,81.8561217595791,57976500
2005-03-14,81.74137878417969,81.75487702440398,81.16107800822162,81.38375263929001,36336400
2005-03-15,81.06661224365234,81.95730563441055,81.02612781845845,81.93031430159117,62438500
2005-03-16,80.37836456298828,81.08012388809455,80.22991478197544,80.76972608339251,74874200
2005-03-17,80.54032897949219,80.79673903013801,80.28391892884635,80.50658851184842,62584200
2005-03-18,80.30121612548828,80.97185921481118,80.03702323671578,80.68734459125537,60232000
2005-03-21,80.00312805175781,80.46377286287635,79.77280823034518,80.41635377209768,61244300
2005-03-22,79.19022369384766,80.56538242209771,79.19022369384766,80.18602971590266,92472400
2005-03-23,79.2579574584961,79.74569956209058,79.08860284854205,79.22408446918827,70817300
2005-03-24,79.35279083251953,79.92859543791765,79.29859612021819,79.56956451343267,51932500
2005-03-28,79.46794891357422,79.89472580288103,79.46794891357422,79.54246534922169,46765500
2005-03-29,78.9395751953125,79.86764037993869,78.74989884652301,79.35280088444371,71160300
2005-03-30,80.05731964111328,80.07086573725122,79.10215706215628,79.10893269437179,62002100
2005-03-31,79.90829467773438,80.24700396604368,79.84732948661961,80.06410322440583,64575400
2005-04-01,79.54924011230469,80.60601112516923,79.19698483078052,80.3621400963094,95255300
2005-04-04,79.68473052978516,79.84053904756243,79.08182852186432,79.50182982206566,71581200
2005-04-05,80.06410217285156,80.19280818627905,79.71184162339205,79.78635807930489,46853900
2005-04-06,80.34186553955078,80.57896107672333,80.05735089494372,80.2402516898211,53268200
2005-04-07,80.77537536621094,80.78892662959495,80.15215162615614,80.21312197479882,46734600
2005-04-08,79.93537139892578,80.75504704477054,79.93537139892578,80.72794968850803,63772900
2005-04-11,79.99635314941406,80.21990250867958,79.82022804965332,80.13183995879922,44945000
2005-04-12,80.40956115722656,80.65343219209547,79.30537103755896,79.86085391291763,86144800
2005-04-13,79.46116638183594,80.47729380273772,79.34600134623233,80.31470969422368,65949000
2005-04-14,78.42471313476562,79.59664905014793,78.42471313476562,79.52890825482736,96119800
2005-04-15,77.32732391357422,78.71602875744135,77.29345092077301,78.40441686318395,128677300
2005-04-18,77.56439971923828,77.87601153459654,77.19859319643726,77.3069826113228,100035200
2005-04-19,78.18083953857422,78.26212641756709,77.78793572913908,77.97083637516393,64930100
2005-04-20,77.09024810791016,78.32992036853265,76.92089343734646,78.16056569796896,107735900
2005-04-21,78.58732604980469,78.72280769010341,77.48313052502627,77.76087460641993,86952200
2005-04-22,78.28924560546875,78.91924493485638,77.40859960325642,78.40440549502645,88845800
2005-04-25,78.8041000366211,78.91925994808628,78.39087431355821,78.48571249574051,52284100
2005-04-26,78.03860473632812,79.10215151468081,78.00473691421189,78.55344421444636,72626000
2005-04-27,78.34341430664062,78.62792870459634,77.52373892112595,77.80825331908167,84131900
2005-04-28,77.36119842529297,78.36378018033216,77.36119842529297,78.0860360865743,72481500
2005-04-29,78.41117095947266,78.49246301889252,77.20536717034868,77.9505262926767,103993800
2005-05-02,78.85153198242188,78.85830761605186,78.25540026204256,78.62798258727963,56026400
2005-05-03,78.98700714111328,79.15636178985851,78.37055890719341,78.62797611270041,86000300
2005-05-04,79.59671783447266,79.7660725532694,78.77026597981717,79.02091282422288,81055700
2005-05-05,79.56956481933594,79.93537137633797,79.0818227433332,79.71182206345469,96906700
2005-05-06,79.31892395019531,79.92860158977986,79.29860222359126,79.88795813657177,67415400
2005-05-09,79.81343841552734,79.98956865268306,79.29182850370655,79.40021276390763,43750500
2005-05-10,78.98700714111328,79.59668491025484,78.84474985636254,79.501846720421,74613500
2005-05-11,79.42054748535156,79.52893693158094,78.47893613648017,79.2105493936487,91647400
2005-05-12,78.54668426513672,79.65765035089896,78.54668426513672,79.47474960373421,95086800
2005-05-13,78.39085388183594,79.000531442883,77.76763022756202,78.78375777320981,85267000
2005-05-16,79.12246704101562,79.14955922749873,78.35021051894802,78.37730270543112,49207000
2005-05-17,79.65084838867188,79.73213528047016,78.68891560158646,78.85827018388846,61071800
2005-05-18,80.47055053710938,80.66700253768933,79.94216489265662,79.9963544489977,77944900
2005-05-19,80.80925750732422,80.89054959195586,80.40957788491856,80.62635160897635,61768100
2005-05-20,80.69407653808594,80.8769772204086,80.43665425474572,80.84310423524533,46345500
2005-05-23,81.14119720458984,81.31732748363889,80.74152272061379,80.75506881825126,51047900
2005-05-24,80.9515380859375,81.17508750681661,80.74831039999383,80.91089461606667,50654100
2005-05-25,80.89053344726562,81.20214529038672,80.49762953573772,80.84988482891612,47608800
2005-05-26,81.32408142089844,81.43246567796433,81.03279130061374,81.14795118883757,43256200
2005-05-27,81.4595718383789,81.4595718383789,81.15473559112415,81.33086067392819,24596100
2005-05-31,80.93794250488281,81.40535762753255,80.88374779932322,81.34439245999668,43377200
2005-06-01,81.62895202636719,81.91346663536302,80.91766033558314,80.96507943708244,69611000
2005-06-02,81.80506896972656,81.85925852809213,81.35797022722885,81.44603795012338,39704500
2005-06-03,81.391845703125,81.89313401926039,81.10733113193685,81.66281417638248,60999400
2005-06-06,81.31730651855469,81.42569077659199,80.98537294493181,81.25633617417121,36046400
2005-06-07,81.37830352783203,82.13701430405129,81.2970165945797,81.55443383036932,66501300
2005-06-08,81.22925567626953,81.68989529958796,81.06667151337626,81.58151102595217,46881200
2005-06-09,81.6153793334961,81.68312014666644,80.9108635062805,81.11408594579152,56653300
2005-06-10,81.42570495605469,81.73054639447253,81.01925487312411,81.66957603947166,36465300
2005-06-13,81.68311309814453,82.02182230306141,81.16149802832885,81.24956572931431,49383200
2005-06-14,81.87283325195312,82.103153153805,81.54766996712657,81.59508907446637,33857100
2005-06-15,82.02861022949219,82.13022404625882,81.44603502783657,82.07603448983757,53195600
2005-06-16,82.23857879638672,82.4011577336396,81.91341575358973,82.00825389767819,46564500
2005-06-17,82.54330444335938,82.91058740105461,82.44808351238115,82.66573209592445,51529400
2005-06-20,82.57052612304688,82.86978973641243,82.25765655184732,82.35287750007534,41019400
2005-06-21,82.61812591552734,82.74055357444229,82.31885715170152,82.63852966048786,39879800
2005-06-22,82.68617248535156,82.93783087969832,82.34609609852538,82.76098970558563,46310100
2005-06-23,81.5230941772461,82.70655829366493,81.50269042872809,82.51611638862659,62185600
2005-06-24,80.92455291748047,81.6251092157527,80.82932678618367,81.53668606293827,58572500
2005-06-27,81.04015350341797,81.2169945672996,80.76809152571177,80.91772587290771,48183800
2005-06-28,81.72035217285156,81.7815634282264,81.18983386965532,81.21023762144694,41174200
2005-06-29,81.50269317626953,81.89037997863913,81.45508269840494,81.86997622943329,42316500
2005-06-30,81.06056213378906,81.83593544407984,80.90412480069664,81.76792124283784,62288800
2005-07-01,81.29862213134766,81.48226620015737,81.08097355327232,81.24420868954095,49737500
2005-07-05,81.95157623291016,82.06040312763487,81.06738106445565,81.10818855540144,51549000
2005-07-06,81.26460266113281,82.06037964173395,81.21699220560498,81.88353858299465,52363600
2005-07-07,81.58431243896484,81.58431243896484,80.43485793065929,80.455261680932,103268800
2005-07-08,82.51616668701172,82.51616668701172,81.4279228597644,81.5979611199329,64491200
2005-07-11,82.93781280517578,83.04663452688479,82.50931333009862,82.52291928853269,49688300
2005-07-12,83.15544128417969,83.4070943735395,82.73374489052198,82.9717972138967,51871100
2005-07-13,83.2710952758789,83.33230652809071,82.97182642732358,83.16226835307577,41182300
2005-07-14,83.5975570678711,83.95803710918634,83.3118890372031,83.64516754145703,63638800
2005-07-15,83.5499267578125,83.68596036503283,83.22345647878677,83.51592224787106,56075900
2005-07-18,83.2166976928711,83.4071396549611,83.01265495741221,83.31872165517768,56598400
2005-07-19,83.67239379882812,83.73361024818303,83.25750537166253,83.46154809481962,59165700
2005-07-20,83.9580307006836,84.15527555881319,83.1826572248098,83.37989689378735,69477000
2005-07-21,83.46829986572266,84.0736350612617,83.2982617728375,84.0328275794975,101110900
2005-07-22,84.02605438232422,84.0396551513489,83.40711301407215,83.57715116722018,52607100
2005-07-25,83.7879867553711,84.30489891066725,83.55673221082141,83.9376211331706,57301600
2005-07-26,83.89002227783203,84.01925293711264,83.6247631692107,83.81521026310153,42758800
2005-07-27,84.19609069824219,84.26410492018674,83.69277922886947,83.99884582219622,43181600
2005-07-28,84.72660064697266,84.77421111661472,84.0940585850699,84.31170718759816,47880700
2005-07-29,84.16209411621094,84.76742960746759,83.99885892025999,84.61780037151867,62358100
2005-08-01,84.10086059570312,84.36611966482144,83.96482697746814,84.22328825753866,40418200
2005-08-02,84.60417938232422,84.7470108020527,84.16207916555373,84.25050232239927,45147400
2005-08-03,84.82862854003906,84.84222930808048,84.42053803981736,84.50895600496717,36837200
2005-08-04,84.14851379394531,84.54980149591357,84.04648982575107,84.49539321014394,50855600
2005-08-05,83.5771255493164,84.32529734516159,83.4342941671508,83.9648122120948,53595500
2005-08-08,83.42072296142578,83.93764042467747,83.23707884131859,83.76079928398426,47616000
2005-08-09,83.92401123046875,84.06003964616988,83.57033423615496,83.69955967432561,47170000
2005-08-10,83.88320922851562,84.67898640961924,83.53632999989928,84.21648250118136,72863700
2005-08-11,84.21649169921875,84.35932311738966,83.66556977353771,83.8424057069956,58570200
2005-08-12,83.69959259033203,84.12809212769159,83.48874690633191,84.0464719326818,54776900
2005-08-15,84.21649169921875,84.25050140365806,83.54314210236944,83.80840119170863,36208500
2005-08-16,83.1214599609375,84.01245832793946,83.03983976970973,83.95805005627417,71942100
2005-08-17,83.11465454101562,83.57036077555081,82.99902983203565,83.10785675047781,62275100
2005-08-18,83.10787200927734,83.35952522336106,82.86981437876547,83.01265103273421,53388600
2005-08-19,83.2983169555664,83.53636940547833,83.11467278766706,83.40713870874576,39842100
2005-08-22,83.2983169555664,83.81523455334244,82.89702409215414,83.37313418113219,69912000
2005-08-23,83.1418228149414,83.3934810555743,82.40045923528204,83.31866388103886,55168600
2005-08-24,82.40048217773438,83.47512444831493,82.35966949625583,82.93780331302466,79104600
2005-08-25,82.69972229003906,82.75413572379335,82.44126626343211,82.53648717792682,35631100
2005-08-26,82.13522338867188,82.63173184423283,82.08080993927689,82.62493405492256,61956800
2005-08-29,82.76775360107422,82.82896483100345,81.87675035972124,81.8971592921824,56179200
2005-08-30,82.33243560791016,82.50247367798916,81.88353261210958,82.46846398831332,74160200
2005-08-31,83.37311553955078,83.42752899855114,82.12163192830782,82.42770374332004,102945200
2005-09-01,83.31188201904297,83.76078518002552,82.39367714057646,83.33228576469635,74578700
2005-09-02,83.1622543334961,83.57714782572161,83.0058221447797,83.55674407842403,47653400
2005-09-06,84.1348876953125,84.20290711726652,83.42073046717539,83.42753344720145,57251300
2005-09-07,84.2777328491211,84.4273621007462,83.97166098684944,84.0872857132136,41749700
2005-09-08,83.99885559082031,84.33893192924468,83.86962492169006,84.10768250990961,39068700
2005-09-09,84.74701690673828,84.8422378600831,84.20289791464684,84.22330166334176,43093900
2005-09-12,84.57698059082031,84.79462923022781,84.52256713368023,84.64499481766899,33017600
2005-09-13,84.10767364501953,84.62458588875215,84.01244750627662,84.42734101055711,58427500
2005-09-14,83.80162048339844,84.28452831768666,83.67238979916858,84.16210061398306,57694600
2005-09-15,83.76080322265625,84.1008795612061,83.59076505338133,84.060066871956,73156900
2005-09-16,84.35640716552734,84.5203371858917,83.92608890785536,84.21979968376392,75424100
2005-09-19,84.07635498046875,84.39056156848692,83.76898554114663,84.33591649133233,53355300
2005-09-20,83.36599731445312,84.43155035852088,83.2430484854267,84.15149822136664,84480300
2005-09-21,82.58733367919922,83.2430591139832,82.49853410669432,83.18841402494057,94469100
2005-09-22,82.88105010986328,83.0996304945226,82.26631101736011,82.61466178011372,84597200
2005-09-23,82.94933319091797,83.25670264121625,82.58048672381508,82.81272049315307,59368100
2005-09-26,83.04492950439453,83.49573821622648,82.70340570009408,83.34546690853593,70415400
2005-09-27,83.02445220947266,83.32498966175662,82.66243254148156,83.00395640049011,66150800
2005-09-28,83.1064453125,83.4138200259426,82.78541193259532,83.28403924396179,58620500
2005-09-29,83.78266143798828,83.9192689392351,82.70344445991519,83.02447782021154,66607700
2005-09-30,84.0422134399414,84.0422134399414,83.15424909391207,83.75533457537507,47824200
2005-10-03,83.74168395996094,84.2471380220335,83.639225717465,83.98758165745411,50994800
2005-10-04,82.79902648925781,84.03534091171552,82.75804530304045,83.87141095560672,60776300
2005-10-05,81.71304321289062,82.86056424178186,81.6720619940442,82.81958302293545,106052100
2005-10-06,81.41929626464844,82.14333048153148,80.71575785935626,81.81546524221297,140941800
2005-10-07,81.69938659667969,81.9999294390883,81.37152120393904,81.76085842649401,75661400
2005-10-10,81.00947570800781,81.76765925469452,80.8045644753508,81.74716865255299,52677000
2005-10-11,80.89334106445312,81.54906624524936,80.81820539893309,81.27584611710748,75629800
2005-10-12,80.25814056396484,81.37150693574098,80.19666874492938,80.86605287133716,100510400
2005-10-13,80.21034240722656,80.65432473559643,79.83466384985736,80.2308330174024,99052900
2005-10-14,81.0572738647461,81.15290013122227,80.29909045822737,80.68160073537274,88651000
2005-10-17,81.35784149169922,81.4671264535178,80.90702734468654,81.14609829544662,68109300
2005-10-18,80.47669219970703,81.25536628073083,80.46303353654923,81.24170761757304,74996900
2005-10-19,81.81548309326172,81.82914697063691,79.99857824553567,80.25813459199873,116563800
2005-10-20,80.374267578125,81.83599007525359,80.12154311977385,81.61741489468979,131966700
2005-10-21,80.68846130371094,81.13244356213528,80.26497486347718,80.79775148908924,96579500
2005-10-24,81.93842315673828,82.02721750519667,80.8797020682263,80.90019267085194,71308400
2005-10-25,81.77449798583984,82.12968061203016,81.24172144093333,81.77449798583984,76594500
2005-10-26,81.53544616699219,82.33461112070374,81.41249731171018,81.63107247540675,80855800
2005-10-27,80.66793060302734,81.53540408177491,80.55181374720769,81.41928201471497,66623100
2005-10-28,81.82913970947266,81.93159272448372,80.66795516400919,80.89336221951727,72322000
2005-10-31,82.05450439453125,82.85367402839864,82.05450439453125,82.16379450937242,77698900
2005-11-01,82.30040740966797,82.58045943912529,82.11598684267011,82.36188440616048,66365100
2005-11-02,83.16107940673828,83.16107940673828,82.05453996486852,82.08186250542303,74012300
2005-11-03,83.51626586914062,83.78265934904158,83.16108324800938,83.43430345493296,84897600
2005-11-04,83.4069595336914,83.64602519925491,83.02445446878983,83.60504400265563,59156000
2005-11-07,83.48896789550781,83.75535622592896,83.22940629369207,83.58459420841575,46765400
2005-11-08,83.48896789550781,83.61874348517247,83.18842507708673,83.28405138999467,42152800
2005-11-09,83.59823608398438,83.98074125878001,83.23622151337534,83.38649289239996,57666800
2005-11-10,84.24712371826172,84.37007254613363,83.16108008142805,83.56407583258265,79048100
2005-11-11,84.5340347290039,84.5886746167264,83.62557950085792,84.253982505236,34867000
2005-11-14,84.48617553710938,84.71157732785552,84.2744271968003,84.55447926797915,45092200
2005-11-15,84.17882537841797,84.75941507628582,83.91926904123667,84.39057378022268,69592500
2005-11-16,84.34957122802734,84.39055763960582,84.00122060267778,84.26760882735269,51133000
2005-11-17,85.13507080078125,85.1419027374012,84.11049917990094,84.47934558876675,55717500
2005-11-18,85.46978759765625,85.57224583179358,84.92335236766091,85.42197444989112,72437200
2005-11-21,85.90007781982422,86.00253601422003,85.36730146245434,85.48341831752414,50021200
2005-11-22,86.26893615722656,86.41920229044132,85.66785077940366,85.7634770511044,66438800
2005-11-23,86.76757049560547,87.02713202260661,86.20747144805173,86.23479398832774,50854700
2005-11-25,86.83588409423828,86.89736111964571,86.61730895846952,86.73343107062972,15270000
2005-11-28,86.22111511230469,86.93148014799377,86.09133437922664,86.9178214866784,54498500
2005-11-29,86.12548828125,86.73340557298665,86.12548828125,86.50799856482776,51738900
2005-11-30,85.66101837158203,86.41919655799106,85.57905076788671,86.17330416938636,56007200
2005-12-01,86.53535461425781,86.76758843776351,86.05039114936993,86.077708484053,65468200
2005-12-02,86.6446304321289,86.80173375179292,86.40556469458994,86.58998534605078,46699400
2005-12-05,86.46018981933594,86.562648029267,86.18696966326678,86.54215221828795,59273400
2005-12-06,86.6241226196289,87.25252535096723,86.49434186878511,86.7812259080841,57935200
2005-12-07,86.11866760253906,86.6582759881827,85.84544744115429,86.58996703940565,66816500
2005-12-08,86.06403350830078,86.62413256554005,85.70885090105419,86.2143048767965,62608600
2005-12-09,86.28942108154297,86.59679047590274,85.94106527969211,86.17330421800622,50744500
2005-12-12,86.37141418457031,86.65146635516653,86.03672213662574,86.54900811686932,48389900
2005-12-13,86.95882415771484,87.22521241469714,86.26211761127847,86.35091195985865,88630900
2005-12-14,87.30030822753906,87.49156071328257,86.84266760647577,86.87682206946114,64375000
2005-12-15,87.0476303100586,87.4301354852089,86.87003638820646,87.32084531445614,55900300
2005-12-16,86.76746368408203,87.45413243420052,86.76746368408203,87.39919767686301,46238300
2005-12-19,86.32112121582031,87.1176594184851,86.30739014699034,87.0215262200761,48733000
2005-12-20,86.40352630615234,86.9253907614362,86.16319330189444,86.42412552953637,46603200
2005-12-21,86.54083251953125,87.04210284297002,86.38290169409325,86.67130121443964,51806900
2005-12-22,86.99407196044922,86.99407196044922,86.57520357328201,86.73313446353819,32247900
2005-12-23,87.04214477539062,87.11081061252442,86.80867464249464,87.05587584727036,27977300
2005-12-27,86.15628051757812,87.24121779063341,86.09447764057428,87.17941491362959,44499500
2005-12-28,86.34856414794922,86.51336312158797,86.17689702240658,86.34169599604533,30764300
2005-12-29,85.96406555175781,86.49279820299468,85.87479525820244,86.32799916400575,32788900
2005-12-30,85.49710083007812,85.87476538131976,85.39409950197035,85.69623533405579,44645600
2006-01-03,87.00093078613281,87.20693351202296,85.41472760892636,85.9640647187221,73256700
2006-01-04,87.41293334960938,87.5433968487532,87.00092791144262,87.11079742531822,51899600
2006-01-05,87.46785736083984,87.61205715957291,87.12452300989452,87.3099264931702,47307500
2006-01-06,88.19571685791016,88.29185004301615,87.45411351092193,87.90731730259219,62885900
2006-01-09,88.42234802246094,88.6214773726189,88.15454759832586,88.18200974127582,43527400
2006-01-10,88.51161193847656,88.5665467046517,88.07214428681077,88.16141459156228,44960800
2006-01-11,88.79312896728516,88.88239925221201,88.39485985926228,88.59399965214021,49598900
2006-01-12,88.44291687011719,88.77251486097818,88.19571575753864,88.63518323793036,40509200
2006-01-13,88.36051940917969,88.51158735476903,88.03092138140858,88.2849959141174,44856700
2006-01-17,88.12017822265625,88.18197587886411,87.76310763501513,88.03090795631329,52066600
2006-01-18,87.76995086669922,88.51154872495574,87.31675246659044,87.60515192473821,75067600
2006-01-19,88.10645294189453,88.42232513158721,87.76311861636133,87.982857614014,81530400
2006-01-20,86.49961853027344,88.10642005943393,86.49961853027344,88.0858208458084,114957800
2006-01-23,86.80864715576172,87.08331565619457,86.60951262391954,86.6644473717793,67017400
2006-01-24,86.89793395996094,87.30993416954551,86.8086636679919,86.95286347940315,53008800
2006-01-25,86.97346496582031,87.33053040487343,86.41039157072622,87.23439720055657,87747700
2006-01-26,87.45413208007812,87.66699771531553,87.04213187944868,87.3785980987616,71294000
2006-01-27,88.26439666748047,88.34680404248188,87.51593024334181,87.66013529129405,65771200
2006-01-30,88.19571685791016,88.449780887605,88.13391919842731,88.19571685791016,33709600
2006-01-31,87.55023956298828,88.26437024020261,87.54337141065008,88.11331279968441,72937000
2006-02-01,88.1613998413086,88.18886198093382,87.70133303901764,87.76999886581429,63561000
2006-02-02,87.13827514648438,87.9897430246165,87.06960931159536,87.9622808817548,83626900
2006-02-03,86.70565795898438,88.1613975479926,86.61639291035743,86.91852882704342,86040400
2006-02-06,86.9322509765625,87.06958785135821,86.63698324433436,86.82238671559205,45511900
2006-02-07,86.16316986083984,86.97343893966263,86.10823512084995,86.78116734969804,71208100
2006-02-08,86.94596099853516,87.96223260932632,86.24555624598415,86.41722335843191,59422200
2006-02-09,86.8017578125,87.61888967293783,86.77429044693324,87.15195493603152,62023300
2006-02-10,86.95973205566406,87.2961982839222,86.14259454817027,86.81553224355345,64508700
2006-02-13,86.8017578125,87.06268992708776,86.48588572791441,86.93222125036174,52308700
2006-02-14,87.72193145751953,87.91419786633104,86.66446097018954,86.83612815503791,90964400
2006-02-15,88.03092956542969,88.11333693833298,87.37172820973693,87.67386412900446,85471300
2006-02-16,88.69014739990234,88.72448293648569,88.01720441161979,88.12707393759261,61017900
2006-02-17,88.4498062133789,88.69014448382545,88.29187532356981,88.61461049691948,40342600
2006-02-21,88.2301025390625,88.8549633585959,88.09276035849601,88.65583396115417,46456300
2006-02-22,88.76564025878906,89.02656716490291,88.33989866234992,88.42230600751257,42326700
2006-02-23,88.63520812988281,89.01974097349982,88.08587100568674,88.76567687562448,43423200
2006-02-24,88.86180877685547,88.90987014273217,88.41546778601578,88.6558060486013,36777400
2006-02-27,88.89613342285156,89.2943920435663,88.77252760994517,88.85492450006095,35858600
2006-02-28,88.051513671875,89.20512239486045,87.98285309693269,88.71758306743168,74394800
2006-03-01,88.83431243896484,88.91671979490361,88.23691411649756,88.30558516682467,48641600
2006-03-02,88.82746124267578,88.86865968721425,88.31245973047979,88.51158903832656,60642300
2006-03-03,88.41545104980469,89.31499577698139,88.33991707966716,88.35365338634635,73402500
2006-03-06,88.01029205322266,88.7038234005635,87.79055836358572,88.67636127336523,57478400
2006-03-07,87.87298583984375,87.93478350218386,87.4815849284253,87.79745187107301,61780800
2006-03-08,88.05840301513672,88.19573466762988,87.33053058809612,87.68759602789838,66692400
2006-03-09,87.46785736083984,88.36052352997783,87.46785736083984,88.08586024031472,56313600
2006-03-10,88.29872131347656,88.47038848010719,87.50905653806858,87.69445477292855,60490800
2006-03-13,88.46353912353516,88.69014107554497,88.25753639645951,88.47040203926856,45479100
2006-03-14,89.3905258178711,89.42486134821837,88.31246141354919,88.38113247424377,69877300
2006-03-15,89.7887954711914,89.85746653230838,89.1639349170514,89.36992714493665,53398900
2006-03-16,89.9742202758789,90.27635625202048,89.8437515154782,89.96048396485375,65526400
2006-03-17,90.04933166503906,90.24236262419726,89.88388256827393,90.09069393923035,47286800
2006-03-20,89.9045639038086,90.24236282338188,89.76668614973389,90.0631227950246,45538500
2006-03-21,89.33924102783203,90.30440623269881,89.24272555928506,89.87697156965042,87102700
2006-03-22,89.88386535644531,89.97348009356669,89.24271867105841,89.28408093732925,51605700
2006-03-23,89.69773864746094,89.89076959980251,89.38751108258326,89.80114432928751,46704200
2006-03-24,89.76669311523438,90.01487729958619,89.4426745823473,89.61502441816386,43209200
2006-03-27,89.63568878173828,89.81492879045935,89.44265784330109,89.64257898689776,32523000
2006-03-28,89.08419036865234,89.98730189000976,88.96699373421818,89.57365804661862,82079900
2006-03-29,89.64260864257812,89.9666272220179,89.13244926828129,89.21518435455147,61505700
2006-03-30,89.48401641845703,90.29750240837002,89.31166662201139,89.69772848294615,70571700
2006-03-31,89.50470733642578,89.78736355814961,89.18757904776527,89.63569487914647,62925600
2006-04-03,89.43579864501953,90.22171369339564,89.27034948919429,89.67020248144208,61624700
2006-04-04,90.00798034667969,90.12517697761969,89.18070320396232,89.43577760545529,54809300
2006-04-05,90.3182144165039,90.50435520572611,89.8838999341859,90.04245885568612,50607200
2006-04-06,90.22168731689453,90.45609108478864,89.7529008199043,90.20790690420587,57906200
2006-04-07,89.30477142333984,90.58705440901066,89.17379440623043,90.35266119599707,80180900
2006-04-10,89.44268035888672,89.67707362607943,89.11176107877952,89.44268035888672,41496500
2006-04-11,88.684326171875,89.66327192261903,88.41546086370866,89.51850395943639,72799400
2006-04-12,88.84979248046875,89.0221423196879,88.66365170868023,88.77395813043634,43033700
2006-04-13,88.7325439453125,89.10481475171898,88.45677805223993,88.64980891769412,51051800
2006-04-17,88.69812774658203,89.14623314082935,88.25691255922783,88.81532438016364,64167700
2006-04-18,90.1044921875,90.26995181709985,88.88425240277411,88.88425240277411,92531800
2006-04-19,90.27681732177734,90.35955237363868,89.78734981216415,90.13893959453685,87269000
2006-04-20,90.40092468261719,90.90418317668089,90.03554393111096,90.31129941622595,86005500
2006-04-21,90.41472625732422,90.8559414484251,90.04934542029066,90.78700782070929,72342600
2006-04-24,90.24925231933594,90.35955871663005,89.88387158277158,90.2354613898249,52546400
2006-04-25,89.87699127197266,90.39404079240401,89.56676366359373,90.33888758123007,84359800
2006-04-26,89.89766693115234,90.40782621386286,89.82873331093661,89.96661107076685,67262400
2006-04-27,90.33198547363281,90.74562924324131,89.33924884209087,89.55296093260931,124478600
2006-04-28,90.63536071777344,90.82839175243134,90.11142084075948,90.16656354831679,55854400
2006-05-01,89.89766693115234,90.86283228876152,89.84252424273927,90.63532925131219,64990300
2006-05-02,90.57328796386719,90.62844117297398,90.1320728104119,90.3182030568234,49063500
2006-05-03,90.23546600341797,90.53191314637814,89.93212865504853,90.41470601863739,60821300
2006-05-04,90.55950927734375,90.73874934162868,90.29064392121613,90.36647827906752,42921400
2006-05-05,91.35919952392578,91.55223048921043,90.89730324846619,91.03518100661256,62588200
2006-05-08,91.24887084960938,91.53152702246496,91.24887084960938,91.3522765131438,30016700
2006-05-09,91.42810821533203,91.53152439529427,91.21439617056417,91.29023049477817,29864000
2006-05-10,91.37991333007812,91.51779113751593,90.92490709807119,91.28339781293141,64378200
2006-05-11,90.27681732177734,91.37986017849386,89.9803807341801,91.352278321408,80626900
2006-05-12,89.09799194335938,90.1183002210115,89.06351986572629,89.87011598921491,91726500
2006-05-15,89.27720642089844,89.44266603445332,88.66364148480487,88.78772830542242,84029300
2006-05-16,89.146240234375,89.62192753284575,88.93941829772676,89.45646787964702,62137600
2006-05-17,87.45033264160156,89.00148690256779,87.39517941478385,88.7050396233479,144789500
2006-05-18,87.00907897949219,88.07075445892806,86.9401401062195,87.79499370613841,87906300
2006-05-19,87.6226577758789,87.89152310603015,86.72644176194135,87.46409886819983,124309400
2006-05-22,86.95392608642578,87.67090194235072,86.51960644953327,87.05733702655225,110852800
2006-05-23,86.2921142578125,87.98803600564948,86.2921142578125,87.67780840605353,92006500
2006-05-24,86.98151397705078,87.47788234632208,86.00946363697746,86.64370977117987,168405000
2006-05-25,88.0569839477539,88.0569839477539,87.16076266182176,87.49856688080243,78977900
2006-05-26,88.5051040649414,88.5051040649414,87.90532465464061,88.2500191172441,62989700
2006-05-30,86.9332504272461,88.24311014540682,86.89878361816508,88.22242900801837,72419900
2006-05-31,87.90531158447266,87.90531158447266,87.00219486971993,87.29174659077553,86926200
2006-06-01,88.7463607788086,88.89113924702416,87.73983852457361,87.81567286137272,73721700
2006-06-02,88.9325180053711,89.22895468274392,88.46373148690259,89.10486784646677,91702600
2006-06-05,87.63644409179688,88.83599744463996,87.39515012027547,88.82910723837323,86105100
2006-06-06,87.4227066040039,87.81566391844565,86.6988406351366,87.6984673224907,130498600
2006-06-07,86.76780700683594,88.00183253700713,86.7195492602795,87.49167846488213,108599400
2006-06-08,86.69197845458984,87.20902802787765,85.39590941770714,86.57478181363933,204957200
2006-06-09,86.41622924804688,87.5261629020338,86.37486695972719,87.11252423973393,94972200
2006-06-12,85.47866821289062,86.81610532780502,85.36147152500907,86.78163323856816,95815900
2006-06-13,84.48588562011719,86.06460537552464,84.48588562011719,85.30626720373651,185688800
2006-06-14,85.14081573486328,85.23043575267135,84.34111000168579,84.68580966053139,163566400
2006-06-15,86.94702911376953,87.11248344927523,85.38898544697032,85.45102885039802,134057000
2006-06-16,86.31343841552734,86.94356184566465,86.18187191874144,86.75660365602617,94253500
2006-06-19,85.63484954833984,86.88818119101802,85.55175935703208,86.83278420818148,95804400
2006-06-20,85.92568969726562,86.42425205762972,85.66948785531869,85.87029798840688,65494700
2006-06-21,86.56270599365234,87.04049030713654,85.83563532803713,85.86333381160723,75008200
2006-06-22,86.18186950683594,86.59733624780795,85.89104331645017,86.52116672895268,74566100
2006-06-23,86.16804504394531,86.76354946275539,85.88413944018691,86.09187550551977,54107000
2006-06-26,86.54887390136719,86.59734493796229,86.03646504551237,86.2372751351054,37899600
2006-06-27,85.8010482788086,86.75662254614555,85.70410090857823,86.56273837157987,69780200
2006-06-28,86.38270568847656,86.39655229475122,85.62101555262265,85.99493731741228,62368100
2006-06-29,88.12764739990234,88.18304437754435,86.67351107595235,86.69428362183146,110634800
2006-06-30,88.13460540771484,88.39773850577339,87.91302269947782,88.31464300907882,54227800
2006-07-03,88.49464416503906,88.64005197921033,88.15534165548507,88.23843711795783,23914000
2006-07-05,87.98917388916016,88.2523016493608,87.60832621247083,88.14151295983588,69653400
2006-07-06,88.2453842163086,88.52928453599604,87.99610305207459,88.07919325152088,50100300
2006-07-07,87.67066192626953,88.32848406416404,87.4490792319626,88.07228221062213,81626500
2006-07-10,87.8368148803711,88.23843501499822,87.53214209112481,87.89913779647691,60964100
2006-07-11,88.224609375,88.224609375,87.20671219464009,87.67065007265732,73640800
2006-07-12,87.28288269042969,88.21768440083176,87.0543740794799,88.0445727773148,82561300
2006-07-13,85.86337280273438,87.02668322621838,85.86337280273438,86.8674181941033,102405700
2006-07-14,85.53099822998047,86.0434124968695,85.0532136878111,85.95339106144267,103242500
2006-07-17,85.40631866455078,85.93257929824514,85.27475746833646,85.5309592019272,81159000
2006-07-18,85.84261322021484,85.89801022088044,84.74854623033885,85.66257560952606,122771000
2006-07-19,87.03358459472656,87.42827880822678,85.66946442157509,85.9879891129133,133565300
2006-07-20,86.43809509277344,87.45599226042388,86.32038045945332,87.33135168310041,112259800
2006-07-21,85.8287353515625,86.68737275315682,85.73871921493686,86.65967426120727,101560000
2006-07-24,87.39369201660156,87.46986157156898,86.1680637572191,86.1680637572191,92884000
2006-07-25,87.70527648925781,88.14844182795316,87.05437508675946,87.23441265652556,95480700
2006-07-26,87.822998046875,88.25231153090664,87.37290672846778,87.65680706955825,84525800
2006-07-27,87.73991394042969,88.41851397846901,87.38676467150367,88.2038519256578,87257100
2006-07-28,88.61933135986328,88.73012008519153,87.84378915076915,87.96842976860661,82137000
2006-07-31,88.52926635742188,88.60543587990539,88.25228675593148,88.39770514099746,49593100
2006-08-01,88.0930404663086,88.2038291540083,87.66372175447239,88.17613066134656,65225600
2006-08-02,88.68851470947266,88.95164765885724,88.32151905158943,88.34229159328916,64770900
2006-08-03,88.9239730834961,89.01399450434,88.04456840420622,88.17612963914026,63693800
2006-08-04,88.77162170410156,89.6233277729156,88.2730647599635,89.38097788518114,96294200
2006-08-07,88.56388854980469,88.6885291031771,88.2176653774309,88.56388854980469,45377300
2006-08-08,88.224609375,88.95168029895635,87.90607934223712,88.69546791415962,90901300
2006-08-09,87.9268798828125,89.04864538244121,87.67067271479425,88.75780848503021,78910600
2006-08-10,88.19690704345703,88.28692318091775,87.44213765893468,87.64987370900984,69322300
2006-08-11,87.94762420654297,88.07918543831177,87.5183055100128,88.05841289029286,47482200
2006-08-14,88.01685333251953,88.74392409140157,87.88528683942086,88.37692309922875,57839000
2006-08-15,89.0693588256836,89.2355391528917,88.56387077099598,88.80622588641663,68143000
2006-08-16,89.810302734375,89.94186925083201,89.35328554012253,89.54718026735532,71737600
2006-08-17,90.03883361816406,90.27426293436424,89.66491709042832,89.72723475073478,70992800
2006-08-18,90.49581909179688,90.49581909179688,89.73412384744753,90.1495959018005,58288400
2006-08-21,90.10807037353516,90.21193312672713,89.87956175061726,90.14268424733545,42133600
2006-08-22,90.10115051269531,90.37813549930931,89.79647231036834,90.01113963720553,60839900
2006-08-23,89.85185241699219,90.32272152277176,89.45716341337061,90.14267867384358,66592100
2006-08-24,89.77568054199219,90.08728990597481,89.60256892462166,90.011120371696,57983000
2006-08-25,89.88648223876953,90.19116040207221,89.70644994495227,89.76876759674722,41756000
2006-08-28,90.31578826904297,90.585852536375,89.76876020517048,89.77568086616823,52681500
2006-08-29,90.41966247558594,90.59277409529737,89.88647572842417,90.35734482830456,61817800
2006-08-30,90.47505950927734,90.73818198656836,90.39888997392855,90.62046735301018,50052200
2006-08-31,90.46121215820312,90.70357266443948,90.4196670579101,90.606630575124,37510300
2006-09-01,91.00127410888672,91.11206803155382,90.59965406363597,90.80739002716429,48794500
2006-09-05,91.17439270019531,91.29903851430556,90.84894213087902,91.06359876896192,52348300
2006-09-06,90.37120056152344,90.8212971840849,90.24656524708566,90.78667274144226,53795600
2006-09-07,89.95571899414062,90.41273617749962,89.5679506807066,90.059581733134,86269400
2006-09-08,90.21194458007812,90.33659046562914,89.9003457150459,90.07345736960791,45096300
2006-09-11,90.30191802978516,90.49580213458142,89.65793752279727,89.92107047897417,68496600
2006-09-12,91.18827056884766,91.29213330529478,90.2742362245376,90.40580273463318,69875600
2006-09-13,91.55531311035156,91.71457290958371,91.07060248275425,91.15369271437116,62898400
2006-09-14,91.56220245361328,91.56913368114321,91.22983107494093,91.37524949642638,57805400
2006-09-15,91.7771224975586,92.0761789424692,91.58237498795765,92.02053831292106,76703100
2006-09-18,91.90229034423828,92.07616330240525,91.56149552578027,91.65886395785925,64154100
2006-09-19,91.67277526855469,91.8953377453073,91.1581181126995,91.8883760351819,92089100
2006-09-20,92.15961456298828,92.34044922283258,91.84664537557818,91.97879051550666,75204100
2006-09-21,91.71450805664062,92.3265442885588,91.40153884254195,92.22917585278668,88932500
2006-09-22,91.43631744384766,91.58236479433627,91.10943541436427,91.57541369605332,65966800
2006-09-25,92.13874053955078,92.39607969360058,91.14419246907649,91.6171217470292,92299100
2006-09-26,92.90380096435547,92.91771377257281,92.08311507734423,92.1526685060677,73962700
2006-09-27,93.01508331298828,93.17504346612115,92.68820129634935,92.8412103514724,82432200
2006-09-28,92.98031616210938,93.18896585986268,92.69516192892533,93.01509288046233,58597500
2006-09-29,92.90380096435547,93.15417845045138,92.834247535632,93.05681001765649,47966600
2006-10-02,92.55607604980469,93.07769504651525,92.46565869441785,92.8759964248624,51687400
2006-10-03,92.75077056884766,93.10546750404879,92.25696680820846,92.42388863131765,73108100
2006-10-04,93.83574676513672,93.89138737928937,92.55604447671182,92.66036399552176,80890500
2006-10-05,94.0165786743164,94.17654943303616,93.71752228711178,93.83575462245057,60505900
2006-10-06,93.8983383178711,93.96094064141339,93.47408792149025,93.85661051041757,64983600
2006-10-09,93.9539794921875,94.1000374315078,93.64101032205781,93.78706826137811,41176800
2006-10-10,94.07917022705078,94.20435364576599,93.7801032617394,93.96093790525475,56403700
2006-10-11,93.96791076660156,94.19046265554007,93.40456402717987,93.78012498267294,104071800
2006-10-12,94.78160858154297,94.85811309348502,94.1695724860066,94.2043491936823,59158600
2006-10-13,95.02506256103516,95.08070318702715,94.61471427088973,94.69818051605986,53944000
2006-10-16,95.17110443115234,95.31716239250558,94.87899912080954,94.94855255238036,42273000
2006-10-17,94.87205505371094,95.07374304043181,94.35738721408966,94.91378287080046,90500600
2006-10-18,94.9972152709961,95.53969798521098,94.65643110653606,95.31018443498748,86848600
2006-10-19,95.15017700195312,95.19886649402036,94.74679071534294,94.85807188661953,64063200
2006-10-20,95.17110443115234,95.24760896093477,94.81640739981403,95.17110443115234,48094500
2006-10-23,95.60928344726562,95.83879707440795,94.85815083453583,94.97638319778514,66219900
2006-10-24,95.89447021484375,95.92923633577638,95.43544280494754,95.47717063996191,53234900
2006-10-25,96.22126007080078,96.26298786577279,95.63703910411627,95.79700980132071,78105400
2006-10-26,96.52034759521484,96.67335663456069,95.96395205326291,96.43689197824885,66843700
2006-10-27,95.91525268554688,96.49946310440171,95.72051587926192,96.40209470125924,80238000
2006-10-30,95.84576416015625,96.11700565340827,95.5606098535057,95.74144459058517,49717800
2006-10-31,95.8318099975586,96.15869199099559,95.45624909678129,96.0265574640076,71274100
2006-11-01,95.18502044677734,96.1934815643477,95.087652006716,96.13088984124343,83005600
2006-11-02,95.1294174194336,95.28937764581913,94.83731198380288,94.94163156353947,60693100
2006-11-03,94.96244812011719,95.55362041011233,94.32259692131136,95.47016478794377,71346400
2006-11-06,96.03352355957031,96.17261981816074,95.24761431060622,95.25457602157253,63303300
2006-11-07,96.40214538574219,96.65947402669207,95.97789484634704,96.11699112220195,63318900
2006-11-08,96.61077880859375,96.70814724650383,95.18501834376742,95.97787865599632,87517800
2006-11-09,96.10306549072266,96.77074238306976,95.90832860803062,96.68032504026125,95916300
2006-11-10,96.1447982788086,96.21434109719657,95.78313954115507,96.07524484805707,48991500
2006-11-13,96.38127899169922,96.70119935668616,96.02658190555317,96.10307583479174,59398200
2006-11-14,97.10457611083984,97.18804235561608,96.0613382562331,96.65251061878928,96704000
2006-11-15,97.38276672363281,97.68182310958316,97.04197191447653,97.06979752994714,76509600
2006-11-16,97.63316345214844,97.84180254750264,97.01417604041274,97.67489127121928,76728800
2006-11-17,97.66094970703125,97.6679008040415,97.181058704278,97.32015493101588,56353800
2006-11-20,97.7165756225586,97.88349743695429,97.32710200132888,97.5774794167423,69174200
2006-11-21,97.8139877319336,97.8348516415102,97.57056130372004,97.70966818405064,51367900
2006-11-22,98.00869750976562,98.17561935255473,97.71659224415622,97.89046518409243,45505300
2006-11-24,97.6122817993164,97.95306600135947,97.50795165823875,97.53577727413801,30998000
2006-11-27,96.26997375488281,97.61227844832041,96.24215875230148,97.56358892834973,84545100
2006-11-28,96.68727111816406,96.78463954376696,96.05437104556408,96.14478837375336,106652900
2006-11-29,97.69572448730469,97.73745229326573,96.72899140388103,97.00023275498948,90034900
2006-11-30,97.73746490478516,98.09912362371682,97.20193323033905,97.67487318776708,83994300
2006-12-01,97.52183532714844,97.82785333642533,96.65247080641174,97.73743603031356,126080000
2006-12-04,98.26603698730469,98.44687165685008,97.52881733801019,97.54273014621289,87813200
2006-12-05,98.69031524658203,98.73205368295339,98.24520076991686,98.45385050230877,73374400
2006-12-06,98.60684204101562,98.80854063761507,98.4121051554216,98.66943376587848,53253200
2006-12-07,98.17562103271484,98.9684812278984,98.14084432166003,98.78069547809217,62857400
2006-12-08,98.35643005371094,98.69026308166343,97.91131581232074,98.15474214017064,79625500
2006-12-11,98.64164733886719,98.82247146720572,98.30085238415532,98.35649302649811,39779400
2006-12-12,98.56511688232422,98.66943642657537,97.98785730861701,98.54425297347399,77451600
2006-12-13,98.66939544677734,98.99627736615514,98.45379473662608,98.91977286135693,55520200
2006-12-14,99.53878021240234,99.62224644245468,98.64855158250161,98.66246438957073,64755200
2006-12-15,99.54784393310547,99.93249771537161,99.47791367273122,99.75765605720409,70857400
2006-12-18,99.27513885498047,99.92555568362165,99.13526759584578,99.68776280445034,48954600
2006-12-19,99.4639892578125,99.70177150931994,98.74364200257263,98.99541458402021,65023600
2006-12-20,99.40800476074219,99.7716785148886,99.31708365433273,99.50591569399414,41469600
2006-12-21,99.04434204101562,99.61082755161999,98.83454049745293,99.4989369522174,48698400
2006-12-22,98.43588256835938,99.06530845472936,98.37993194067232,99.05831862807763,62069100
2006-12-26,99.01629638671875,99.03727652504114,98.45680113132488,98.47778126964727,32696900
2006-12-27,99.666748046875,99.72969916239934,99.19118379662476,99.21915377014388,39727100
2006-12-28,99.45695495605469,99.79963785014381,99.30309340999786,99.5968261784272,37288800
2006-12-29,99.04434204101562,99.68775834142382,98.91146061576423,99.35206520023097,45461200
2007-01-03,98.8694839477539,99.91154435149328,98.30999902883771,99.48493016435067,94807600
2007-01-04,99.0793228149414,99.34508569305294,98.33799549336048,98.7715996237583,69620600
2007-01-05,98.28900909423828,98.89046499184744,98.17711851233888,98.84151486317099,76645300
2007-01-08,98.74357604980469,98.89743756189414,98.08616971114752,98.4848138119669,71655000
2007-01-09,98.65972137451172,99.03038508174528,98.19113602918364,98.82756264782806,75680100
2007-01-10,98.9884033203125,99.00939414868787,98.12119504522501,98.31701695711533,72428000
2007-01-11,99.42200469970703,99.74370750943193,98.9604199676749,99.01637060229932,54476800
2007-01-12,100.17733764648438,100.17733764648436,99.38704948433342,99.41501947019545,55370600
2007-01-16,99.9814682006836,100.31716122891255,99.82060617609373,100.0583989645995,44871300
2007-01-17,100.02345275878906,100.33117588909961,99.82063039040641,99.90456167144026,50241400
2007-01-18,99.68775177001953,100.19129678436146,99.52690037339391,100.12835632544167,68177300
2007-01-19,99.8835678100586,100.07938965310852,99.63179534449581,99.68773529551858,56973000
2007-01-22,99.57585144042969,100.07939640552974,99.26112783362404,100.05841625460813,60253600
2007-01-23,99.86962127685547,100.06544320576835,99.35208579530298,99.49195707717007,54064400
2007-01-24,100.67388153076172,100.69486168787897,99.94654451721134,99.98850483144582,55834700
2007-01-25,99.49193572998047,100.65288739622126,99.3170939972873,100.6109270878137,73583800
2007-01-26,99.4010238647461,99.76468698007506,99.01636992402092,99.70874701732623,67255600
2007-01-29,99.34508514404297,99.8696103975263,99.12828308004217,99.44299609783344,66114600
2007-01-30,99.86258697509766,99.91154777650115,99.35205216691443,99.55487452774156,70407600
2007-01-31,100.5339584350586,100.79972118353714,99.58980916550787,99.75067118247566,91868600
2007-02-01,101.13544464111328,101.17041511930701,100.64588996087612,100.81373118181934,69312400
2007-02-02,101.27531433105469,101.37322526560231,100.97459170047681,101.21936370110012,49607000
2007-02-05,101.30330657958984,101.36624704368522,100.94662260673056,101.19839513460481,45705300
2007-02-06,101.33129119873047,101.42920215863019,100.9396473591316,101.38724184317235,57081300
2007-02-07,101.55506896972656,101.65996973274714,101.10747459501931,101.49211784042255,55669700
2007-02-08,101.42218780517578,101.49211809019772,100.89766264579868,101.2543359124381,70641000
2007-02-09,100.66690063476562,101.63902046293559,100.28224660099444,101.45018836063066,79084400
2007-02-12,100.32417297363281,100.73679685593032,100.14234143350797,100.66686657349366,65657000
2007-02-13,101.17037963867188,101.3382208007529,100.5409432664043,100.54794376248296,64081800
2007-02-14,101.83478546142578,102.03759710866706,101.254309820716,101.26830014271196,66039400
2007-02-15,101.9676513671875,102.07255208751529,101.70887847123339,101.8767302952452,38715200
2007-02-16,101.91876220703125,101.93974236584067,101.56907866488122,101.71595044804195,39841800
2007-02-20,102.13549041748047,102.2473916311851,101.40815387137458,101.79979744785368,56911800
2007-02-21,102.09354400634766,102.156495117292,101.65295025866853,101.83478175203702,63971600
2007-02-22,102.01665496826172,102.4013089302886,101.5271002309061,102.14254657014911,79067400
2007-02-23,101.61797332763672,101.96065614609326,101.42914134979078,101.92569635183368,71966200
2007-02-26,101.52706146240234,102.0725666287943,101.23332873215196,101.98864604057673,69192800
2007-02-27,97.56169891357422,100.84872176059302,97.21201540492342,100.62492986423328,274466500
2007-02-28,98.56175231933594,99.29608955129753,97.77147513751106,98.18409896456447,177536300
2007-03-01,98.26806640625,98.7856018968638,96.54762933332233,97.44980818793148,212828600
2007-03-02,96.98124694824219,98.37299149795923,96.97425711808151,97.94637708523666,162574000
2007-03-05,96.05805969238281,97.61764508146729,96.04406936465973,96.46368315291242,143750400
2007-03-06,97.70159149169922,97.99532442245052,96.31684748344414,97.05817497603023,143333300
2007-03-07,97.6036376953125,98.2330742749233,97.49173643607172,97.62461784748372,115144900
2007-03-08,98.42889404296875,98.72262683859071,97.96031953532241,98.28901213615629,117891600
2007-03-09,98.45689392089844,98.90448841274697,97.96733911286012,98.8275576092342,107765100
2007-03-12,98.60372161865234,98.84849357749994,98.02324593737254,98.20507745007272,80366900
2007-03-13,96.68745422363281,98.44986144053642,96.5405825091034,98.03722694328232,190605200
2007-03-14,97.40779113769531,97.46374175313404,95.6383942764641,96.81332518621137,231853800
2007-03-15,97.54071044921875,97.9043842552597,97.07213586811449,97.19102697035053,132435900
2007-03-16,97.26756286621094,98.03992202141012,96.97968257074413,97.81523182578191,121531600
2007-03-19,98.44013977050781,98.53142150455545,97.70288977461333,97.78012569254166,96161200
2007-03-20,98.98077392578125,99.0369464666389,98.27161568585971,98.35586914023786,82147400
2007-03-21,100.60974884033203,100.86251995267001,98.87547094996263,99.07206951357904,152368700
2007-03-22,100.53250122070312,100.8835715739764,100.25866677370264,100.74314557543047,118942200
2007-03-23,100.68000030517578,100.97489824755377,100.51148260360763,100.6027643645181,74416800
2007-03-26,100.5465316772461,100.86249280416881,99.76715518346855,100.75717599979967,113787500
2007-03-27,100.30781555175781,100.51845989343582,99.9778085830194,100.49036826717673,99864600
2007-03-28,99.57757568359375,100.03396274520966,99.18436798491388,99.80225508331081,152907900
2007-03-29,99.68295288085938,100.13232266640249,99.13528378953559,100.08316765660176,139432700
2007-03-30,99.70397186279297,100.29376743489082,98.69288761701605,99.87248947502779,128194100
2007-04-02,99.81632995605469,100.02697432036729,99.33886868269164,99.81632995605469,79416400
2007-04-03,100.89063262939453,101.09424878639298,100.34296355738998,100.38509029926412,82417800
2007-04-04,101.00293731689453,101.0731449539725,100.51845855164714,100.89059224099042,63995200
2007-04-05,101.27680206298828,101.41722809300036,100.83444989032186,100.87657662794355,46822800
2007-04-09,101.41718292236328,101.66995394932998,101.21355616279352,101.56462643836869,50967400
2007-04-10,101.53658294677734,101.70510059812565,101.2978576427311,101.33998437711357,56620000
2007-04-11,101.122314453125,101.7121101155314,100.78527917704906,101.68402919943391,106365700
2007-04-12,101.57164764404297,101.75420031768599,100.644817038285,100.92567966752097,115534400
2007-04-13,102.03507232666016,102.03507232666016,101.36101266834363,101.740163860399,84287000
2007-04-16,103.00407409667969,103.11641921876901,102.38619735282946,102.39321490527733,83064600
2007-04-17,103.27790069580078,103.49556265697754,102.96895699071648,103.19364721762132,108424100
2007-04-18,103.40428161621094,103.7061970263384,102.91278518471353,102.93384855221922,88345300
2007-04-19,103.37623596191406,103.49559866880774,102.76537660492187,102.89878513433933,102947700
2007-04-20,104.3521728515625,104.3521728515625,103.24278898938434,104.07132078860424,124114100
2007-04-23,103.95893096923828,104.42936386497932,103.89574088932116,104.17659283149601,77270800
2007-04-24,104.00109100341797,104.19768956867892,103.43938693913994,104.07832691932893,114471000
2007-04-25,104.95600128173828,105.08239219391037,103.93088173791776,104.42939569429376,108418800
2007-04-26,105.07536315917969,105.18069070418755,104.6891943022716,104.96302877718321,88741600
2007-04-27,104.99109649658203,105.13855075553046,104.50661770637295,104.68215287883615,108191100
2007-04-30,104.12047576904297,105.13858870789582,104.06431392174042,105.06837032803682,100874100
2007-05-01,104.38729858398438,104.94901351275597,103.68515760147517,104.21176333835707,134342700
2007-05-02,104.99813842773438,105.28601874873765,104.4434518680283,104.54876871043479,87129800
2007-05-03,105.56687927246094,105.60197774330368,105.13154466753032,105.30006232561497,86569700
2007-05-04,105.9670639038086,106.10748988878126,105.47556759949633,105.84770128089103,96409000
2007-05-07,105.9881362915039,106.16367146612177,105.88983702227058,105.93899201379564,63461400
2007-05-08,105.84770202636719,105.96706465012541,105.41237825574122,105.72833940260897,80584000
2007-05-09,106.13562774658203,107.30118428581997,105.58093040066323,105.77051145555629,102070100
2007-05-10,105.0262451171875,106.03732980450619,104.8085831357993,105.83370292823803,153617800
2007-05-11,105.9249267578125,105.9740710265005,105.1244869370256,105.14555029700828,113408900
2007-05-14,105.6932601928711,106.23391164161094,105.17367211230638,105.92496795661674,108027500
2007-05-15,105.72134399414062,106.4866748846569,105.45452706526336,105.81261501153162,180673300
2007-05-16,106.44457244873047,106.46563582015315,105.5879596314724,105.88285754521065,114166500
2007-05-17,106.23391723632812,106.69733278822481,106.10050875498032,106.29008979235981,101132800
2007-05-18,107.1606674194336,107.1606674194336,106.59193539372248,106.73236133489111,99182000
2007-05-21,107.10455322265625,107.58903209024564,107.07647230465643,107.13264485447446,174664600
2007-05-22,107.02027893066406,107.53986688001477,106.99219801812828,107.21687745986351,82148800
2007-05-23,107.0343246459961,107.77859203640169,106.97815210715956,107.39241252803569,133786600
2007-05-24,106.06539916992188,107.57500848382783,105.84071966045848,107.09754711626137,187593000
2007-05-25,106.50775909423828,106.73946688616218,106.14966036407391,106.37435060369236,83309200
2007-05-29,106.8939208984375,107.07647365227983,106.33922365813977,106.68327651242342,82020000
2007-05-30,107.76451873779297,107.80664545272182,106.26193852705313,106.34620267072442,129013600
2007-05-31,107.65221405029297,108.05242866615096,107.51177734343536,107.89795685966078,114866700
2007-06-01,108.18585205078125,108.4105315279139,107.78562666583215,108.0454260383461,107771700
2007-06-04,108.19991302490234,108.40352916438711,107.76457839739989,107.80670513565056,78008800
2007-06-05,107.77159881591797,108.05946841094371,107.32924666885546,107.9471340217277,126917900
2007-06-06,106.6130599975586,107.39243673967464,106.54986989480238,107.32924663691843,164096800
2007-06-07,104.68917846679688,107.07645246575268,104.66108684018343,106.41643851994986,232414600
2007-06-08,106.05134582519531,106.15667337756557,104.68217335493213,105.02622621723161,175886000
2007-06-11,106.23391723632812,106.69030452258362,105.8126284230003,105.97411782545414,102015600
2007-06-12,105.07536315917969,106.40240880126176,105.00515550965915,105.79154975272465,233898000
2007-06-13,106.64813232421875,106.77452319986959,105.12448855046833,105.67215734605364,193208200
2007-06-14,107.32921600341797,107.51176870832752,106.74643800097913,106.76750136255271,146396500
2007-06-15,107.93994903564453,108.35599510342998,107.84121529752838,107.98930514470499,154030800
2007-06-18,107.81300354003906,108.16558710982923,107.65081811073463,108.15853931203222,88537500
2007-06-19,108.0809555053711,108.15852431036595,107.43925091495869,107.57323437449482,110851700
2007-06-20,106.57894897460938,108.29955832190814,106.45202406865886,108.29955832190814,177119700
2007-06-21,107.17123413085938,107.26290924683339,105.95129872900648,106.53658839255189,205262000
2007-06-22,106.16295623779297,107.02326134292827,105.66934120042048,106.84696948958087,204964700
2007-06-25,105.6551513671875,106.65648701190182,105.08396793520187,105.94427236065924,232014400
2007-06-26,104.56922149658203,106.09944352806778,104.56217369938469,105.92315175817268,198445700
2007-06-27,106.05714416503906,106.17703205963318,104.40705547471545,104.45642234425392,213638000
2007-06-28,106.04305267333984,106.76937406754095,105.5423792000565,106.04305267333984,157705000
2007-06-29,106.07830810546875,106.93861304251492,105.17569485348567,106.40973758580614,199701800
2007-07-02,107.03729248046875,107.12896763219801,106.31802989919004,106.3885401420635,103357000
2007-07-03,107.42520904541016,107.53803842222074,107.1784068886388,107.31237966859956,54048400
2007-07-05,107.31228637695312,107.58025322392162,106.92445321633107,107.46742394519886,89279000
2007-07-06,107.87645721435547,108.0104406815631,107.13602962609987,107.45336342106353,81109000
2007-07-09,107.96106719970703,108.14440673795035,107.62257930757376,108.00337549622517,72348100
2007-07-10,106.42381286621094,107.61554693558405,106.31804210975588,107.38988830848581,180362600
2007-07-11,107.1783218383789,107.22063013110916,106.1417256265154,106.30391100197906,175607600
2007-07-12,108.8707275390625,109.12458807742914,107.42513310558564,107.44628725378337,133882500
2007-07-13,109.19512939453125,109.62528175457412,108.87074779515628,108.99768346795379,111794300
2007-07-16,109.1810073852539,109.67462213092239,109.004715636087,109.29383668711941,98378700
2007-07-17,109.1246109008789,109.6393798813442,109.07524403809647,109.25153581661162,126201300
2007-07-18,108.92715454101562,109.15986095757577,108.1021103877543,108.7579105762459,237887400
2007-07-19,109.35028839111328,109.67465929389574,109.12462971091843,109.4419528149441,145212700
2007-07-20,108.2431411743164,109.29384394270119,107.77068054638363,109.22332293435504,245502500
2007-07-23,108.5745620727539,109.1034373140929,108.10210148169038,108.722641114732,121183900
2007-07-24,106.69175720214844,108.79315161201684,106.31096103955893,107.9751554020033,256732400
2007-07-25,106.910400390625,107.46042994977753,105.95137256133383,107.19952152710195,265214500
2007-07-26,104.37884521484375,106.33920904342168,103.22941930988733,105.90905664880583,467592500
2007-07-27,102.32679748535156,104.97822188634898,102.28448918129247,104.51281978170299,422987600
2007-07-30,103.92752075195312,104.23073741130239,102.45371347559659,102.90501994625258,283017500
2007-07-31,102.75694274902344,105.39427137325276,102.2774235628021,104.59742916849999,316976700
2007-08-01,103.2575912475586,103.66658936945625,101.50878022564646,102.3761325607086,467670000
2007-08-02,104.0826416015625,104.19546013106523,102.43254283266474,103.49029321170504,294758400
2007-08-03,101.40302276611328,104.06855332340373,100.97991823702155,103.85700105885788,359398200
2007-08-06,103.10250854492188,103.53970879751971,100.50748746499035,101.69217404234992,324980000
2007-08-07,104.2025146484375,105.06986691283944,102.411384717079,102.91205794481891,232568700
2007-08-08,105.6551513671875,106.19107430436081,103.89928202146045,104.65381572247318,274930600
2007-08-09,102.52424621582031,105.03463941863487,102.45372520046188,103.9627823931648,357622100
2007-08-10,102.04473876953125,103.30698318116899,100.92351487003602,101.81908012611203,411018400
2007-08-13,102.41139221191406,103.58197192075352,102.26331317934628,103.306957243134,181917200
2007-08-14,100.84590911865234,102.9966702009799,100.64141546295214,102.74280970011513,264134500
2007-08-15,99.4567642211914,101.86844520039725,99.1605953269021,100.64145055834481,323834000
2007-08-16,100.20423126220703,100.79656893768949,96.60787539250306,98.57528651463912,546743700
2007-08-17,102.04473876953125,102.82041614629308,99.7035787640403,102.60181606047841,388218100
2007-08-20,101.99534606933594,102.58063592244599,101.04336639355583,102.36908368782889,187320400
2007-08-21,102.19983673095703,102.93321635464605,101.6427595975721,101.96714111574094,157066400
2007-08-22,103.41275024414062,103.51853176445611,102.48193527334097,102.96144373345074,173156700
2007-08-23,103.32109069824219,104.1179222367855,102.67938602879859,103.89932214851265,203915300
2007-08-24,104.59746551513672,104.59746551513672,103.15187041727926,103.29290172341192,128901900
2007-08-27,103.62428283691406,104.59741668694913,103.46914524458981,104.25893955823891,113024300
2007-08-28,101.34659576416016,103.13066730181251,101.16325622922137,103.06720485817915,219790700
2007-08-29,103.33515167236328,103.47619365883001,101.51583055886246,101.80494080713639,207654200
2007-08-30,103.0601577758789,103.79353751726862,102.4678200493684,102.56654300378682,191817300
2007-08-31,104.07562255859375,104.71732728123501,103.53969937001274,104.1179308682189,185477500
2007-09-04,105.12629699707031,105.76094298912354,103.94161084924465,103.97687135102416,120062000
2007-09-05,104.21662139892578,104.61857173522297,103.65954422896341,104.50574243801738,166261800
2007-09-06,104.45638275146484,104.79485987144167,103.74415725235475,104.32944710647752,127878400
2007-09-07,103.0037612915039,103.5819927061226,102.43256691414233,103.29287161881535,235447600
2007-09-10,102.8062973022461,103.46210824001899,101.77675945670332,103.32107698501252,192305900
2007-09-11,104.00508880615234,104.15316785639651,103.04606121792305,103.12363002138258,162081900
2007-09-12,104.27304077148438,104.6749911259914,103.64544257233747,103.86404262058045,149554600
2007-09-13,105.00643157958984,105.38721706518024,104.50575822261433,104.75257100253104,154079000
2007-09-14,104.99937438964844,105.13335785706235,104.18138875069297,104.33652636980428,121911000
2007-09-17,104.43524169921875,104.82307495865943,104.10381233351873,104.5833207502792,109870800
2007-09-18,107.50977325439453,107.53797520201681,104.45639863450832,104.95001341786279,263759500
2007-09-19,108.14445495605469,108.87077639677685,107.68610052608399,108.17971547220601,193779900
2007-09-20,107.38284301757812,108.1937808626482,107.26296590413274,108.13031840729401,175186800
2007-09-21,107.67265319824219,108.4874383071561,107.50969833866812,108.19695637775281,141457500
2007-09-24,107.4742202758789,108.27484254322391,107.2404099461842,107.99143116887952,139450200
2007-09-25,107.26168060302734,107.45298195814273,106.609850560418,106.85074215661359,142289900
2007-09-26,107.82848358154297,108.23942199348777,107.26167160606605,107.87099258777188,135547000
2007-09-27,108.46612548828125,108.47321752904395,107.82846885982786,108.33859848700568,102713300
2007-09-28,108.10485076904297,108.53704387534597,107.67973889656513,108.29615219276239,133372100
2007-10-01,109.32347106933594,109.64229950342185,108.04814652195046,108.11900208998813,148162300
2007-10-02,109.1747055053711,109.57147083729527,108.976322839409,109.54313508974832,112978800
2007-10-03,108.95502471923828,109.40139094452738,108.40946720066718,108.97627922415299,119055900
2007-10-04,109.1251220703125,109.29515818831914,108.82045600714204,109.18888561456498,76864400
2007-10-05,110.42168426513672,110.59881240106986,109.55729809689952,109.84069878997516,134579700
2007-10-08,109.8335952758789,110.16659696876461,109.65646717587764,110.09574140434759,71280400
2007-10-09,110.86798858642578,110.88216185784343,109.8406480349346,110.24450518754917,94054300
2007-10-10,110.68379211425781,110.83966568477959,110.10989888235477,110.55625427881284,101711100
2007-10-11,110.15239715576172,111.60484938805564,109.493475160763,111.18681895637317,233529100
2007-10-12,110.76175689697266,110.77593017361352,110.0107354006432,110.14535450112535,124546700
2007-10-15,109.82649230957031,110.78298827886147,109.06838973870653,110.71922476385276,161151900
2007-10-16,108.95502471923828,109.47932773289467,108.73538762775956,109.40139094452738,166525700
2007-10-17,109.28802490234375,109.88317265400188,108.02687384290816,109.80523586668664,216687300
2007-10-18,108.89124298095703,109.24549908496897,108.45905010162092,108.7211961590575,148367500
2007-10-19,106.04306030273438,110.86802850345738,106.03597906999525,108.46617165772575,297169900
2007-10-22,106.65946197509766,106.81533558264765,105.32746588927363,105.46916622039844,261989800
2007-10-23,107.52381896972656,107.6584380317525,106.45396932637411,107.31127393604281,180085100
2007-10-24,107.32544708251953,107.50966721143817,105.45497492260985,107.13415653315998,326694200
2007-10-25,107.58052062988281,107.8993490488853,106.19184237479247,107.445901543605,237374500
2007-10-26,108.8416748046875,108.8416748046875,107.62303257400245,108.44490957814662,176484000
2007-10-29,109.20303344726562,109.42267058920578,108.79209490610164,109.06132230055606,106841000
2007-10-30,108.44487762451172,108.93375278139436,108.31025857423523,108.72119695522298,132981600
2007-10-31,109.57140350341797,110.0106884032797,108.2889981968544,109.09670164364812,220954400
2007-11-01,107.0066146850586,108.69287746399061,106.69486753489906,108.60784863419435,333040800
2007-11-02,107.12704467773438,107.69385661158196,105.7171122898447,107.36085500586044,331228200
2007-11-05,106.31229400634766,107.0987432488326,105.54709927222376,106.02180131069062,226841000
2007-11-06,107.74346160888672,107.77179734165142,106.2059805331912,106.8861570409709,177800500
2007-11-07,104.79609680175781,107.07750814157126,104.54103184416861,106.58863273860497,306639700
2007-11-08,104.26469421386719,105.14324272839526,102.78390579544195,104.85276084174367,374509900
2007-11-09,102.8334732055664,104.53389837495807,102.65634513329479,103.22315712677187,277745100
2007-11-12,101.8132095336914,103.87498280360221,101.8132095336914,102.88306996466184,243087800
2007-11-13,104.91648864746094,105.07944342757261,102.89014330806782,102.99641581443669,191117400
2007-11-14,104.6259994506836,105.85172257849258,103.9954239999686,105.72419556670329,230558800
2007-11-15,103.11689758300781,104.49850551425688,102.39422266538696,103.84667535526286,263111100
2007-11-16,103.29397583007812,103.77576968694395,102.42960100144596,103.66240515461824,308770600
2007-11-19,101.8557357788086,102.98935991035668,101.45188934425923,102.93267762267519,267746000
2007-11-20,102.47920227050781,103.10977768434412,100.68666730271343,102.03992817420598,414767500
2007-11-21,100.38201141357422,101.96200153112206,100.37493018297609,101.3739350603051,259012400
2007-11-23,102.11785888671875,102.2666403829417,101.10468089794348,101.3668377430176,77688400
2007-11-26,99.86483001708984,102.6492896329052,99.65936615860969,102.33045037406298,214232000
2007-11-27,101.01262664794922,101.4802366553259,99.86482911082638,100.42456000861196,293897900
2007-11-28,104.243408203125,104.48429976746993,102.12495273646648,102.16038051029102,258596900
2007-11-29,104.27886199951172,104.6614647942986,103.51367803202301,103.8820967390235,199409900
2007-11-30,105.32745361328125,106.18474754384565,104.38513084511831,105.59668096772708,222908000
2007-12-03,104.63312530517578,105.17868298070198,104.35680585074829,104.99447361476474,146430400
2007-12-04,103.6978759765625,104.533915424746,103.66244819412188,103.91043186016483,136533900
2007-12-05,105.43368530273438,105.71000459304457,104.73934646239744,104.8101911867373,171130000
2007-12-06,106.9428482055664,107.13414955350333,105.2636775154526,105.30618652365197,154457400
2007-12-07,106.9216079711914,107.3396276889937,106.66654307691452,107.28294540014983,148980100
2007-12-10,107.75054931640625,107.87099510721437,106.88616346609912,107.18373732769084,123914300
2007-12-11,104.79609680175781,108.32448637253853,104.73941449884424,107.79310194514802,250346400
2007-12-12,105.83047485351562,107.53091079686625,104.29300451704965,107.0278623257272,322435600
2007-12-13,105.61083221435547,105.84464254966187,104.36385457042672,105.08654007855209,237551300
2007-12-14,104.27177429199219,105.63920892023923,104.22218404303169,104.81023985335598,159152900
2007-12-17,102.78387451171875,104.05918787833109,102.63508218639336,103.87497859029655,177269400
2007-12-18,103.3577880859375,103.7828890216865,101.99744563166728,103.51366167235771,245569300
2007-12-19,103.3577880859375,104.07338168829149,102.69178472778586,103.40029709840832,198917200
2007-12-20,104.00961303710938,104.05212204748254,102.86181570183264,104.03794877367805,214813800
2007-12-21,105.50895690917969,105.71551120690448,104.768187226237,104.96762270970187,146084400
2007-12-24,106.29249572753906,106.47056397583147,105.75829098266188,106.00047206034128,45601400
2007-12-26,106.52037811279297,106.61296616775225,105.77248964866422,105.87932619993194,67093100
2007-12-27,105.18128204345703,106.14997310833404,104.93199318175002,106.14285429574224,122981700
2007-12-28,104.917724609375,105.85079969589212,104.63280913398657,105.80093541204387,116398100
2007-12-31,104.14138793945312,105.13856529251879,104.03454052192737,104.77531015713444,108126800
2008-01-02,103.22967529296875,104.69696615741739,102.48179766647759,104.36931593934744,204935600
2008-01-03,103.17984771728516,103.62858310038507,102.61715693572073,103.21546353423967,125133300
2008-01-04,100.6512222290039,102.16836608657088,100.36631758488203,102.09713449133265,232330900
2008-01-07,100.56574249267578,101.3065010109763,99.78936818048071,101.00734790540795,234991000
2008-01-08,98.94180297851562,101.78376408461425,98.6070339413512,101.19970612447598,326365700
2008-01-09,99.98172760009766,100.2808808663279,98.07996056364955,99.070019302514,301824900
2008-01-10,100.63702392578125,101.71256286082543,99.2694613888201,99.49026422839526,335701200
2008-01-11,99.82501983642578,101.07149712734008,99.00591053547845,100.27375513904916,267076600
2008-01-14,100.62989807128906,101.04301759029026,100.0030945433672,100.54442881508886,170365500
2008-01-15,98.41471862792969,100.77946923215377,98.22240195387074,99.56859693544537,239940100
2008-01-16,97.56710052490234,99.09136349822263,97.06851186417471,97.8377675986192,378802600
2008-01-17,95.03853607177734,98.2081581123439,94.682399740785,98.15829380916418,397892600
2008-01-18,94.0627212524414,96.1710530075462,93.37894561778207,95.97161754173575,348561500
2008-01-22,93.10829162597656,94.32627190130206,89.74636348928534,90.60821283576777,435923700
2008-01-23,95.34481811523438,95.5798693957972,90.3446610296666,90.52272919357011,511913000
2008-01-24,96.14969635009766,96.48446539088468,94.95307255425027,95.78643031479913,259949300
2008-01-25,94.76073455810547,97.41038929367603,94.44734376792942,97.23232115751358,269603900
2008-01-28,96.32776641845703,96.52720191027922,94.06273352073498,94.91745860974703,217934600
2008-01-29,96.80496215820312,97.18958454228995,96.07132232179549,96.94029567784621,168968300
2008-01-30,96.0926742553711,98.67821573504736,95.87187154534733,96.56989546990316,334939200
2008-01-31,97.84486389160156,98.67822136166785,94.87468905159656,95.01714136924276,343680800
2008-02-01,99.41902160644531,99.44038891729184,97.9517416300849,98.25089485035483,206843600
2008-02-04,98.16542053222656,99.21958099702753,98.03720580535703,99.15547906780175,124694300
2008-02-05,95.53716278076172,97.04717777540903,95.20951248102924,96.82637492639037,286882500
2008-02-06,94.76787567138672,96.33487328496318,94.31202162255687,95.85765192668958,250792900
2008-02-07,95.39463806152344,96.0071927650526,93.8276409429462,93.8775052281752,297368100
2008-02-08,94.78211212158203,95.60122119527546,94.09120688825811,94.79634974712324,221643500
2008-02-11,95.26647186279297,95.60835970931156,94.04848078621865,94.80349896372444,188576300
2008-02-12,96.14969635009766,97.0898906690173,95.43029396233797,96.0927132294936,256654400
2008-02-13,97.13264465332031,97.62411465662598,96.25655209479608,96.87622599370088,181967800
2008-02-14,96.27787780761719,97.5813378584029,96.0072107648612,97.545722057764,215207200
2008-02-15,96.25654602050781,96.31352914887411,95.38045351726957,95.80069186199796,154110300
2008-02-19,96.52719116210938,97.50300120047126,95.87902045165065,97.38191615594897,145190000
2008-02-20,96.81208801269531,97.26082321711652,95.27357662760868,95.4374071466807,220085700
2008-02-21,96.0072250366211,97.58847117798095,95.49439873117011,97.33918227328392,201051200
2008-02-22,96.59839630126953,96.76222680717517,94.63252804614764,96.13542350767999,205491000
2008-02-25,97.81635284423828,98.0442743206971,96.00005636904066,96.54137938549121,190107000
2008-02-26,98.5500717163086,98.97031008834522,97.22524378385764,97.40331199591598,212420700
2008-02-27,98.45033264160156,99.10562221592087,97.87339349836492,97.98023005510548,168395800
2008-02-28,97.48876190185547,98.26514741226617,97.26084028725727,97.75231019389648,170831100
2008-02-29,95.31632995605469,96.64114663352976,94.57556032371774,96.58417438650504,252715200
2008-03-03,95.08839416503906,95.30919693688747,94.19093458217914,94.83197558873371,189483500
2008-03-04,94.72512817382812,95.01715165266238,93.30058310636143,94.18379409240433,282513100
2008-03-05,95.32345581054688,95.99299388092895,94.26216558532221,95.03142139798979,270681400
2008-03-06,93.35044860839844,94.88896008871146,92.98719348183192,94.71801074587076,247911700
2008-03-07,92.38890075683594,93.83481353186708,91.58402909259183,92.43163538176583,326434600
2008-03-10,91.17091369628906,92.5455949125244,90.87887925493487,92.48149297225245,235683600
2008-03-11,94.44734954833984,94.53281878103546,91.84754808020392,93.10827360455019,341440600
2008-03-12,93.56413269042969,95.2807123294241,93.4216803387544,94.54707239329944,229161100
2008-03-13,93.77069091796875,94.47584476081339,91.59826800951856,92.31765948023771,351504200
2008-03-14,92.31765747070312,94.59692774910727,91.01419723295528,94.56844162556008,484687800
2008-03-17,91.38456726074219,92.06834279939852,89.79619713668873,90.15233339969365,405311100
2008-03-18,95.18102264404297,95.22375727529668,92.581220269092,93.03707444983323,334416600
2008-03-19,92.82335662841797,95.9074869630161,92.62391033116945,95.5442319037312,345971600
2008-03-20,94.54270935058594,95.13682368118862,92.52415143777516,93.08963862138805,245320700
2008-03-24,96.43244171142578,97.21265999651256,95.37306225450861,95.42316250472129,208977300
2008-03-25,96.52545928955078,97.02651619627791,95.75239538107691,96.53261334456782,192947200
2008-03-26,95.34441375732422,96.69727327636575,95.2799944759948,96.24632738483504,196934300
2008-03-27,95.04376983642578,96.23199854134837,94.7431356319677,96.06020288641936,225153200
2008-03-28,94.13470458984375,95.45893685596857,93.81259728577183,95.19409477163316,180896100
2008-03-31,94.46398162841797,95.0079848599659,93.83407510182867,93.97723269726504,166692100
2008-04-01,97.78524780273438,97.94987842355638,95.56626775978066,95.63785198912237,254547300
2008-04-02,97.84971618652344,98.5440420553259,97.33434005870666,98.10025019279355,210910800
2008-04-03,98.09310913085938,98.3794353395863,97.14110588824808,97.32005567286687,175884800
2008-04-04,97.98574829101562,98.75165864829458,97.43457986994198,98.15037904247397,204446800
2008-04-07,98.03585052490234,99.1882875243483,97.87837384754494,98.6872194115415,154245500
2008-04-08,97.93563079833984,98.00720414966374,97.31287820068461,97.48467390386996,148937300
2008-04-09,97.22696685791016,97.92129267154549,96.55411413770895,97.78528913164637,195610600
2008-04-10,97.36297607421875,97.82824102204972,96.56127382444782,96.9334923360477,192967800
2008-04-11,95.47322845458984,96.71871112870726,95.20837552414336,96.26776540148784,222973300
2008-04-14,95.15113830566406,95.58777605214816,94.87914216286461,95.33725300161646,160522000
2008-04-15,95.37303161621094,95.69513887681221,94.7216521171184,95.6164005755788,172389200
2008-04-16,97.95707702636719,98.00002320982674,96.28926439460481,96.30357250760889,189268900
2008-04-17,98.10022735595703,98.24338493097473,97.10526746458326,97.36295546850424,179665700
2008-04-18,99.12384033203125,99.89690454608854,98.96636368163666,99.45311267073602,218530600
2008-04-21,99.1739501953125,99.48173851197063,98.67289309713324,98.94488928058738,118587400
2008-04-22,98.73728942871094,99.00213149284292,97.9928525511496,98.9162391309024,162166000
2008-04-23,98.57984161376953,99.33858682514735,98.15035783416168,98.84468375526617,193309000
2008-04-24,99.0093002319336,100.02573326832258,98.0930676734659,98.837504579304,229381300
2008-04-25,99.92550659179688,100.13308341671159,98.71580499641392,99.78233810871443,190788100
2008-04-28,99.9469985961914,100.39079039551987,99.76804888069137,100.12594831169145,105610200
2008-04-29,99.55330657958984,100.01857146885966,99.21688024221982,99.7752024782331,125514100
2008-04-30,98.96639251708984,100.63420594786714,98.96639251708984,99.70366481228712,208395900
2008-05-01,101.01351928710938,101.01351928710938,98.97349933867608,99.05223764054544,187279500
2008-05-02,101.292724609375,101.90831225950403,100.61271766291587,101.88683916072733,181585500
2008-05-05,100.80597686767578,101.36429922711835,100.5053425912241,100.96345352518279,118504500
2008-05-06,101.67923736572266,101.78660283334949,99.98995150097154,100.22616645197515,179339800
2008-05-07,99.86827850341797,101.67208410072479,99.58911733319958,101.56471862072765,199267300
2008-05-08,99.6105728149414,100.44090212084387,99.48172333950362,100.02573746789264,178321200
2008-05-09,99.42440795898438,99.77515315837434,99.10230081623193,99.209677145295,152588200
2008-05-12,100.54109954833984,100.61267287165639,99.30275981829506,99.67497823509723,147865900
2008-05-13,100.5554428100586,100.84892302824649,100.01859354752149,100.78450373807632,159132200
2008-05-14,100.76301574707031,101.78660294700428,100.54111983224405,100.97775760478834,181910800
2008-05-15,102.02276611328125,102.0943503369272,100.80591076683332,100.95622234538315,166927000
2008-05-16,102.11585235595703,102.2661639771004,101.36426148357377,102.2590099215962,204236800
2008-05-19,102.39505004882812,103.2897988068182,101.85820079403409,102.22325435529267,165664400
2008-05-20,101.56468200683594,101.88678925293407,100.92762156998519,101.83668902107173,178552100
2008-05-21,99.84678649902344,101.72933006589844,99.4960411270785,101.50743416777516,252724800
2008-05-22,99.86106872558594,100.33349847009298,99.49601533513284,99.80380352120137,170820400
2008-05-23,98.52255249023438,99.9684692139088,98.43666012403196,99.53183148200718,181376400
2008-05-27,99.25267028808594,99.49603927360859,98.44381409959901,98.63708284561926,168322900
2008-05-28,99.71078491210938,100.21184193735134,98.78024419538917,99.61772756377016,181288100
2008-05-29,100.21184539794922,100.8775331282822,99.55331172457248,99.58910385380233,173927200
2008-05-30,100.46236419677734,100.74152528701973,100.16888407256228,100.54825655616801,117362000
2008-06-02,99.42440795898438,100.11157932944555,98.78019367347947,100.09010624807661,181069900
2008-06-03,98.84465789794922,99.9398292350085,98.22907046673352,99.71077928876865,271965700
2008-06-04,98.79458618164062,99.61059664723452,98.39374046832806,98.56552524704686,246637700
2008-06-05,100.77017211914062,100.84891043803857,99.0093128742953,99.19541666340643,237867100
2008-06-06,97.55622863769531,100.06868980200807,97.50612839355232,99.88974007450885,384276300
2008-06-09,97.79241943359375,98.4223258139138,96.92630908287556,97.96421506155974,228263900
2008-06-10,97.30570983886719,98.13603923220298,96.88339108478651,97.11244106647135,260234900
2008-06-11,95.87410736083984,97.53475514569116,95.86694238154541,97.32717826841896,283890100
2008-06-12,96.23917388916016,97.25560716402312,95.57348605820683,96.34655029307993,252791800
2008-06-13,97.4560546875,97.72090781311623,96.21772515543718,96.75457454428987,244726900
2008-06-16,97.51326751708984,98.01432449290893,96.9621103048003,97.0265295755007,185832500
2008-06-17,97.0408706665039,98.15035032148707,96.89770213610895,98.11456911111372,191707700
2008-06-18,96.09600067138672,97.00506831696639,95.70947407781678,96.41095392952293,265893000
2008-06-19,96.21769714355469,96.80465754715483,95.55916339561526,96.02442836161005,304204900
2008-06-20,94.65592193603516,95.74218063928721,94.39694496996006,95.56233582886996,289275700
2008-06-23,94.56236267089844,95.1234773849579,94.46885086978978,95.02276476902034,165096400
2008-06-24,94.37535858154297,95.2745825775149,93.65597938476543,94.27464593306833,267300600
2008-06-25,94.82131958007812,95.96512925824203,94.41127936465219,94.75657812135553,287853900
2008-06-26,92.2459945678711,94.54081604245576,92.13809207530835,93.92935028984053,297775000
2008-06-27,91.74241638183594,92.69919190870148,91.38992215714806,92.28195071058202,303423400
2008-06-30,92.06617736816406,92.7352004249143,91.57699916012702,92.00143036864412,258842600
2008-07-01,92.35388946533203,92.41863094785046,90.59140743271988,91.01583845392321,388622000
2008-07-02,90.77127838134766,92.91503106509586,90.6058187309247,92.64885326544041,288064600
2008-07-03,90.86477661132812,91.44028211359553,89.91519637448594,91.44028211359553,239352500
2008-07-07,89.9367904663086,91.60575008907209,89.14547439738615,91.2100947988249,372427300
2008-07-08,91.53379821777344,91.64170618407864,89.34688502180144,89.91519518847683,375973700
2008-07-09,89.77136993408203,91.89353729847149,89.48361703168258,91.72088775240387,336729400
2008-07-10,90.1382064819336,90.49070071612702,88.90087350982765,89.51234466787707,436475700
2008-07-11,89.08792114257812,90.56984608740834,88.11676028048511,89.18144395500255,481124600
2008-07-14,88.28221130371094,90.28208448833198,88.05201019228177,90.10943502686696,322720800
2008-07-15,87.03767395019531,88.83612166254665,86.33987535965471,87.6203747411274,502502500
2008-07-16,89.17424011230469,89.61306183945776,87.11681527338521,87.3685968819745,371642900
2008-07-17,90.06626892089844,90.82881456503586,89.26775761170396,90.02310792745898,375490600
2008-07-18,90.62740325927734,90.94392640737728,90.03031714525486,90.7640815890641,267030100
2008-07-21,90.6777572631836,91.2172917042852,90.05909066497948,91.0086710617812,222863000
2008-07-22,91.70648956298828,91.93669075455391,89.81451820289233,90.03033422117295,296904200
2008-07-23,92.20284271240234,92.90783134637273,91.75683106311493,92.00141738841081,311698400
2008-07-24,90.289306640625,92.37550791997926,90.03752495776462,92.32514609497814,248634500
2008-07-25,90.26768493652344,90.99425381994425,90.04467370055453,90.56262749084465,219131000
2008-07-28,88.94400787353516,90.68490351616838,88.78574363540022,90.28924840925656,205201300
2008-07-29,90.84322357177734,90.91516040919603,88.94406252409361,89.18865435743184,261505600
2008-07-30,92.4617919921875,92.5121537965236,90.84318906712521,91.44027501892617,354710000
2008-07-31,91.23887634277344,92.49060025458111,91.09499719222913,91.648922317075,277402100
2008-08-01,90.7568588256836,91.56255980686207,90.25329022402074,91.44746201887642,248690900
2008-08-04,89.91519165039062,90.74247870827462,89.74973753187,90.67054189637751,188239600
2008-08-05,92.33950805664062,92.4833816911506,89.90081317923342,90.65615799305178,251577600
2008-08-06,92.74957275390625,93.0157505731561,91.7064803978938,92.09494589891828,209555400
2008-08-07,91.36833190917969,92.39704413905105,91.03022288777473,92.05173979060463,246312500
2008-08-08,93.06608581542969,93.46893642075983,90.91514349278785,91.05902262928281,260811700
2008-08-11,94.03007507324219,94.60556974363261,92.96538578393398,93.13804077116545,249425800
2008-08-12,93.05167388916016,94.02282890971978,92.60565146480019,93.72069106042221,213200800
2008-08-13,92.49058532714844,93.26750517255543,91.8431374868359,92.64883864613502,256393200
2008-08-14,93.1883773803711,93.72072194370759,91.9006934333137,91.96543492731453,239555300
2008-08-15,93.64160919189453,93.87900569593478,93.01575266651614,93.46895419526768,181000800
2008-08-18,92.361083984375,93.86458369781542,91.83594030480499,93.82861254675355,172275100
2008-08-19,91.35397338867188,91.8575421786011,91.0230595779101,91.6633066991448,194673700
2008-08-20,91.77838134765625,92.04454808597447,90.88634736590804,91.6416975706215,225498200
2008-08-21,91.9366683959961,92.39707066715972,91.07341002124329,91.18131800414089,180609800
2008-08-22,93.26753997802734,93.26753997802734,91.93669460053135,92.56255120055371,167715300
2008-08-25,91.37555694580078,93.26752254293663,91.18132694827514,92.65605671953583,171936900
2008-08-26,91.64167785644531,91.98698214419849,91.05898270231387,91.37550568696004,159117200
2008-08-27,92.53376007080078,92.67763373107465,91.57698431353745,91.75682913309394,171032800
2008-08-28,93.65595245361328,93.76385491135996,92.87902182728047,93.00131493834411,167537100
2008-08-29,92.64883422851562,93.62000045425043,92.44740894829508,93.32505237362228,189195800
2008-09-02,92.07333374023438,94.03005134951192,91.73522466941326,93.54086783087212,252364900
2008-09-03,91.99420166015625,92.44021869897342,91.3107936783752,91.99420166015625,251947000
2008-09-04,89.22457885742188,91.5265950115099,89.17422254562385,91.33955492979165,340042500
2008-09-05,89.50516510009766,89.8864352250128,87.76426862974674,88.69226852223002,289503400
2008-09-08,91.35397338867188,92.25320297865775,89.50516885540674,92.10931834092318,364075300
2008-09-09,88.64192199707031,91.6201519867603,88.33978399543305,91.43311182403922,377326800
2008-09-10,89.00163269042969,89.85050072065629,88.15995999196934,89.1239258883058,298916600
2008-09-11,90.289306640625,90.45476082289223,87.47653065779157,87.85061100526619,375369400
2008-09-12,90.7065200805664,90.79284755981699,89.08072705122137,89.41164082237376,297851200
2008-09-15,86.39024353027344,90.38999552350701,86.24636988891416,87.49808813170819,483607000
2008-09-16,87.8362045288086,87.99446884051832,84.16737148484702,84.31124513816785,581744300
2008-09-17,83.88680267333984,87.65634786248322,83.44798095510518,86.0665206080705,624095600
2008-09-18,86.37586975097656,87.61320298815968,81.86536408963683,84.92272602329788,776114700
2008-09-19,89.8061752319336,92.61352058747075,89.23457549713429,91.67291231092585,501087800
2008-09-22,87.77301788330078,90.26200808925894,87.08565409791395,90.04494293587565,249966500
2008-09-23,85.7760238647461,88.28671340870717,85.58066416569926,87.4401694333574,327470400
2008-09-24,86.05096435546875,86.82515510097802,85.22612582362504,86.35485107347544,311818400
2008-09-25,87.39676666259766,88.20713687505383,85.69644157986293,86.39104225331303,328253000
2008-09-26,87.44017028808594,87.91047434127579,85.74708232083644,85.9786158596106,285917400
2008-09-29,80.58821105957031,86.34761222739341,80.29156132323719,86.20290584677159,459562300
2008-09-30,83.92376708984375,84.50984078576825,79.97322221601569,82.12938319765465,328154400
2008-10-01,83.97441101074219,84.4302466998767,82.44773461737827,83.40281129529447,332783000
2008-10-02,80.92830657958984,83.28705897950175,80.35670678377272,83.17128941671504,365337800
2008-10-03,79.83575439453125,83.53306060464428,79.3582187509027,81.65908635797697,461798000
2008-10-06,75.76943969726562,77.86771594034896,72.8173823147289,77.52764977596216,610637500
2008-10-07,72.37601470947266,77.65788149644467,72.10107032140344,77.30334140633417,540012100
2008-10-08,70.55269622802734,73.93164151549361,70.04621269564844,70.559927685204,725414800
2008-10-09,65.62532806396484,72.80287665069721,65.29973602041683,72.10827624298634,534485200
2008-10-10,64.03358459472656,67.96966206961137,60.473752742104416,62.77462074834995,871026300
2008-10-13,73.33110046386719,73.33110046386719,65.08270707690602,67.91900054848807,455584000
2008-10-14,72.24577331542969,76.35549811012416,70.26326688001937,75.75495604648748,546268300
2008-10-15,65.13336181640625,70.76253301445125,64.90906517233785,70.516525435624,484627500
2008-10-16,67.84662628173828,68.57016929880795,62.61541335963375,66.05224269071473,708811200
2008-10-17,67.44144439697266,71.33410386683737,66.31271904947032,66.55872102717922,476649000
2008-10-20,71.49331665039062,71.70314488432419,68.07819115499879,68.9898573216969,321294200
2008-10-21,69.35885620117188,71.37030554756238,68.89578896402573,70.1619896481403,356502000
2008-10-22,65.58192443847656,69.3588190537694,63.331705700556036,67.43419239501799,516168000
2008-10-23,66.3416976928711,66.89158671542808,62.087258866594084,65.32873580470047,634666400
2008-10-24,62.97720718383789,65.06100982411373,60.777634970114846,60.821045800059,545812600
2008-10-27,60.741432189941406,64.76433499373935,60.560546441287386,62.20299213037505,397288600
2008-10-28,67.83940124511719,68.18669883486288,61.1610961367725,63.19425044065427,639939500
2008-10-29,67.34740447998047,70.30669361052342,66.63832969299303,67.84664554980753,531270100
2008-10-30,69.67720031738281,69.85084910969516,67.21715275880958,69.30095482714454,414582100
2008-10-31,70.06067657470703,71.3196399669306,68.36035146954268,68.79447620615126,411394000
2008-11-03,70.26326751708984,70.6829238198358,69.42395491159795,70.02449698067969,205419400
2008-11-04,72.65097045898438,72.97656266893381,69.97385748752625,71.67418278874378,346793400
2008-11-05,69.59764862060547,72.86806269843105,68.73663011896747,71.77551050562133,387844100
2008-11-06,65.74114227294922,69.05497179048315,65.1623054460605,68.34589695355432,477721900
2008-11-07,67.91178131103516,68.0130769414598,65.480675140448,66.31275112196288,380391000
2008-11-10,67.02178192138672,69.12005759451887,65.78452413099994,68.88852406977153,301773000
2008-11-11,64.95244598388672,66.66724470434454,64.14208144036797,65.66875745456846,418498200
2008-11-12,62.094486236572266,64.35917479476382,61.58800813096947,63.83822825194266,454330600
2008-11-13,65.96543884277344,66.37062682919219,59.39566460225216,62.31878008618714,753141900
2008-11-14,62.67329406738281,66.60936407162558,62.60093535420538,64.69197961670892,540352300
2008-11-17,61.841217041015625,64.0769621148223,61.61692049217531,62.49963825737043,415254900
2008-11-18,63.00613784790039,63.10743344571083,59.98896428412626,61.60969936928946,523811800
2008-11-19,58.968772888183594,62.85420199704394,58.54911649247568,62.15960116287053,558327600
2008-11-20,54.59134292602539,59.69956267242746,54.30193000548843,57.97752598616542,814180400
2008-11-21,57.53615188598633,58.53464501844078,53.78819795100542,56.04565468503674,718536500
2008-11-24,61.52287292480469,62.941016830930494,58.14392775213878,59.27265329533774,523305300
2008-11-25,61.978736877441406,63.31729120559092,60.64741400951746,63.165347737874356,454112400
2008-11-26,64.37364196777344,64.53282236138594,60.95128006569497,60.99469641316904,370134200
2008-11-28,65.18401336669922,65.2129557611759,64.01911373014705,64.127640809188,118308100
2008-12-01,59.41014099121094,63.34621832203649,59.22925516564281,63.31727592752191,369927100
2008-12-02,61.696529388427734,61.85570978379491,59.35948782429143,60.3941548739812,469508400
2008-12-03,63.1797981262207,63.54880673963796,60.15538703630403,60.343509832190854,519863500
2008-12-04,61.718238830566406,63.70798268416361,60.58950765442844,62.26812770283712,444173800
2008-12-05,63.62117004394531,63.975704756828925,59.50420641812053,60.52440524034623,471905300
2008-12-08,65.84241485595703,66.84090223683205,63.72967056125008,65.36487381280256,412859300
2008-12-09,64.75712585449219,66.66004276104589,64.3808857644479,65.38661051766724,370790000
2008-12-10,65.198486328125,66.10291544096638,64.39535283430608,65.35042975665868,396187400
2008-12-11,63.62838363647461,65.84242381363525,63.215964279548686,64.78605152256527,365061000
2008-12-12,64.3880844116211,64.44596917142208,61.64585601823838,61.89910046231901,415060400
2008-12-15,63.490901947021484,64.50386331004437,62.43452976793323,64.40979918164228,256694200
2008-12-16,66.4791488647461,66.5804444736232,63.8020411669425,66.4791488647461,377699500
2008-12-17,65.83518981933594,66.87709372411706,65.16229446753083,65.7266572425552,281819800
2008-12-18,64.60517120361328,66.32720198471566,63.82374324437837,66.13184775500511,374673300
2008-12-19,64.32728576660156,66.09976926491905,64.25433961600442,64.99105232995792,301451300
2008-12-22,63.50302505493164,64.67738655234382,62.35784089742513,64.6117417113125,243759500
2008-12-23,62.846553802490234,64.13761908255846,62.58396331078,63.8458512512128,221625200
2008-12-24,63.21125793457031,63.36443478356263,62.729840210587476,63.05807552056985,62061600
2008-12-26,63.575965881347656,63.67808377999075,63.09454816059473,63.63431499128078,74767700
2008-12-29,63.39363479614258,63.69998860370519,62.438094732063774,63.6343381792217,127795900
2008-12-30,64.89620971679688,64.95456439291938,63.37172580189373,63.831261920098164,168256300
2008-12-31,65.82256317138672,66.35503982491707,64.82326582785508,64.97644267106048,193987200
2009-01-02,67.8065414428711,68.15666373025472,65.5380562088993,65.96841473787073,227566300
2009-01-05,67.72632598876953,68.31715718226253,67.02608676408029,67.5658534563395,240349700
2009-01-06,68.17859649658203,68.89342192082158,67.60235649499595,68.30259603027534,328260900
2009-01-07,66.13619995117188,67.29597520679269,65.79337326828391,67.10632533785336,280899200
2009-01-08,66.40608978271484,66.44255727472708,65.4067870094591,65.76420516022634,263834400
2009-01-09,64.98374938964844,66.61035153626246,62.263027450638006,66.49364772527736,330953600
2009-01-12,63.422786712646484,64.85244849679755,63.0289065491653,64.8013839798558,277858500
2009-01-13,63.539493560791016,64.10114200989153,62.87572164684588,63.26231719909323,356432300
2009-01-14,61.54090118408203,62.5474944262559,60.65830746989162,62.394317556686545,435491600
2009-01-15,61.562782287597656,62.182785487373216,59.60794493765232,61.35854646320183,532647300
2009-01-16,62.044166564941406,62.72252414189789,60.57804338652442,62.627701998992315,399237200
2009-01-20,58.76912307739258,62.04420360454383,58.389828714329994,61.43879176917527,419855200
2009-01-21,61.3074836730957,61.44606907954962,58.696170218747795,59.76841379477944,364360700
2009-01-22,60.359249114990234,61.30019759376825,59.20676906516824,60.11854019983576,427940300
2009-01-23,60.62180709838867,61.26369162915561,58.769088479690325,59.00979726560532,386800600
2009-01-26,61.037601470947266,62.26302198629646,60.403006815942,60.971951061459684,317978800
2009-01-27,61.65760040283203,62.109840816288376,60.760420867034284,61.36583257366693,273789700
2009-01-28,63.74374008178711,64.15221174983547,62.78091003209518,63.021618935770434,330007000
2009-01-29,61.672218322753906,63.81670082269133,61.61386361887525,62.81010722333339,294392500
2009-01-30,60.41759490966797,62.29219586400049,59.965354490039836,61.98584214345009,383383600
2009-02-02,60.235206604003906,60.672855323420386,59.3088446756504,59.49849449456618,288233300
2009-02-03,61.08134078979492,61.53358105753645,59.97263007421163,60.614514639548624,278385800
2009-02-04,60.78229522705078,62.270305969717384,60.57076371527385,61.48983031971659,322989300
2009-02-05,61.686763763427734,62.21194462391213,56.69755671884035,60.32275267105893,417679400
2009-02-06,63.44464874267578,63.707233559244735,61.76698858983532,61.89828378062289,366101700
2009-02-09,63.53219223022461,63.999018464009815,62.963248105611875,63.43007433939708,240075200
2009-02-10,60.62180709838867,63.48111850590466,60.14038952655868,62.926760395465806,536212800
2009-02-11,60.979248046875,61.30748897107111,60.10395004570333,60.869834405476304,324442500
2009-02-12,61.02301025390625,61.13971404445802,59.119232020146505,59.93617524903393,469302200
2009-02-13,60.36650848388672,61.44604174073147,60.35191703811514,60.94274816173205,293998400
2009-02-17,57.784385681152344,60.512402289037304,57.747912624052056,58.470039086586134,478910100
2009-02-18,57.64580535888672,58.30957727831098,57.098742791672166,58.200163651866426,362964800
2009-02-19,57.025787353515625,58.462738878962796,56.90907803175026,58.23661595929409,316867500
2009-02-20,56.471431732177734,57.142493667337575,55.267893231397515,55.96813806331136,477176600
2009-02-23,54.45094299316406,57.09142716908435,54.40717421883508,57.09142716908435,379641400
2009-02-24,56.515220642089844,56.858041890958525,54.487437100963305,54.91779594125942,426260900
2009-02-25,56.07027816772461,57.200871004791644,55.16579722005992,56.26721827882351,461985800
2009-02-26,55.15848159790039,58.11261529086833,55.092831214497565,56.76319578432693,363353900
2009-02-27,53.92575454711914,55.20952896628582,53.83822257592409,53.98410919458251,470510900
2009-03-02,51.496788024902344,53.91844984108175,51.329025397654505,52.89726594064366,426452600
2009-03-03,51.11022186279297,52.2991689388708,50.79657249652608,52.23352411488818,443761000
2009-03-04,52.32107162475586,53.15260636512345,51.11023701667151,51.95636321003293,462753100
2009-03-05,50.18387222290039,52.321063420659264,49.72433613080049,51.13211061348819,485549400
2009-03-06,50.27141189575195,51.387418873080755,48.94387334758819,50.62153445972244,490470000
2009-03-09,49.68057632446289,51.05917356553158,49.403399957081554,49.56386697082341,379905300
2009-03-10,52.64200210571289,52.787888785278234,50.59963867686831,50.70175657006015,406227900
2009-03-11,52.98482894897461,53.794481935853845,52.394003199362984,53.24741940769262,356648300
2009-03-12,55.07096862792969,55.253322828684425,52.49612820367422,52.970250238638236,409702700
2009-03-13,55.501304626464844,56.15049049926002,54.509303202378,55.44295552975868,337474700
2009-03-16,55.333518981933594,56.87258776502622,55.297045942237645,56.13587577020353,360644900
2009-03-17,57.025787353515625,57.15708255799828,55.0344776796965,55.48671795402714,356814300
2009-03-18,58.302276611328125,59.00981169536211,56.21614441995258,56.755911215655814,473273200
2009-03-19,57.58015060424805,59.082747082583026,57.39779644658576,59.031688141037876,428520400
2009-03-20,56.35402297973633,57.97022829851282,56.22178805006222,57.86003158964483,371078200
2009-03-23,60.40187454223633,60.45329892464928,57.52944025432553,57.84533449053008,419933300
2009-03-24,59.2117805480957,60.50474409930618,59.14566586434639,59.681948093110556,330271000
2009-03-25,59.836204528808594,60.75450113363892,58.08042186876004,59.674589034422105,441775100
2009-03-26,61.05569839477539,61.19528125690481,59.74069712871599,60.42390995175608,422025200
2009-03-27,59.95376968383789,60.629634870922615,59.73337618138697,60.27701199280867,322332300
2009-03-30,57.882083892822266,58.675493663898806,57.27233347959647,58.62406926789415,324108500
2009-03-31,58.41836929321289,59.56440756054692,58.073094389521074,58.44775546466649,364238300
2009-04-01,59.54972457885742,59.81419457442039,57.54416698481857,57.691092269091186,377018300
2009-04-02,61.29081344604492,62.1576860135417,59.60114477224681,61.03369141433823,476230700
2009-04-03,61.90057373046875,61.91526401823415,60.73249688127113,61.33489956678689,284646300
2009-04-06,61.41571044921875,61.91526430819381,60.45333685811537,61.22470307832925,264866600
2009-04-07,59.983158111572266,60.7177956742251,59.88030930118805,60.42393952819601,258947800
2009-04-08,60.6296272277832,60.93083126950619,59.902337729122685,60.28434673306227,230402800
2009-04-09,63.03921127319336,63.046559213957316,61.95195144326443,62.201725380873086,269653500
2009-04-13,63.05392837524414,63.57552024829278,62.135631639981376,62.38540566165038,224847500
2009-04-14,61.966670989990234,63.00251253836228,61.768321334365396,62.46622470600896,276598800
2009-04-15,62.62783432006836,62.75272132487097,61.423029509981376,61.59199296239944,250726100
2009-04-16,63.54612731933594,64.0236426918361,62.27520230682055,63.12738427680088,335202900
2009-04-17,63.97224044799805,64.39098363547897,63.28167934396853,63.78858105691273,262649000
2009-04-20,61.29081344604492,63.95020350002248,61.22469314941181,62.84089918627085,293690100
2009-04-21,62.488250732421875,62.53967512234565,60.79124026009904,60.84266465002281,114090900
2009-04-22,62.106258392333984,63.42860260330713,61.76097785126955,61.922599007073295,340395200
2009-04-23,62.71602249145508,62.75275101356504,61.437748857465984,62.231158918940416,324903700
2009-04-24,63.663692474365234,64.14120239575114,62.95109315743717,63.2008672329412,287703000
2009-04-27,63.0612907409668,63.92082101782397,62.8409028174149,62.9437516360405,289581600
2009-04-28,62.86293029785156,63.61225807751503,62.26787571974119,62.42214892129427,247926300
2009-04-29,64.19998168945312,64.91258108346645,63.39922936741526,63.560844937073696,311505700
2009-04-30,64.22197723388672,65.39739553326343,63.8546586650292,65.05212078660009,301419800
2009-05-01,64.56730651855469,64.80239035659136,63.70778176118693,64.23672179797964,236110300
2009-05-04,66.76388549804688,66.8079675801465,64.92729088108523,65.05218357471851,287120000
2009-05-05,66.53612518310547,66.80059515944482,65.99983728529513,66.53612518310547,243036300
2009-05-06,67.68949890136719,67.73357535788355,66.56550442148504,67.35156632344989,291941000
2009-05-07,66.7491455078125,68.43146559692488,66.32305452876999,68.32861682334052,317728000
2009-05-08,68.30662536621094,68.48293686951628,67.17528247738856,67.60871609068953,299081700
2009-05-11,67.0283203125,67.66745692074198,66.88139506236666,67.3662528716779,247923600
2009-05-12,66.83001708984375,67.46180619301892,66.0072205449349,67.31487523597649,282431300
2009-05-13,65.14766693115234,66.12473634938866,65.01543193015164,65.92638104546737,269619100
2009-05-14,65.70598602294922,66.20553979450409,65.01542491393047,65.17704607602761,260098700
2009-05-15,65.16970825195312,66.117391536558,64.75831294260801,65.65457181354476,271502700
2009-05-18,67.02098846435547,67.10179344119011,65.06684982362914,65.78679711359145,241447400
2009-05-19,66.94017028808594,67.56461103531159,66.7124288542776,66.9842467440569,206102200
2009-05-20,66.49205017089844,68.17437093294487,66.41858753250114,67.54992449446769,285722200
2009-05-21,65.53702545166016,65.97046458872298,64.83912191153128,65.72068486799309,258988400
2009-05-22,65.3974609375,66.11740851861099,65.14768675119838,65.72070339491826,166811900
2009-05-26,67.07243347167969,67.26343526444929,64.88321035862019,64.9125965432405,236318500
2009-05-27,65.87494659423828,67.40299401628116,65.77209778745075,67.17525817337155,246015800
2009-05-28,66.79324340820312,67.10178982807037,65.45620331727216,66.45531081432382,289095000
2009-05-29,67.97601318359375,68.83553779189626,66.6169348054946,67.16056503576628,258641500
2009-06-01,69.62159729003906,69.91545342738841,68.63718567548433,68.81349711595809,276246800
2009-06-02,69.68036651611328,70.06238115900133,69.22489484822904,69.34978187943346,230874500
2009-06-03,68.7988052368164,69.15142810959168,68.14497828890772,69.08531342276113,235310500
2009-06-04,69.4452896118164,69.54813842473465,68.54168852620046,69.05593259079166,210102300
2009-06-05,69.45999908447266,70.28278974870851,68.90902079116856,70.15055473412188,284257900
2009-06-08,69.17346954345703,69.86402498070014,68.3506735274618,68.93838016331041,238565100
2009-06-09,69.52609252929688,69.89341127917898,69.07061526170092,69.56282664622081,225125500
2009-06-10,69.34978485107422,70.15053707882127,68.46087410084323,70.14319473891067,296100400
2009-06-11,69.65831756591797,70.60600047799704,69.46731027387357,69.48200616048234,275414200
2009-06-12,69.8493881225586,69.8934646126292,69.05597767222586,69.34983401733172,184361800
2009-06-15,68.24785614013672,69.0706469300182,67.88053722184195,69.02657045337223,224190500
2009-06-16,67.32217407226562,68.53432696057382,67.27809761972894,68.49025050803714,227319000
2009-06-17,67.25607299804688,67.82908941628905,66.72713304125719,67.29280151431063,223445200
2009-06-18,67.74825286865234,68.07883741252665,67.03565378913353,67.35889599547308,211725100
2009-06-19,67.99800872802734,68.48560559402691,67.61383603457135,68.39695469284618,215655600
2009-06-22,65.95892333984375,67.37000966209298,65.93676062466695,67.33306804579877,251913600
2009-06-23,66.01067352294922,66.40223006447351,65.64127970845426,66.09933006756884,188309800
2009-06-24,66.57950592041016,67.2887409712342,66.19533341173516,66.60905808542356,211577700
2009-06-25,68.02753448486328,68.09402263492434,66.17317682322049,66.24705442434379,279411000
2009-06-26,67.8501968383789,68.1457127720543,67.4290884647532,67.79848197272304,167579000
2009-06-29,68.48560333251953,68.57425986727452,67.67293815835457,68.04972138543621,168481300
2009-06-30,67.9314956665039,68.75155008906532,67.42912003499332,68.50036509156014,228888200
2009-07-01,68.21223449707031,68.87714421128548,68.12357798967498,68.21961831197831,173041100
2009-07-02,66.35049438476562,68.23440450352949,66.31355839678038,67.32569352428443,212309900
2009-07-06,66.34307861328125,66.43911889958333,65.50086183648507,65.70772130636514,174499600
2009-07-07,65.05758666992188,66.35785347314173,65.01326125002166,66.27658644565936,197088900
2009-07-08,65.01329040527344,65.60432257264884,64.27450301430443,65.44917226042493,248050500
2009-07-09,65.13890075683594,65.67821818007485,64.94682004083482,65.46396910161019,163777600
2009-07-10,64.9837417602539,65.37529819687917,64.5330809763831,64.79165544995632,173520300
2009-07-13,66.56470489501953,66.6164197574793,64.71034802139496,65.24227554183685,217413500
2009-07-14,66.9415283203125,67.00063266644592,66.29139742234685,66.77160473430406,181487400
2009-07-15,68.89930725097656,69.08400408153831,66.99323460681927,67.82806225181841,220877900
2009-07-16,68.78849029541016,69.82279370798874,68.57424128850815,68.70722323636112,231174500
2009-07-17,69.54203796386719,69.68240933727675,69.1061562160151,69.49032308468983,138561700
2009-07-20,70.28084564208984,70.39905433549411,69.58638929609234,69.94839355576663,164179400
2009-07-21,70.60592651367188,70.84972775995446,69.75631969682458,70.82756503511091,217718300
2009-07-22,70.59114074707031,71.01963317003444,70.10353834081704,70.15525323513171,196068100
2009-07-23,72.14996337890625,72.46025266185012,70.57634297619231,70.6354473071814,258795500
2009-07-24,72.44551849365234,72.5046228611365,71.4333829738741,71.81016063445448,154003100
2009-07-27,72.65974426269531,72.69668588963427,71.91356736323566,72.31251326087248,159259400
2009-07-28,72.31987762451172,72.67449795599843,71.70668290365913,72.14995972714226,186685200
2009-07-29,72.14258575439453,72.46764835512201,71.64759958334348,71.98744108749048,194399300
2009-07-30,72.8961410522461,73.75313702005245,72.84442616705087,73.0143497249779,225575400
2009-07-31,72.99957275390625,73.4871750870753,72.68189398315972,72.88136971454702,207358000
2009-08-03,74.20381927490234,74.27030744525194,73.36898578161473,73.76793171321651,175776900
2009-08-04,74.39588165283203,74.4993114278012,73.71619866403455,73.87134332648833,176714600
2009-08-05,74.18163299560547,74.5140850147885,73.56843820453493,74.44759122905214,184726400
2009-08-06,73.7974853515625,74.63231322488272,73.45025431330053,74.52149960543869,193203800
2009-08-07,74.76527404785156,75.37846887226209,74.16685812618583,74.57319340416868,220640900
2009-08-10,74.61015319824219,74.78007681503516,74.07822525967498,74.42545631048978,130898700
2009-08-11,73.67925262451172,74.32938335509442,73.47977691679367,74.27766847466738,157301000
2009-08-12,74.46976470947266,75.03123901890797,73.51672838262851,73.55366436702558,219052400
2009-08-13,75.03860473632812,75.06815689639868,74.07079544913482,74.80958254140408,176449500
2009-08-14,74.4623794555664,75.06079541963253,73.65709829391542,75.00169107746542,199616100
2009-08-17,72.63018035888672,73.10300379754095,72.48242514799477,73.02912619209498,237667500
2009-08-18,73.2064208984375,73.46500092748116,72.65971994898614,72.7927018703661,173461500
2009-08-19,73.84918212890625,74.10037275650294,72.55630427867365,72.63018188567263,192812800
2009-08-20,74.61015319824219,74.78007681503516,73.7827147484725,73.94524327503318,174131300
2009-08-21,76.07294464111328,76.19114770215265,75.075582710746,75.22333794617045,224605000
2009-08-24,76.06550598144531,76.79690350570516,75.79215277259188,76.38318460495167,191279000
2009-08-25,76.21334838867188,77.02601380122644,76.05081417886029,76.36849314262747,215310600
2009-08-26,76.2206802368164,76.56791115074414,75.71830467471872,75.97687908833528,194620700
2009-08-27,76.39060974121094,76.62702145730269,75.31198093426104,76.17636074279967,196230100
2009-08-28,76.37580108642578,77.09242540693535,75.85126297182029,77.0037745707471,147024400
2009-08-31,75.69615173339844,75.78480824515782,75.20116555820073,75.62966357695406,176051600
2009-09-01,74.0264892578125,76.27240344913996,73.87134459269943,75.31936710358816,321276800
2009-09-02,73.7457504272461,74.20380059708611,73.56105359631866,73.71619825791771,171805000
2009-09-03,74.35893249511719,74.44758335138563,73.57581423358563,74.1742356958926,143572300
2009-09-04,75.4006576538086,75.4228203790869,74.28509248045356,74.50672536973848,142687900
2009-09-08,76.05078887939453,76.13205595726558,75.64445349003931,76.09511432677822,132909100
2009-09-09,76.63440704345703,76.89298146418746,75.94733464751639,76.18374635168415,154612500
2009-09-10,77.41753387451172,77.46924876808852,76.25763785871717,76.6861359120682,162902400
2009-09-11,77.40274810791016,77.79431013770844,77.04074388496474,77.56528222659998,152360100
2009-09-14,77.77953338623047,77.91251533824683,76.20591831778708,76.74522994126988,149593800
2009-09-15,78.1045913696289,78.39271795505437,77.39535626423552,77.9051156495654,196795900
2009-09-16,79.28665161132812,79.30142487704477,78.11198252761491,78.38533021712065,206406300
2009-09-17,79.16844940185547,79.83335345953418,78.7325619659219,79.17583321654097,229170900
2009-09-18,79.21893310546875,79.54554970566836,78.95170237136868,79.53812505656894,153799100
2009-09-21,79.01849365234375,79.42676433247561,78.43207673120442,78.60280398773452,151892000
2009-09-22,79.47872924804688,79.70142338638821,79.12984440754079,79.4861538962175,143126700
2009-09-23,78.8180923461914,80.1913580285657,78.67705232048301,79.66432117374522,225947400
2009-09-24,77.9495849609375,79.15954217269496,77.6081247477424,78.98881489777118,228636800
2009-09-25,77.53388214111328,78.20938351734532,77.26665144978489,77.77884455205547,204059000
2009-09-28,78.92198181152344,79.09271470095727,77.81594734349143,77.83079097314632,118285800
2009-09-29,78.6844711303711,79.441621096545,78.52116283132335,79.06304894513198,133733900
2009-09-30,78.38011169433594,79.02592014983836,77.66007941224109,78.95169065989886,254383000
2009-10-01,76.4352798461914,78.4840467992644,76.4204305488665,76.45754812883119,281840600
2009-10-02,76.07898712158203,76.53179451299968,75.70783389342651,75.73010218098003,224748800
2009-10-05,77.2147216796875,77.43741590091521,76.16064778102154,76.38334200224924,149875000
2009-10-06,78.32073211669922,78.76611472318795,77.72688486581616,77.77142142746091,202491100
2009-10-07,78.53601837158203,78.6176725275959,77.99413221470351,78.14259122744781,159200300
2009-10-08,79.13726806640625,79.55295774520984,78.57311374278201,79.09273150463362,183305800
2009-10-09,79.61976623535156,79.61976623535156,78.95168950894123,79.15953434308067,135008300
2009-10-12,79.9315414428711,80.2358840764844,79.63461779453911,79.990927305207,118031000
2009-10-13,79.76824188232422,79.95381847492129,79.24862968839167,79.71628066293096,157692700
2009-10-14,81.14151000976562,81.22316416606672,79.73855138000805,80.70355195628552,191421600
2009-10-15,81.43844604492188,81.43844604492188,80.71098884095277,80.74810076822104,173873600
2009-10-16,80.82972717285156,81.11180150926788,80.33980799240774,80.76292232870583,192069400
2009-10-19,81.4978256225586,81.75020709652395,80.71098259978571,80.96336407375107,159530400
2009-10-20,81.06726837158203,81.64626636536332,80.67384694828692,81.61657343448383,180921100
2009-10-21,80.33980560302734,81.88379825417509,80.2804197455436,80.94107183584576,225379300
2009-10-22,81.15635681152344,81.41616290841854,79.79793479488144,80.31012800258046,238444000
2009-10-23,80.22846221923828,81.47553696691261,79.89442100306727,81.42357575506566,240033200
2009-10-26,79.35997009277344,81.14150070098295,79.1372759350734,80.31754024617959,242028200
2009-10-27,78.9962387084961,79.71627675864293,78.80324313925823,79.44904602532353,253266300
2009-10-28,77.50422668457031,79.04080095865847,77.45968444217038,78.79583844718154,248821400
2009-10-29,79.16695404052734,79.32283765638427,77.89761117139535,78.08318771360786,198110600
2009-10-30,76.87322998046875,79.14469085438928,76.78415685901692,78.90715309160608,325608100
2009-11-02,77.43738555908203,78.24650229338525,76.5169274211405,77.29634556334406,254222900
2009-11-03,77.6823501586914,77.79369722880857,76.85838976851055,77.00684875310193,228362600
2009-11-04,77.88276672363281,78.92942120525704,77.68234653744253,78.32073033545156,247996700
2009-11-05,79.31543731689453,79.33770560264918,78.2687882429879,78.43209655631975,180015300
2009-11-06,79.52327728271484,79.72370316880571,78.72159072839538,78.87747438238384,170954100
2009-11-09,81.33450317382812,81.3790397407119,80.07258469644006,80.13196489783586,159495700
2009-11-10,81.3493423461914,81.60172942583382,80.88911607804238,81.14149749433733,171899800
2009-11-11,81.7650146484375,82.26235835555828,81.37159333792866,81.88378067456004,169466200
2009-11-12,80.93367767333984,82.07683037543458,80.7258327572043,81.65371589234458,157144500
2009-11-13,81.37161254882812,81.72049172647974,80.7258040774039,81.14149376199114,150963000
2009-11-16,82.5519027709961,82.9082123724487,81.89125045838617,81.93578703481188,210922200
2009-11-17,82.64836883544922,82.68548641044927,82.0248343515453,82.33660159349725,147134100
2009-11-18,82.59639739990234,82.71516909451665,82.07678539433,82.58897841649853,156486800
2009-11-19,81.52005767822266,82.62609220865842,81.00786464436852,82.03225071207679,208734600
2009-11-20,81.23059844970703,81.47556094766294,80.91883108686261,81.096983056581,134196000
2009-11-23,82.26235961914062,82.94527985403633,82.09905137528601,82.18813014375561,148010200
2009-11-24,82.3885498046875,82.54443340107471,81.66109302154715,82.39597445118572,138420100
2009-11-25,82.67807006835938,82.76714885930001,82.26238037066454,82.52218643172382,109564800
2009-11-27,81.33450317382812,81.89123291326658,80.38435199132213,80.4660061395076,126001800
2009-11-30,81.60918426513672,81.80217989134299,80.25818656494509,81.26772393029152,160874800
2009-12-01,82.61869812011719,82.88592885627325,82.19558373176142,82.33661808564804,159613700
2009-12-02,82.58158111572266,83.14573552526188,82.33661866197362,82.6038494000002,132315100
2009-12-03,81.93578338623047,83.27193725299291,81.86897852456671,82.80428623130042,167324900
2009-12-04,82.40347290039062,83.42042951096963,81.6834344555173,83.01958319124579,274907800
2009-12-07,82.2772445678711,82.7894378329353,82.01743844187794,82.32921145641852,127973800
2009-12-08,81.36418914794922,82.22526145970112,81.11180207604704,81.68338106446394,169863700
2009-12-09,81.66854858398438,81.78732032777009,80.92624217536905,81.34193761527058,155063400
2009-12-10,82.12875366210938,82.4850631132668,81.98771367845484,82.17329021974908,138014600
2009-12-11,82.4776611328125,82.66323772510785,82.1065079482218,82.4776611328125,124854000
2009-12-14,83.04179382324219,83.13829158717249,82.49248317621733,83.04179382324219,107141500
2009-12-15,82.65581512451172,83.07892953889915,82.3960090215279,82.73746928021353,120408800
2009-12-16,82.781982421875,83.23478964321198,82.59640587750236,82.98983290878357,155358200
2009-12-17,81.78731536865234,82.34404514135691,81.71308586496136,82.18816148460141,183390100
2009-12-18,82.25001525878906,82.31718545880769,81.55595355906291,82.24255063793424,174591200
2009-12-21,83.08585357666016,83.3619818406062,82.66046140560124,82.66046140560124,118039600
2009-12-22,83.38438415527344,83.56349516814142,83.16049111881112,83.26497301747048,91707500
2009-12-23,83.54855346679688,83.66796458678833,83.21271965603323,83.5858708652531,111783100
2009-12-24,83.94414520263672,84.0336978985842,83.58591733733053,83.72771669769905,39677500
2009-12-28,84.12324523925781,84.3247444725126,83.82472300635166,84.25757995937369,87508500
2009-12-29,84.00381469726562,84.35457781300647,83.99635577119555,84.33965426702964,80572500
2009-12-30,83.97398376464844,84.07100676717529,83.7127789383034,83.75756097556125,73138400
2009-12-31,83.16796875,84.18294080477153,83.13065134013917,84.16054694255264,90637900
2010-01-04,84.57849884033203,84.62327518691242,83.22022795362042,83.8620488258528,118944600
2010-01-05,84.8023910522461,84.83970847239453,84.22027573849941,84.52626264096769,111579900
2010-01-06,84.862060546875,85.0710243456003,84.6530967481497,84.72026124323862,116074400
2010-01-07,85.22029876708984,85.32478067932355,84.46653151982908,84.70534813262572,131091100
2010-01-08,85.50389862060547,85.54121603248998,84.82476613624083,84.99641256569927,126402800
2010-01-11,85.62333679199219,85.92185340587977,85.25764426045286,85.88454167606353,106375700
2010-01-12,84.82476043701172,85.23522347097492,84.49638545477134,85.0561124324062,163333500
2010-01-13,85.54122924804688,85.78004591702553,84.60835074518671,85.04120204319656,161822000
2010-01-14,85.7725601196289,85.92928298615783,85.39194419015172,85.44418514566136,115718800
2010-01-15,84.80986022949219,85.70542142275903,84.48148513483605,85.6233333429342,212283100
2010-01-19,85.86958312988281,85.92182408887219,84.7725172972687,84.79491116012485,139172700
2010-01-20,84.99640655517578,85.41433420830795,84.317274118836,85.28746412701243,216490200
2010-01-21,83.36198425292969,85.279981387605,83.25750236184511,85.01877665989359,344859600
2010-01-22,81.50370025634766,83.39184478418747,81.41414190116632,82.9888407266263,345942400
2010-01-25,81.92164611816406,82.39928509175049,81.65298238041358,82.25002113318041,186937500
2010-01-26,81.57833099365234,82.44404469610377,81.37683180778474,81.60071915943357,211168800
2010-01-27,81.96641540527344,82.1529910540915,80.84696151236504,81.473852959352,271863600
2010-01-28,81.02606964111328,82.2798581840523,80.53351290665691,82.2350818519663,316104000
2010-01-29,80.14543151855469,81.94402342244543,80.01856144978737,81.37683188217724,310677600
2010-02-01,81.39177703857422,81.39924166043562,80.2275465570765,80.71264448897995,187865000
2010-02-02,82.37687683105469,82.53359968978535,81.25742295968982,81.54102158449116,216327900
2010-02-03,81.96641540527344,82.45151323096779,81.72759880253979,82.00372711873489,172730700
2010-02-04,79.43646240234375,81.36938369131416,79.42153315957053,81.33207197205677,356715700
2010-02-05,79.60063934326172,79.76482113510808,78.04832854350197,79.52600452697867,493585800
2010-02-08,79.02600860595703,80.10068653572472,78.96630301122796,79.66036489189645,224166900
2010-02-09,80.01856994628906,80.71263162902116,79.30957902221286,79.9513997479151,337820500
2010-02-10,79.8618392944336,80.30215507595223,79.19016584532008,79.89169208037605,240511500
2010-02-11,80.69769287109375,80.7872512270851,79.29464612358237,79.75735575544938,223591600
2010-02-12,80.63055419921875,80.67533054463729,79.48871184033827,79.84693399136353,304622100
2010-02-16,81.89924621582031,81.98133995781451,80.46634658183653,81.24250197370367,159317500
2010-02-17,82.28732299804688,82.39926952236262,81.89924247293054,82.29478192418765,168845100
2010-02-18,82.77242279052734,82.94406919726515,82.12313748901032,82.15299027579883,193708600
2010-02-19,82.94407653808594,83.2649869071679,82.36196137878318,82.55600166316323,222684900
2010-02-22,82.95897674560547,83.27242238417023,82.71269558937513,83.25003422339208,132346900
2010-02-23,81.95148468017578,82.98884481330433,81.73505624820724,82.73510466855028,207497000
2010-02-24,82.70526123046875,82.8395959381219,81.98881135426441,82.19777518976099,176350700
2010-02-25,82.59333038330078,82.6530359744537,81.30222971419074,81.52611714025633,259634700
2010-02-26,82.64555358886719,82.92915223896962,82.17538497072937,82.66794175727794,173589300
2010-03-01,83.5037841796875,83.58587790813988,82.9664454821214,82.98883364554732,147709700
2010-03-02,83.73515319824219,84.13815730357858,83.58589494908229,83.86202897324905,160992400
2010-03-03,83.80978393554688,84.30980530910497,83.60081442552665,83.95157755719298,150785000
2010-03-04,84.06352233886719,84.18293348496906,83.60827730856826,83.92172302633043,135770400
2010-03-05,85.26507568359375,85.33224018741423,84.40682651825183,84.60833141738773,176118800
2010-03-08,85.280029296875,85.46660502060425,85.13077099542728,85.27257036749006,114631200
2010-03-09,85.42178344726562,85.81732286116166,84.9814677054074,85.0262440333696,154556700
2010-03-10,85.80241394042969,86.03376593278048,85.38448629132186,85.45911541525723,186088800
2010-03-11,86.1606216430664,86.18301550096565,85.33969002901718,85.60089476614608,160791100
2010-03-12,86.16809844970703,86.5487143741201,85.92928184286369,86.53378513340905,162074800
2010-03-15,86.19048309326172,86.2501886659909,85.52627425470072,86.01883668896131,146816800
2010-03-16,86.8770751953125,86.9591632305066,86.19047258034746,86.42928914829822,168673000
2010-03-17,87.39202117919922,87.6756197718524,86.8845352539546,87.138281063495,177468100
2010-03-18,87.3472671508789,87.51891358030277,86.99650397705062,87.39950811120411,196509100
2010-03-19,86.9051284790039,87.89430448886382,86.56790587639969,86.9051284790039,226641100
2010-03-22,87.36973571777344,87.52710969209247,86.35807936981776,86.41053545549592,184477800
2010-03-23,87.9842300415039,88.0591664904984,87.21236803673527,87.49713454711278,182941600
2010-03-24,87.5571060180664,87.99924091650712,86.6128961920221,87.65452857595798,196072600
2010-03-25,87.41471099853516,88.55375999582914,87.30979881657197,88.14909627227749,223396300
2010-03-26,87.36225128173828,87.99172434739226,87.01753902426803,87.57957099743832,205808500
2010-03-29,87.9167709350586,88.07413917111535,87.4446662268883,87.80436341865125,134513500
2010-03-30,87.97675323486328,88.29898517905136,87.60956055525365,88.02171397028485,145772500
2010-03-31,87.67698669433594,88.0666596751499,87.38473052940427,87.63951560968938,161078700
2010-04-01,88.27647399902344,88.61369083155347,87.75190749396322,88.27647399902344,161215200
2010-04-05,88.99588012695312,89.05582585155518,88.36640142171598,88.61369683153357,105847600
2010-04-06,89.20572662353516,89.36309490962878,88.64369458007837,88.74111140938807,110384200
2010-04-07,88.69612884521484,89.44550471871798,88.28396982787443,89.02585605908716,184576300
2010-04-08,89.00337219238281,89.15325080117893,88.12660377074184,88.3888841895296,158704000
2010-04-09,89.58789825439453,89.6253636220025,89.02586628471147,89.19072419329923,133006500
2010-04-12,89.73027038574219,89.96258080695014,89.59538249246434,89.70029466309327,110279000
2010-04-13,89.7977294921875,89.9550977696884,89.17574602590875,89.6403612146866,125043600
2010-04-14,90.81689453125,90.81689453125,89.98508657408242,90.12746415025497,161609000
2010-04-15,90.89180755615234,91.10163190252639,90.63701676606624,90.66699248944606,144615300
2010-04-16,89.44549560546875,90.89179112266383,88.98837591182323,90.56955930119705,366786700
2010-04-19,89.78275299072266,89.87268018523173,88.77859171315924,89.18325551252077,217947800
2010-04-20,90.58456420898438,90.65950637899627,89.82769860397119,90.34476412988701,157708000
2010-04-21,90.4197006225586,90.84684466529609,89.91761441451473,90.6370146066366,192910100
2010-04-22,90.68946838378906,90.80187591160315,89.26565875575861,89.7827242360484,115360300
2010-04-23,91.28148651123047,91.31895759723353,90.39722262403731,90.62953306614328,177335500
2010-04-26,90.9367446899414,91.51376721005192,90.84682326041583,91.31143255905306,143457300
2010-04-27,88.78609466552734,90.92930533699409,88.61373562397183,90.4122396469009,355853300
2010-04-28,89.46048736572266,89.68530240876949,88.62867971064703,89.21319767911199,300674100
2010-04-29,90.56958770751953,90.75693171556631,89.97757995601744,90.0000603222174,193775000
2010-04-30,89.03335571289062,90.68198625035123,89.01087534892315,90.58456371677909,270000900
2010-05-03,90.1873779296875,90.4346733200669,89.32559460148529,89.46048247648463,182747900
2010-05-04,88.06668853759766,89.19824820081317,87.6170639609059,89.18326319241434,360353400
2010-05-05,87.54212188720703,88.27651303210234,86.90515330117864,87.34728248675948,328973200
2010-05-06,84.63449096679688,87.67695439224516,78.68444624945079,87.12241799094534,647356600
2010-05-07,83.37554168701172,85.25647057089428,81.98919779038722,84.40967809112064,637558800
2010-05-10,87.0474853515625,87.41467784918711,86.1107657126241,86.78519927883339,396159600
2010-05-11,86.80024719238281,87.94679187120201,86.11082245597068,86.2307196757748,317849800
2010-05-12,88.01422882080078,88.1416271147534,86.99507677289856,87.14495543717032,235607100
2010-05-13,86.92012023925781,88.18656750296239,86.84518378305961,87.77440841794458,234452500
2010-05-14,85.34642791748047,86.42553113308418,84.58206695128442,86.26816286702278,345601400
2010-05-17,85.3913803100586,85.81852433832444,83.75774064247824,85.57872428240825,325739800
2010-05-18,84.22984313964844,86.34308271904659,83.95257202859185,86.08829196777874,360556800
2010-05-19,83.7502670288086,84.50713270551135,82.70113943940345,83.7577566726913,394742700
2010-05-20,80.58785247802734,82.34888398950017,80.53539641486967,81.96670083376165,530418300
2010-05-21,81.76438903808594,81.96671797621413,78.9542299584632,79.36638891038784,500909400
2010-05-24,80.71530151367188,81.97425362886943,80.64036504483707,81.32229434370578,269823000
2010-05-25,80.7977066040039,80.83517768466305,78.21985176478579,78.76689866907445,396505200
2010-05-26,80.31063842773438,82.03420581252819,80.07083829498174,81.29232504515068,349719300
2010-05-27,83.00090026855469,83.03087599929052,81.5171330422042,81.82437999428195,300870500
2010-05-28,81.95926666259766,82.97092326089694,81.56958788631502,82.91097180034792,297933500
2010-06-01,80.5804214477539,82.39391047007454,80.46052422937309,81.19490969983308,277909400
2010-06-02,82.67864227294922,82.68613191531004,80.56540251849675,80.99254654171745,240243700
2010-06-03,82.96339416503906,83.22567455168702,82.1166015689232,82.91843344655189,226618300
2010-06-04,80.04834747314453,81.92928291344903,79.77857164436438,81.38973125588875,398475600
2010-06-07,79.05168914794922,80.64036865794436,78.99174340056715,80.33312168948345,264609100
2010-06-08,79.89848327636719,80.05585157412152,78.42221141806603,79.11163607030954,357774300
2010-06-09,79.47132873535156,81.14243404833485,79.13410609798562,80.3630823060949,268023300
2010-06-10,81.79439544677734,81.89181227320353,79.4638355181776,80.82769967457132,317890600
2010-06-11,82.19154357910156,82.24399965998832,81.02251908089139,81.07497516177814,214128200
2010-06-14,82.06417083740234,83.27066670589709,81.98173901652738,82.82103651302084,207196100
2010-06-15,83.93013000488281,84.00506647750133,82.4988187935378,82.64120209361343,238268700
2010-06-16,83.90011596679688,84.24482815728874,83.33058874380502,83.49545233866718,216374000
2010-06-17,84.03501892089844,84.17740218151458,83.21820187633901,84.13993109694671,263185800
2010-06-18,84.1261215209961,84.42729340081608,83.8550622335698,84.2014144909511,174006600
2010-06-21,83.88521575927734,85.23297599695138,83.418389958552,85.17274504241246,213140700
2010-06-22,82.49974822998047,84.25410220436024,82.3792806526004,83.88516270899831,239355400
2010-06-23,82.2437744140625,82.84612396113822,81.67906848240575,82.55247733623557,254639900
2010-06-24,80.88095092773438,81.94260089000336,80.67012828842918,81.83718957035076,268523600
2010-06-25,81.21977996826172,81.6338942359033,80.39153994400608,81.1218939229481,238726500
2010-06-28,80.9637680053711,81.55859225511433,80.67012139080597,81.34023861322234,169218600
2010-06-29,78.4640121459961,80.94872073259785,77.96707387536749,79.8268340601063,373649500
2010-06-30,77.71861267089844,78.96849241490213,77.46260960630339,78.24566935611318,284101700
2010-07-01,77.37224578857422,77.92188969361115,76.1449478535046,77.66589242156347,382924800
2010-07-02,76.95062255859375,77.8692121501658,76.51392083422162,77.63580211261448,233385200
2010-07-06,77.45506286621094,78.58447465971044,76.70964694647175,78.03482505930042,256935300
2010-07-07,79.89458465576172,79.99246493573983,77.56799355095666,77.65081753574006,253769400
2010-07-08,80.6852035522461,80.77555284418973,79.74402679791972,80.56473017033855,210842100
2010-07-09,81.28754425048828,81.29507527214749,80.51201560969483,80.66260157596071,144999900
2010-07-12,81.34024047851562,81.49835744810082,80.67765426151783,81.01647551855956,131283600
2010-07-13,82.56757354736328,82.8913329007898,82.01792368551247,82.18357174646718,213025900
2010-07-14,82.56002044677734,82.88378545811713,81.96519608899094,82.3040173998059,184426800
2010-07-15,82.58258819580078,82.86870377391197,81.44564541458148,82.5298825433991,232337900
2010-07-16,80.30870056152344,82.22869692170148,80.15057787522298,82.13834192159905,282693400
2010-07-19,80.7831039428711,81.03910132631448,79.977456670728,80.6023995695882,186709000
2010-07-20,81.67908477783203,81.73931572341596,79.67625791662795,79.71390728404397,258162400
2010-07-21,80.61742401123047,82.12330659722113,80.28612800407694,82.10071927754906,264527000
2010-07-22,82.41696166992188,82.77837605509194,81.56613998984682,81.57366526751626,274781300
2010-07-23,83.13223266601562,83.25270025931447,82.01787726945557,82.25128718080545,222020800
2010-07-26,83.9981460571289,84.080970075925,83.04191294623872,83.27532295676185,184445700
2010-07-27,83.9906234741211,84.54779855477692,83.65932738830477,84.4574435101486,204855600
2010-07-28,83.44850158691406,84.07344436388424,83.16991118471972,83.81744128588372,163056200
2010-07-29,83.04191589355469,84.19391543016658,82.37932946415694,83.96803069007157,220149100
2010-07-30,83.02682495117188,83.47106325355294,82.0555358424706,82.1985907665547,220070600
2010-08-02,84.90164184570312,85.03717147635787,83.98305276509707,84.3218739694915,188263200
2010-08-03,84.49507904052734,84.9091933354748,84.2164886735911,84.69084539957677,146657300
2010-08-04,85.0597915649414,85.16520290223484,84.44991086424554,84.72849550802658,158171700
2010-08-05,84.96942901611328,85.01460940273542,84.38966671225573,84.51766536129763,140473800
2010-08-06,84.62306213378906,84.7585917813708,83.51623763595244,84.13364919838358,239728300
2010-08-09,85.0748291015625,85.21788977540201,84.57035984942475,85.02212344454044,120800400
2010-08-10,84.61554718017578,85.0673165875547,83.85508054969368,84.35201885552918,242916300
2010-08-11,82.2964859008789,83.34307384212775,82.16095623790133,83.3129555009676,273406900
2010-08-12,81.7919921875,82.08563876614106,81.01646374932052,81.05411310329394,239542600
2010-08-13,81.55107116699219,82.04048416570384,81.45319086504438,81.53601486841802,158698500
2010-08-16,81.513427734375,81.77695604367165,80.70024974184282,80.99389639284284,147895300
2010-08-17,82.51483154296875,83.11718686056659,81.98024392723154,82.21365962865588,172270300
2010-08-18,82.6654052734375,83.10963777161462,82.00281916371263,82.47716999567062,182922100
2010-08-19,81.22734069824219,82.4395771779503,80.8885192636979,82.23628546612147,265847600
2010-08-20,80.9637680053711,81.2724766611622,80.37647477624085,80.98635532272448,209714200
2010-08-23,80.6550521850586,81.74681447529416,80.61740283250508,81.34775661395958,163490300
2010-08-24,79.45790100097656,80.10543103175962,79.03625567655475,79.77413499429294,280677800
2010-08-25,79.76658630371094,80.06775816447737,78.52423227235182,79.02117043820445,272234800
2010-08-26,79.23204803466797,80.2485180578179,78.96851387595362,80.14310669212762,224439500
2010-08-27,80.4593276977539,80.54215172081845,78.53932460960327,79.72897353681435,272649000
2010-08-30,79.29225158691406,80.4969623403254,79.28472630945802,80.24849031659781,167238600
2010-08-31,79.29225158691406,79.79672665631186,78.67483991080972,78.99860492050387,273933100
2010-09-01,81.66400909423828,81.77695143313673,80.30871826091477,80.36142391980259,256828100
2010-09-02,82.42448425292969,82.43954055121377,81.68659925831332,81.85977828325434,156112200
2010-09-03,83.4936752319336,83.56896822650398,82.78590844509993,83.2301468786936,212197300
2010-09-07,82.55250549316406,83.20756666532841,82.48474351560625,83.10215531502442,141973700
2010-09-08,83.13223266601562,83.46352285595111,82.68046339381146,82.71811274799012,149924400
2010-09-09,83.51624298095703,84.0884799456457,83.29036405018834,84.06589262701742,147017900
2010-09-10,83.93788146972656,84.0357617506757,83.47858691118397,83.66682219765273,127819000
2010-09-13,84.87154388427734,85.04471716560838,84.42730553208557,84.76613256229683,178503500
2010-09-14,84.81883239746094,85.30071433469817,84.38965611759384,84.70589006181469,209823600
2010-09-15,85.14260864257812,85.24048894937997,84.31437431225461,84.57037161211477,168608400
2010-09-16,85.12002563476562,85.17273130178923,84.59296322004272,84.87908462201675,199962900
2010-09-17,85.15181732177734,85.65142184071158,84.91715774331828,85.5681544208892,195836900
2010-09-20,86.45378112792969,86.6430241491646,85.17449645630529,85.44700686890266,214555200
2010-09-21,86.27967071533203,86.93066131920234,85.9238929528847,86.52190152323945,268389100
2010-09-22,85.85578155517578,86.62789639749228,85.61355069342221,86.14343467398515,191322400
2010-09-23,85.15936279296875,86.04501877995828,84.91713194758941,85.1517914547647,202354300
2010-09-24,86.91554260253906,86.976101760994,86.02988656728266,86.10558262773172,209671800
2010-09-27,86.49922180175781,87.04424277941366,86.4159601623429,86.94583845993037,128761800
2010-09-28,86.80199432373047,87.0820760959588,85.67410744679215,86.61275128782354,209207500
2010-09-29,86.6506118774414,86.98368150589289,86.30997090964155,86.58248137378553,179665800
2010-09-30,86.39322662353516,87.64980312426069,85.98446098264513,87.08964536833243,287106700
2010-10-01,86.75658416748047,87.14264160593997,86.241842841281,87.04423152394152,174638700
2010-10-04,86.1055679321289,86.93823600543591,85.67409410844557,86.57489266719638,166153200
2010-10-05,87.83905029296875,88.05100157410097,86.80199635286988,86.90040642999503,229634100
2010-10-06,87.83149719238281,88.05859119803124,87.47571927864583,87.8239258521304,148626600
2010-10-07,87.72550201416016,88.20996372821105,87.19562381917925,88.18725548774603,164860000
2010-10-08,88.21752166748047,88.45975248771364,87.51353744379684,87.84660698733181,177760100
2010-10-11,88.3008041381836,88.54303499979814,87.99801411735558,88.35379195868555,103098300
2010-10-12,88.57334899902344,88.8307168628349,87.54386599329452,88.01318522147814,182210000
2010-10-13,89.26217651367188,89.73907278171214,88.85341075902619,89.06536786439997,194347200
2010-10-14,88.91392517089844,89.33026205638225,88.35376754107835,89.17886420018918,217764300
2010-10-15,89.09563446044922,89.58766759426406,88.38408444908819,89.53467976602185,243705000
2010-10-18,89.53467559814453,89.82989430964285,88.80041160151131,89.12590989562996,141204800
2010-10-19,88.36138916015625,89.20919453633421,87.82393368387646,88.70959576469234,280604700
2010-10-20,89.22431945800781,89.65579340113909,88.46734722267294,88.52033504813679,200051800
2010-10-21,89.42115020751953,90.14784304022615,88.72473696474752,89.62553599576776,221585500
2010-10-22,89.58767700195312,89.72393225677568,89.32273783292058,89.55739741474359,108212400
2010-10-25,89.85259246826172,90.65498687954451,89.7844677464418,90.1856620644636,151145700
2010-10-26,89.86771392822266,89.95854686920403,89.22428890357382,89.39838922394671,158982900
2010-10-27,89.61035919189453,89.70876926552032,88.76255409751283,89.23944446310254,190024000
2010-10-28,89.62552642822266,90.16297609789609,89.19405242438677,90.12512517070813,168576000
2010-10-29,89.69364929199219,89.86775546808059,89.37572230112524,89.53468579655872,144305500
2010-11-01,89.72390747070312,90.64741441213432,89.20916618081881,90.13267312225001,174074800
2010-11-02,90.43545532226562,90.64740658062891,90.15537357357776,90.3976044081699,158345900
2010-11-03,90.79879760742188,90.85178542138296,89.66333950090853,90.59441768935446,226702800
2010-11-04,92.54741668701172,92.59283316794055,90.81394977027801,91.80558143881875,215039400
2010-11-05,92.89562225341797,93.04701437182521,92.48685660343143,92.60796914310941,180654100
2010-11-08,92.72152709960938,92.87292501118428,92.30519583706797,92.60798010973815,156107100
2010-11-09,92.05538940429688,93.06972937687931,91.68447464457161,92.97132507028594,186621600
2010-11-10,92.4262924194336,92.47171467267681,91.33625652065616,92.03266946783818,221387400
2010-11-11,92.07808685302734,92.2143420636218,91.35139432160315,91.63147608094702,158017600
2010-11-12,90.98805236816406,91.8585715172219,90.57172114052028,91.4573771918469,239068800
2010-11-15,90.85939025878906,91.63150529002861,90.82154510642836,91.27572736144184,163940800
2010-11-16,89.44384002685547,90.45060868734159,89.01236031848181,90.29921655387832,299566200
2010-11-17,89.48925018310547,89.8601649265269,89.21673974195197,89.48167884439584,172308900
2010-11-18,90.80636596679688,91.13186417766407,90.34461255660763,90.35218389413619,197723700
2010-11-19,91.05616760253906,91.09401273948663,90.26891598602646,90.76094896825164,156852900
2010-11-22,90.98047637939453,91.01832151834957,89.9055716338235,90.60199033841226,181361000
2010-11-23,89.66336822509766,90.09484221278842,89.31516165391217,89.90559913441106,222309000
2010-11-24,90.98805236816406,91.01076638442622,90.21594329719095,90.23108019945974,140046100
2010-11-26,89.92831420898438,90.69285209641625,89.92831420898438,90.20082470706085,76007800
2010-11-29,90.2008285522461,90.44305947472456,89.1259234194597,89.70122402606134,223642300
2010-11-30,89.69364929199219,90.20839070468938,89.178907879295,89.30759756389969,233930700
2010-12-01,91.6011962890625,91.7752966395462,90.98047939230545,90.9880449552038,221037200
2010-12-02,92.77449798583984,92.84262847741905,91.69202766048875,91.74501547605536,191213600
2010-12-03,93.02432250976562,93.13029816635695,92.43388505868815,92.45659330292342,151288900
2010-12-06,92.92593383789062,93.13788518675715,92.72911939598265,92.82752372931608,103050500
2010-12-07,92.97891235351562,93.8721399307892,92.9259245216113,93.81915209888486,206581000
2010-12-08,93.31954956054688,93.39524563983082,92.66098731801182,93.09246132269503,138019200
2010-12-09,93.68286895751953,93.87967754586114,93.22111551329554,93.84183240590568,123705100
2010-12-10,94.22789764404297,94.31873060769341,93.66016852027045,93.97052410480832,117571700
2010-12-13,94.28848266601562,94.77294455217407,94.25820307622557,94.6594033095129,133812700
2010-12-14,94.37171936035156,94.79562770411806,94.08407201388519,94.43227852020954,147249600
2010-12-15,93.94026184082031,94.56855023966261,93.7812983498916,94.19763542749563,160823100
2010-12-16,94.4852523803711,94.55338286895437,93.67529250647615,94.0007907235688,185035200
2010-12-17,94.58648681640625,94.70823631172009,94.22122671924015,94.41907618043896,141075300
2010-12-20,94.81474304199219,95.04303126520705,94.34295589557716,94.84518185879489,119085500
2010-12-21,95.4159164428711,95.47679408912954,95.02022335341492,95.1115340171907,94965500
2010-12-22,95.71269989013672,95.74313871713908,95.43115090018703,95.48441739603801,78878100
2010-12-23,95.57572937011719,95.71270119068265,95.3398357146594,95.60616819753315,70053700
2010-12-27,95.61376953125,95.70508019850278,95.14958762067467,95.21807062111425,58126000
2010-12-28,95.750732421875,95.84204308062534,95.49961649908839,95.80399890801657,55309100
2010-12-29,95.81920623779297,96.03227216195047,95.8039897313293,95.86486736840601,58033100
2010-12-30,95.66703033447266,95.97901810505728,95.52244737910245,95.72790797942977,76616900
2010-12-31,95.68987274169922,95.78118922320292,95.3702737648553,95.52246209508212,91218900
2011-01-03,96.67908477783203,97.0976054609399,95.65179354290615,96.4203577287302,138725200
2011-01-04,96.62584686279297,96.9226181677584,96.02469309474148,96.89217934088853,137409700
2011-01-05,97.1280746459961,97.18895230077244,96.23014955768944,96.32146603985396,133975300
2011-01-06,96.93783569335938,97.27265698682098,96.64867554348695,97.16612399446731,122519000
2011-01-07,96.74759674072266,97.22699520315814,95.99425464100617,97.06719571567965,156034600
2011-01-10,96.62584686279297,96.76281868090106,96.03229844724949,96.32146439970691,122401700
2011-01-11,96.96826934814453,97.20416298925727,96.60300924697776,96.97588050593885,110287000
2011-01-12,97.84336853027344,97.94990151892111,96.9910988154796,97.56181954839565,107929200
2011-01-13,97.68357849121094,97.92708913826321,97.44007945538539,97.8814337947476,129048400
2011-01-14,98.39125061035156,98.41407827734413,97.47810909697594,97.54659209795365,117677900
2011-01-18,98.55864715576172,98.64995781068123,98.18577596280261,98.299914281452,114401300
2011-01-19,97.59225463867188,98.5738792255136,97.33353331950121,98.47496319831609,151958400
2011-01-20,97.4629135131836,97.70641256496387,96.74000429501018,97.37159701455568,175745700
2011-01-21,97.68357849121094,98.29234349761491,97.57704548593225,98.07167213354717,151462900
2011-01-24,98.23906707763672,98.35320541815817,97.59985753704196,97.62268520514624,113715500
2011-01-25,98.29232025146484,98.3760255651894,97.48571174351399,97.98032666292566,167552200
2011-01-26,98.67276763916016,98.96193347576833,98.33794648334448,98.53580168153768,141281500
2011-01-27,98.91629791259766,99.08370852394154,98.52059904840094,98.69561501072486,123302700
2011-01-28,97.18897247314453,99.19028369861347,97.02917295039845,99.03047837025348,295637300
2011-01-31,97.91943359375,97.99553354377751,97.21175282562719,97.4552633767375,149249200
2011-02-01,99.4870376586914,99.66205366485345,98.45214071626344,98.51301837302107,167194300
2011-02-02,99.29679107666016,99.56311774019437,99.17503577327174,99.22829646148867,118323600
2011-02-03,99.5174789428711,99.66966729178613,98.5967318846378,99.12177994671063,145886700
2011-02-04,99.79898834228516,99.8370383172123,99.09891292626976,99.55548940295125,134634800
2011-02-07,100.42301177978516,100.75021613794067,100.01209047974528,100.01970744422186,112439100
2011-02-08,100.87957763671875,100.93283832622902,100.24036808401993,100.5143117176837,99072800
2011-02-09,100.6512680053711,100.92521158096783,100.14903618157332,100.60561267797542,146436700
2011-02-10,100.6893310546875,100.80346938799558,99.91315555452022,100.1414438323605,162708500
2011-02-11,101.29047393798828,101.41983457972898,100.27079950693313,100.29362717246246,137710300
2011-02-14,101.53397369384766,101.61767900517809,101.11545874841919,101.22959707694991,101690700
2011-02-15,101.21441650390625,101.3742218409772,100.68936836490957,101.22203346976534,119575400
2011-02-16,101.85359191894531,101.97533560815327,101.35136001307966,101.55682063115643,130183500
2011-02-17,102.1579818725586,102.29494789497687,101.46551157373005,101.55683386656828,109810500
2011-02-18,102.37102508544922,102.49278037465005,102.0133761804364,102.24926979624837,130002400
2011-02-22,100.31644439697266,102.39384302248897,100.04250082790945,101.29806874623611,233116400
2011-02-23,99.70013427734375,100.49913780228776,99.08376377877332,100.25562710045634,227584000
2011-02-24,99.6316146850586,100.01970831750991,98.69564533314777,99.59357630724892,260431400
2011-02-25,100.69694519042969,100.75782284391248,99.98925262851427,100.05013028199706,141686900
2011-02-28,101.32093811035156,101.45031040309681,100.73501236663316,101.06983371231632,141585500
2011-03-01,99.6316146850586,101.73185332309691,99.60118166056557,101.6405426383914,258565500
2011-03-02,99.84464263916016,100.30882440757543,99.19022263141439,99.49459916985494,200277400
2011-03-03,101.56444549560547,101.67858385467366,100.74261447663419,100.75021983016315,176480100
2011-03-04,100.80348205566406,101.68619064825425,100.14145641683423,101.48833536402421,277202300
2011-03-07,100.01206970214844,101.32852704820453,99.48702176752876,101.10023877463463,216790400
2011-03-08,100.88719177246094,101.2067907710223,99.7381564482599,100.171893799441,174615000
2011-03-09,100.7425537109375,101.05454718583863,100.1414060303995,100.68929304590694,153806000
2011-03-10,98.87824249267578,99.8218168560699,98.77931487926618,99.68485087863098,301291800
2011-03-11,99.56310272216797,99.92075161490841,98.53582298424756,98.55865064878647,225621800
2011-03-14,98.96197509765625,99.28917943040742,98.20862718022441,98.91631975924682,234974100
2011-03-15,97.828125,98.41406211611195,96.26056353073383,96.32904652046548,359585400
2011-03-16,96.01708984375,97.83577361391661,95.33223069681051,97.51616300265638,468670300
2011-03-17,97.28787231445312,97.69878776808252,96.7171573742366,97.40201646361895,254303700
2011-03-18,97.64170837402344,98.49768035063046,97.45064366922266,98.46710346733043,230435400
2011-03-21,99.15494537353516,99.36128686242542,98.74223907242596,98.8568848945849,153992600
2011-03-22,98.81100463867188,99.26956453469187,98.71929732413291,99.13964195187414,129538600
2011-03-23,99.09382629394531,99.3536715592232,98.06972201667342,98.53590881878941,148603100
2011-03-24,100.04147338867188,100.18668442818314,99.10143831928839,99.65934398434285,159129800
2011-03-25,100.34721374511719,100.78283533150928,100.03386474160078,100.30136006883038,155642800
2011-03-28,100.1026611328125,100.82106660636164,100.07209589766263,100.56122129174534,109762400
2011-03-29,100.77517700195312,100.80574222620815,99.6899307850903,100.01855650790861,129798800
2011-03-30,101.47067260742188,101.76873315657198,101.15732361271695,101.30253469132008,135835000
2011-03-31,101.33309173583984,101.61587547826107,101.22609594893255,101.34074178883289,132537100
2011-04-01,101.7610855102539,102.2349340403263,101.51652868392684,101.95980032216623,153850100
2011-04-04,101.84513854980469,102.15848750293942,101.55472809279263,101.97506116561689,100768900
2011-04-05,101.82984924316406,102.2807591475809,101.60056926512807,101.64642292840244,120791500
2011-04-06,102.15084838867188,102.41069361845632,101.738142048035,102.3189862812772,120411600
2011-04-07,101.89100646972656,102.39540850226709,101.3865927755202,101.96742536597048,170731500
2011-04-08,101.53945922851562,102.40307569847839,101.11911441297322,102.34193357424788,147945400
2011-04-11,101.23375701904297,101.99036600106147,100.9891885299725,101.64645176726512,121385400
2011-04-12,100.47711944580078,100.86688729020838,100.11027843567214,100.668184172569,161187400
2011-04-13,100.46947479248047,101.01973044254225,100.08734536276289,100.94331155359757,162059000
2011-04-14,100.54588317871094,100.69873260229885,99.55999448415494,99.88862016178578,161220400
2011-04-15,100.9127197265625,101.16492651223166,100.43124464634226,100.72930509092164,170006700
2011-04-18,99.7816390991211,100.90510060358106,98.97916492998324,99.80456593295374,210759300
2011-04-19,100.35482788085938,100.38540476543822,99.68992641207684,99.93448318038466,124258800
2011-04-20,101.72286224365234,101.94449218913807,101.48593219353745,101.55472435604312,156133800
2011-04-21,102.2425537109375,102.2884073786234,101.72286326161027,102.25019210166342,135935400
2011-04-25,102.13555145263672,102.30368933126131,101.79927569538754,102.16611667526642,65757100
2011-04-26,103.01445770263672,103.2208108823265,102.34191776333806,102.44891354879462,146600000
2011-04-27,103.6870346069336,103.83988410036284,102.79285282562029,103.2131976788023,143031000
2011-04-28,104.02330780029297,104.16086884232244,103.48832875628638,103.50360554206618,124791100
2011-04-29,104.2678451538086,104.37485260426884,103.9239309513758,104.06150362934872,115094100
2011-05-02,104.10731506347656,104.84099684277811,103.90096196107105,104.75693958580501,126278700
2011-05-03,103.73287200927734,104.08443628449312,103.20553142728717,103.90865997771874,138375000
2011-05-04,103.0450210571289,103.73284935020219,102.58646108730376,103.68699568555256,182678500
2011-05-05,102.1126480102539,103.13675229706621,101.66173798777692,102.47185068217074,226900000
2011-05-06,102.56354522705078,103.65644155199563,102.16612732146486,103.12910102878206,222787200
2011-05-09,102.96097564697266,103.25903619697327,102.39541977650119,102.55591930111711,114104500
2011-05-10,103.83985137939453,104.02327771071145,103.17494987857656,103.30487249013494,114806900
2011-05-11,102.74700164794922,103.70232558225153,102.27316470826939,103.68703713403534,193564200
2011-05-12,103.236083984375,103.45007552348652,101.94448469795343,102.47182515564405,171550700
2011-05-13,102.44127655029297,103.43481563423684,102.07443547650372,103.289604550827,157444900
2011-05-16,101.79166412353516,102.87691056861203,101.62352620061236,102.07443623860188,141675400
2011-05-17,101.7763442993164,101.9139169491425,100.97387021671214,101.4095033358868,192686200
2011-05-18,102.6858139038086,102.79280967045626,101.60820618578737,101.82984777062723,135217900
2011-05-19,102.93035888671875,103.19785410357797,102.36481489697229,103.0220778631159,119489500
2011-05-20,102.1126480102539,102.9303990966387,101.92158325547547,102.66291543694918,182594900
2011-05-23,100.92803192138672,101.43244561144492,100.56882929316336,100.86688980789489,168700000
2011-05-24,100.8439712524414,101.44009233084664,100.65290650521752,101.21846235520027,147199600
2011-05-25,101.18020629882812,101.60055090565945,100.40830922931025,100.43887444541525,151050100
2011-05-26,101.64644622802734,101.82987258483435,100.71404932217526,100.90511407072418,164850000
2011-05-27,102.03619384765625,102.31132749737883,101.61586081368006,101.92919807618995,120921900
2011-05-31,103.0984878540039,103.1137762923631,102.2883755458906,102.99914215882315,164731200
2011-06-01,100.7828369140625,103.11382934247305,100.69876795232744,102.80048033403624,233094300
2011-06-02,100.67584991455078,101.0656295265172,100.08737879263093,100.85163790733387,200466800
2011-06-03,99.67466735839844,100.43892643490356,99.41482207118702,99.468314142475,234690200
2011-06-06,98.61994934082031,99.62877654337066,98.49002674564282,99.4224234043647,179951200
2011-06-07,98.55882263183594,99.40715038913517,98.47475369510667,99.12436669559267,161660500
2011-06-08,98.14614868164062,98.73463143267624,97.96272230605773,98.40599396746539,198696400
2011-06-09,98.89510345458984,99.30015976511255,98.17670983746741,98.4136282460751,160964400
2011-06-10,97.51942443847656,98.53588423944367,97.25957923801593,98.47475379599989,238629400
2011-06-13,97.59588623046875,98.0085926813157,97.09912247253773,97.7410973275568,207599800
2011-06-14,98.833984375,99.17789860970818,98.4518548560648,98.49005847862436,160570400
2011-06-15,97.07616424560547,98.81867945943533,96.81631901483664,98.0085668801763,300958000
2011-06-16,97.2901611328125,97.8022132007836,96.54118483885279,97.10673479704724,308032800
2011-06-17,97.58047485351562,98.26403692337134,97.25021406675188,98.25635480468203,233284900
2011-06-20,98.07974243164062,98.28711870518231,97.21953228877767,97.25025491670023,159479000
2011-06-21,99.42378997802734,99.6158019369341,98.11811100135732,98.58662064986902,193157300
2011-06-22,98.82470703125,99.70028103685375,98.76326180214879,99.11656893961097,176703000
2011-06-23,98.5405502319336,98.801683711401,96.9199686560323,97.66497607411608,334286500
2011-06-24,97.39612579345703,98.59427831596676,97.25020071683011,98.51748057857479,226129300
2011-06-27,98.26402282714844,98.64035869284263,97.26555849140014,97.4575704129103,168904700
2011-06-28,99.5466537475586,99.56201798160507,98.51747273650363,98.65571568449157,165556300
2011-06-29,100.39924621582031,100.5605297501282,99.56207661912288,99.99985793172797,244295500
2011-06-30,101.35928344726562,101.52056694518097,100.39154730133048,100.72180227671592,223322700
2011-07-01,102.85699462890625,102.99524937362257,101.21337225184162,101.45146527495402,202385700
2011-07-05,102.77250671386719,102.97988296684196,102.44992794228591,102.74946621014588,165936000
2011-07-06,102.89537048339844,103.0259372103951,102.23484886951643,102.5267108001443,143331600
2011-07-07,103.96295928955078,104.22409275050923,103.59429959646353,103.80935206072112,170464200
2011-07-08,103.2256088256836,103.96293979306452,102.44988484790548,102.78782771964347,194100500
2011-07-11,101.35928344726562,102.28861485387013,101.12119047068896,101.95835987848469,195918600
2011-07-12,100.92149353027344,101.98140342617667,100.89077676957947,101.14423399335986,214675700
2011-07-13,101.25946044921875,102.31937059585397,101.01369114708378,101.45147247755213,204062600
2011-07-14,100.56051635742188,101.98140980766894,100.36850436249563,101.51290007126961,226111800
2011-07-15,101.14421081542969,101.28245378609523,100.43760828657777,101.12117032031877,220012800
2011-07-18,100.31474304199219,100.82933376125007,99.56205933376977,100.67572651541634,196872100
2011-07-19,101.94296264648438,102.06585308477837,100.852336375449,100.87537686769447,166554900
2011-07-20,101.88157653808594,102.26560059095394,101.70492875522218,102.20416705564101,137145400
2011-07-21,103.2947769165039,103.54823415591612,101.89692396934839,102.45759571257307,245246300
2011-07-22,103.36389923095703,103.47142548008121,102.73409425788536,103.3178182269727,126019400
2011-07-25,102.78787231445312,103.29478684198642,102.27328152540565,102.38080778402029,136653800
2011-07-26,102.40379333496094,102.88766709880665,102.17337669886885,102.71869568030424,131278200
2011-07-27,100.30706024169922,101.86619653824819,100.17648178579829,101.8354680593959,249020100
2011-07-28,100.01519012451172,101.20566661400575,99.85389492240792,100.30705205237578,207939900
2011-07-29,99.3316650390625,100.26868468559769,98.28711912421103,99.00908623411364,307038400
2011-08-01,98.9092025756836,100.5835530063475,97.94914274968924,100.49137929380544,325790900
2011-08-02,96.38233947753906,98.69416554065864,96.38233947753906,98.1642105587473,346653800
2011-08-03,96.90459442138672,97.01212065004654,94.8769485956015,96.51289424258593,370830800
2011-08-04,92.3654556274414,95.71414543084629,92.21184250909086,95.56053231249575,520721800
2011-08-05,92.22718811035156,93.75560170564188,89.75407307230243,93.51750874499719,655619200
2011-08-08,86.22102355957031,92.25787804832184,86.03668792010176,89.79244600287569,702263900
2011-08-09,90.2302474975586,90.35313208402415,84.69261835505058,87.6112019952795,717828700
2011-08-10,86.244140625,89.30865157032679,85.98300116709173,88.5252449160885,662607400
2011-08-11,90.11506652832031,91.33625994460539,86.26714469445275,86.98911163574779,487979700
2011-08-12,90.72183227539062,91.55900178646029,90.07666890543878,90.93688477879417,313731600
2011-08-15,92.64193725585938,92.73409925108706,91.39769758262304,91.5436285547206,258810600
2011-08-16,91.850830078125,92.69568731362023,90.86772986926452,91.75866809588149,294095200
2011-08-17,91.91228485107422,93.08739712462837,91.1826417370899,92.35775401064404,238201100
2011-08-18,87.94918060302734,91.94302797185422,87.08896470924157,89.47759452543815,512956300
2011-08-19,86.51289367675781,89.00136661905238,86.40536746602366,86.75866870982716,428281300
2011-08-22,86.58203125,88.50215075394117,86.33625618788513,88.45606390122357,275090600
2011-08-23,89.43148803710938,89.5313321419715,86.4668230493909,86.9046100626167,331136600
2011-08-24,90.69108581542969,90.81397041661586,89.0320997513688,89.23947593924626,246869700
2011-08-25,89.3086166381836,91.7049284040054,88.99372001887416,91.1903376726089,312365400
2011-08-26,90.6065902709961,91.02133674207235,87.44223156189892,88.85544241072238,314495900
2011-08-29,93.2103042602539,93.26406738500569,90.67574355683318,91.82781553843513,190977200
2011-08-30,93.45606994628906,94.03210587893145,91.59739540996739,92.8032303945758,241315700
2011-08-31,93.87083435058594,94.86161704608683,93.16423154533838,94.05516424331537,301828400
2011-09-01,92.8876724243164,94.77706869114152,92.76478200383781,93.92453544321903,254585900
2011-09-02,90.51444244384766,92.83395034744653,90.1918637371719,90.95222950569058,255517200
2011-09-06,89.85391998291016,89.98449257611976,87.84931454415322,87.85699666369267,285130500
2011-09-07,92.38848114013672,92.42688001868812,90.9061484820764,91.21336880918939,209803200
2011-09-08,91.42842864990234,92.88772092651108,91.22105242199572,91.83549312574912,250568200
2011-09-09,89.03211975097656,91.44378992086159,88.54056951633382,90.38388582611462,380195100
2011-09-12,89.60814666748047,89.67727402522213,87.5958649291277,87.91844363928098,305793500
2011-09-13,90.42996215820312,90.76790512446614,89.2625318761665,89.90001306807513,272514700
2011-09-14,91.68185424804688,92.78016267174793,89.6465267112911,90.89076021048807,319389500
2011-09-15,93.26404571533203,93.29476833087202,91.70490960005078,92.66496936165153,326777200
2011-09-16,93.81605529785156,94.1634685261769,92.88963180243118,93.63849364142351,284528300
2011-09-19,92.88191986083984,93.36057538897653,91.65440830376362,92.27974393547734,241517000
2011-09-20,92.77381134033203,94.17889006963102,92.65029097767528,93.27562643437938,218932200
2011-09-21,90.0408706665039,93.10579714234429,89.8941905782031,92.82015294035112,316251300
2011-09-22,87.13036346435547,88.17259150875003,85.92601158106021,87.43145143517928,513911300
2011-09-23,87.65533447265625,88.13398999218585,86.48185832479575,86.55134333265757,307242500
2011-09-26,89.73977661132812,89.8633028773172,87.22299078739447,88.48138369936129,260673700
2011-09-27,90.74342346191406,92.30290456915986,90.20300478470631,91.50772322947141,311753900
2011-09-28,88.89054870605469,91.47681936879226,88.75930647401823,90.92868484964926,286696800
2011-09-29,89.59310913085938,90.81289878370696,87.95642121670625,90.36513073167659,298108900
2011-09-30,87.35421752929688,89.12986311243509,87.2924544072602,88.35784175714312,288392300
2011-10-03,84.86831665039062,87.97184022985161,84.7756719576992,86.84468964069191,365136800
2011-10-04,86.72889709472656,86.9141865054204,82.93827439098332,83.6485327951389,459177500
2011-10-05,88.334716796875,88.5663256505659,86.14217811284783,86.94508134490304,284108000
2011-10-06,89.93277740478516,90.0640255282292,87.63215677342936,88.28837383042456,257800800
2011-10-07,89.33061981201172,90.51953379856091,88.82880458735576,90.45777065612934,312657900
2011-10-10,92.31832885742188,92.35692639691364,90.84376502151714,90.85148688543805,230666300
2011-10-11,92.41097259521484,92.67346297202445,91.6775545151166,91.77019921694175,209088000
2011-10-12,93.22159576416016,94.29470517380186,92.89734814902883,93.10579136159708,281544900
2011-10-13,93.03631591796875,93.31424413904261,91.96320646606678,92.67346485767472,212538800
2011-10-14,94.62667083740234,94.64983053896975,93.59216490034918,94.11713973275035,211397600
2011-10-17,92.82015991210938,94.61124979530874,92.5885510752069,94.17891369242793,202311600
2011-10-18,94.63436889648438,95.34462705281935,92.02493322856158,92.75063510876092,318857900
2011-10-19,93.51496887207031,95.02041443892347,93.19072123246146,94.47999581618501,226601300
2011-10-20,93.92414855957031,94.26383405065089,92.50362578485898,93.74658100395993,262075600
2011-10-21,95.70748138427734,95.8232857571442,94.74245476047855,95.02809887148774,278999400
2011-10-24,96.8809814453125,97.12031212804985,95.77699040705524,95.86191324769479,203215600
2011-10-25,94.9972152709961,96.46405090465296,94.78876623922913,96.41773151539569,268596800
2011-10-26,95.96227264404297,96.3251177932207,94.34874468256547,96.00087018413942,289053800
2011-10-27,99.30513763427734,99.91502948712339,97.7456507751941,98.5331101795414,393220200
2011-10-28,99.28196716308594,99.47497253332513,98.66434762229794,98.8187495624667,225906500
2011-10-31,96.88871002197266,99.29741362499377,96.74974589948626,98.17026869490913,228146700
2011-11-01,94.18661499023438,95.35236900531282,93.81604211012352,94.20977469085578,416565800
2011-11-02,95.72295379638672,96.03948547055907,94.79653025891236,95.59943340675017,244717600
2011-11-03,97.46772003173828,97.66072541793974,95.42186175999139,96.71113632620349,291174800
2011-11-04,96.87325286865234,97.04309263778033,95.73838040960939,96.68024750868058,249401600
2011-11-07,97.47542572021484,97.57578638396411,95.88505759659996,96.80376496727632,196617200
2011-11-08,98.72610473632812,98.83419316237388,97.05081953843758,97.98496482237732,224426300
2011-11-09,95.08216094970703,97.1202970280588,94.85055216759869,96.41775470837123,337982000
2011-11-10,95.97769165039062,96.45634699611071,94.97406156390043,96.34054261843025,231866500
2011-11-11,97.78424835205078,98.0390109766908,97.11258751059296,97.14346907813712,189924400
2011-11-14,96.8578109741211,98.39413201935015,96.4409186818871,97.42138922752711,159258300
2011-11-15,97.33649444580078,97.85374755575576,96.286544493919,96.63395189253164,184709400
2011-11-16,95.79240417480469,97.5371680693639,95.65344010540964,96.35597642453365,235782500
2011-11-17,94.27154541015625,95.85419183402632,93.59216861364699,95.61486116486945,331219600
2011-11-18,94.17118835449219,94.7656423380222,93.77745572692686,94.57263695647836,215580400
2011-11-21,92.38006591796875,92.91275657705222,91.60032280358838,92.79695221114548,229611600
2011-11-22,92.01724243164062,92.71977891825004,91.49998356165486,92.1793662362428,216494900
2011-11-23,89.98680877685547,92.01722874450239,89.98680877685547,91.15256269184941,224329100
2011-11-25,89.81697082519531,90.86692044688368,89.7088882956147,89.84785238936922,99557000
2011-11-28,92.4186782836914,92.78152927309333,91.73157972973887,92.28743606328602,210686000
2011-11-29,92.68119049072266,93.41460861556584,92.34149912002961,92.68119049072266,199241500
2011-11-30,96.49496459960938,96.67253213432754,92.64257900519262,95.33693236204448,324439500
2011-12-01,96.4795150756836,96.99676799886538,96.06262281384794,96.38687038747929,176954800
2011-12-02,96.39459991455078,97.66071463705994,96.33283678417075,97.36734860283923,221109700
2011-12-05,97.44454956054688,98.18568945486048,96.84237376454558,97.92319909580108,225263900
2011-12-06,97.47542572021484,98.13164274638827,97.08941501187095,97.43682229335806,178842100
2011-12-07,97.83831024169922,98.2474807902908,96.47955043368766,97.15120552663687,237802500
2011-12-08,95.69206237792969,97.41367291111742,95.46045946242604,97.19750783395806,240862800
2011-12-09,97.31330871582031,97.56035535078637,96.03947211144119,96.12439494440356,209111400
2011-12-12,95.89275360107422,96.47949136875003,95.08213486618104,96.46404764614957,215826100
2011-12-13,94.9972152709961,96.94270619051174,94.5339978182049,96.39457182076704,245159800
2011-12-14,93.98590087890625,94.98180937494651,93.77745765418011,94.61895830777793,238618800
2011-12-15,94.32559204101562,95.11305142059308,94.17890606352243,94.98180917233965,199109200
2011-12-16,94.46540832519531,95.52201673747257,94.24010743687245,94.96264104339423,220481400
2011-12-19,93.45542907714844,95.03257102994053,93.25342881929278,94.83057077208487,183903000
2011-12-20,96.28338623046875,96.44653819454956,93.51756182096705,94.92378060238514,225418100
2011-12-21,96.46987915039062,96.61749542510299,95.36665732730945,96.28342054319393,194230900
2011-12-22,97.324462890625,97.42546596982949,96.51647382145363,96.82723611232996,119465400
2011-12-23,98.19462585449219,98.22570327322003,97.4332498416003,97.635244172214,92187200
2011-12-27,98.27232360839844,98.52870788605253,97.93824874196153,98.02371016784622,86075700
2011-12-28,96.9826431274414,98.30340091748171,96.90495253874703,98.28786517070763,119107100
2011-12-29,97.98487854003906,98.08587572374745,97.00596041769485,97.30118705828194,123507200
2011-12-30,97.50315856933594,98.14800159838903,97.50315856933594,97.9071531123194,95599000
2012-01-03,99.05701446533203,99.74070588812671,99.00263045919266,99.25901474274066,193697900
2012-01-04,99.21239471435547,99.29785614140188,98.44324779834982,98.82393583774889,127186500
2012-01-05,99.4765625,99.62417879747561,98.22573013673339,98.67634394040715,173895000
2012-01-06,99.22014617919922,99.61637581565094,98.89384220913821,99.60083414427038,148050000
2012-01-09,99.4610366821289,99.58533454121577,98.98711627080652,99.445495004183,99530200
2012-01-10,100.32337188720703,100.72736049731517,100.18352055692222,100.5253661922611,115282000
2012-01-11,100.37773895263672,100.50981350548408,99.84944074124729,100.01258677807391,111540700
2012-01-12,100.61863708496094,100.76625338878299,99.86502574268924,100.66526211892594,118983700
2012-01-13,100.09807586669922,100.26123380347892,99.22793181673701,99.94269469418076,179836200
2012-01-17,100.48654174804688,101.24792969979801,100.14469603172178,101.0614651668504,132209200
2012-01-18,101.59754943847656,101.65192752286492,100.28455638974822,100.46324417391776,163395200
2012-01-19,102.13359832763672,102.21905974236108,101.62082983929055,101.94713382601383,126328900
2012-01-20,102.51428985595703,102.51428985595703,101.71406555997967,101.96268491844664,138230200
2012-01-23,102.25017547607422,102.74740250739897,101.76071335678527,102.17247893640605,129295800
2012-01-24,102.13359832763672,102.16466981716268,101.46544868201599,101.62082983929055,103083300
2012-01-25,102.98824310302734,103.22908577437461,101.58202348916576,101.97824738188281,198613200
2012-01-26,102.45991516113281,103.64082158834339,102.0559146177061,103.44659215369144,184880500
2012-01-27,102.41329193115234,102.59197967412479,101.89274666518538,101.96267826445523,135259100
2012-01-30,102.06366729736328,102.11805722286391,101.0459070785142,101.3955176480301,147311800
2012-01-31,102.02481079101562,102.69294845384401,101.52757221525846,102.56865066472484,157212000
2012-02-01,102.91827392578125,103.43880728764333,102.65412479077452,102.77842259530489,166234500
2012-02-02,103.0814437866211,103.3456048374555,102.71630334203326,103.120292045993,113090400
2012-02-03,104.52653503417969,104.58868989231732,103.92831675240576,104.10700456028452,160598500
2012-02-06,104.45659637451172,104.50320954597869,103.97491112958639,104.09144405825384,107694500
2012-02-07,104.72075653076172,104.89945617983385,103.82730570470554,104.2390712354785,135528100
2012-02-08,105.03148651123047,105.05479308957334,104.34779526698334,104.7751022946378,139361400
2012-02-09,105.1635971069336,105.34228488706192,104.5420604769098,105.2024453690898,148602900
2012-02-10,104.38668823242188,104.47214967456227,103.98268761004674,104.23130702530105,167907500
2012-02-13,105.1635971069336,105.28790680390338,104.68191184970712,105.13252561010374,115841900
2012-02-14,105.03148651123047,105.0936413384185,104.3011821102976,104.88387027851157,165329500
2012-02-15,104.54199981689453,105.52868819997995,104.33222880682982,105.37330709633947,195195100
2012-02-16,105.69966888427734,105.79289522657757,104.36336932212512,104.54983386155037,186567800
2012-02-17,105.9793930053711,106.15031592307962,105.62978225726857,106.06485446422535,129869400
2012-02-21,106.02595520019531,106.47656887063842,105.69965120190676,106.22794952632933,134042300
2012-02-22,105.68411254882812,106.08811306746223,105.49764803526858,105.86280029839155,124455300
2012-02-23,106.15025329589844,106.22793794140584,105.27233263243194,105.62971993719488,137704300
2012-02-24,106.3833236694336,106.59309474549984,106.15025786805114,106.3833236694336,105539100
2012-02-27,106.5620346069336,106.84949036247045,105.50542606044542,105.67634890287904,145728900
2012-02-28,106.87278747558594,106.99709714176375,106.38332557427466,106.59309665409697,129355900
2012-02-29,106.45327758789062,107.36226996836373,106.08034851783151,107.02818915828884,185934700
2012-03-01,107.0048828125,107.20688902293978,106.3833462158364,106.67857876658712,145023500
2012-03-02,106.6785888671875,107.07482456067473,106.43774622869759,106.93497318214227,120638300
2012-03-05,106.2435073852539,106.59311801848176,105.87835507693323,106.51543335266703,140765000
2012-03-06,104.68964385986328,105.2179421237212,104.38664647798677,105.15579914959089,202129900
2012-03-07,105.41998291015625,105.59090578221347,104.82951776856753,104.93052088064462,143692200
2012-03-08,106.46882629394531,106.6863742174817,105.84730144324696,106.06483751195671,116968900
2012-03-09,106.88055419921875,107.16023313961396,106.53870857675194,106.67078313910119,122836800
2012-03-12,106.88834381103516,107.02818331355238,106.50764985169843,106.86503722728227,104003500
2012-03-13,108.8150863647461,108.86947629166181,107.28455761488097,107.46325721347024,184090500
2012-03-14,108.69856262207031,109.11809298081407,108.36448183313144,108.84617888777653,145163600
2012-03-15,109.32786560058594,109.37447876833323,108.58201935215732,108.86171021346505,165118500
2012-03-16,109.47925567626953,109.6197080194134,109.24515653091927,109.52607312398415,152893500
2012-03-19,109.90841674804688,110.24394967073373,109.3309738753874,109.40901087947859,125291100
2012-03-20,109.5884780883789,109.72113146554116,108.96421779655233,109.28415283329498,121729700
2012-03-21,109.40901184082031,109.75234370422298,109.18271167103251,109.65090988614331,122388400
2012-03-22,108.62091827392578,108.89403598368753,108.26197649702817,108.60530848591037,135216700
2012-03-23,108.97203826904297,109.09689273343696,108.11369061658269,108.71454230804883,120521000
2012-03-26,110.50143432617188,110.50143432617188,109.71331313991459,109.75231972700617,120164000
2012-03-27,110.15812683105469,110.67314254305177,110.08790066308505,110.60291637508213,119868500
2012-03-28,109.61188507080078,110.27516385287785,108.9642160701351,110.10349197767613,148562100
2012-03-29,109.42461395263672,109.62750541020128,108.53504683490755,108.96422656424524,164963700
2012-03-30,109.877197265625,110.06447893151841,109.2841565171252,109.96303320747926,135486800
2012-04-02,110.68094635009766,110.96967378685592,109.52607232339574,109.74456168231835,151741100
2012-04-03,110.22836303710938,110.71217113188183,109.58069386881888,110.52488942679788,155806700
2012-04-04,109.13591003417969,109.5104615164397,108.73013898277812,109.41682662256893,146896000
2012-04-05,109.0812759399414,109.40121101935296,108.66770597163918,108.76135276730616,137439400
2012-04-09,107.85619354248047,109.12031237733892,107.55966713656424,107.70793033952236,127555900
2012-04-10,106.04578399658203,107.94977210161163,105.93653936301995,107.64544691477637,235360300
2012-04-11,106.90415954589844,107.3255283664419,106.70907896278548,107.13044778332896,154133000
2012-04-12,108.30093383789062,108.38676977275699,106.92757078680289,107.00560778459928,154321500
2012-04-13,107.01341247558594,108.32436028705281,106.9119667543509,108.05124268685456,169246700
2012-04-16,106.94319152832031,107.71570311451816,106.57643903328231,107.55964100970473,147825300
2012-04-17,108.52725219726562,108.74574153962695,107.45040336221615,107.55964803339681,147877600
2012-04-18,108.1605224609375,108.52727505717644,107.98105158621802,108.0434788267245,123884200
2012-04-19,107.46604919433594,108.58190500235888,106.95884417374009,108.17614574859425,198666700
2012-04-20,107.64549255371094,108.33218020253751,107.58306532138333,107.9420189305728,143199600
2012-04-23,106.74030303955078,106.83394983045918,106.07703609898464,106.54522242642385,171844900
2012-04-24,107.1460952758789,107.4192129510753,106.74813503269777,106.83397099574995,137484200
2012-04-25,108.61312103271484,108.65993849071405,108.09810518116403,108.19174009716245,150252200
2012-04-26,109.36998748779297,109.49484192604692,108.31654751353402,108.37897473266099,136291600
2012-04-27,109.54945373535156,109.86157791120343,109.08906640859912,109.69771688625212,130725000
2012-04-30,109.1436996459961,109.40901833391821,108.84718520515221,109.33098132451006,115092200
2012-05-01,109.82259368896484,110.54048896507082,108.9564352317587,109.08127778346406,138832200
2012-05-02,109.4948501586914,109.6040948236838,108.82377238608802,109.18271403958782,121081000
2012-05-03,108.65989685058594,109.59628137207257,108.45701730807598,109.51044542970774,143759700
2012-05-04,106.90415954589844,108.69890329189238,106.84173233048942,108.09025282512187,193927300
2012-05-07,106.98223114013672,107.34117286135371,106.48282516212954,106.52183176594787,127765900
2012-05-08,106.55301666259766,106.72468852793249,105.28108745310065,106.34232629936422,213377700
2012-05-09,105.92098999023438,106.59986681629883,104.94558677725557,105.42158402146033,220752500
2012-05-10,106.13947296142578,106.78714208462841,105.89757488426824,106.65447677769352,150600000
2012-05-11,105.81951904296875,106.80272096104311,105.42935785070159,105.47617528868972,153032400
2012-05-14,104.64899444580078,105.81947756379567,104.49293241142212,104.80505648017943,163910000
2012-05-15,104.04822540283203,105.1953007182278,103.88436430450658,104.578851027514,207629300
2012-05-16,103.6502456665039,104.99240140402559,103.62683694256388,104.51640417261642,207265500
2012-05-17,102.11298370361328,103.79848284559687,102.05835542359081,103.67362841135197,247992900
2012-05-18,101.23905181884766,102.69045223661927,101.09078862941648,102.51096947742512,319615900
2012-05-21,102.97917175292969,103.01819026325407,101.40291680869034,101.56678978934168,177861100
2012-05-22,103.15862274169922,103.96235389109928,102.487544976428,103.24445868516793,197531200
2012-05-23,103.21324157714844,103.36150473018134,101.43410755430205,102.41730943847266,204958400
2012-05-24,103.41614532470703,103.65804340714212,102.5499868286084,103.49418234145638,167357600
2012-05-25,103.08061218261719,103.66585408696942,102.83090325484059,103.37712665088061,135465600
2012-05-29,104.32911682128906,104.50858766403043,102.35490183080432,103.9077479064231,152883500
2012-05-30,102.81527709960938,104.32130555187223,102.60459862046687,103.43953741287727,162370400
2012-05-31,102.58900451660156,103.35371726616624,101.70723624284895,102.7762862112361,196186000
2012-06-01,100.00614166259766,102.61241614274111,100.00614166259766,100.98154485787087,253240900
2012-06-04,99.95932006835938,100.45872600735463,99.21020520647812,100.18560836129514,202545800
2012-06-05,100.71625518798828,100.86450649720882,99.70963225134685,99.76425460144317,164149400
2012-06-06,102.97917175292969,103.02598920260789,101.38730702320505,101.41852659417562,184202800
2012-06-07,103.04159545898438,104.19646950301095,102.83090503587084,104.14965205493623,184772700
2012-06-08,103.86091613769531,103.88432485713867,102.44852259288852,102.77626847864528,143915400
2012-06-11,102.54218292236328,104.75829597207924,102.44073718685873,104.69586874305924,169756100
2012-06-12,103.72048950195312,103.79071568573274,102.3471258675529,102.83872106078944,181931800
2012-06-13,103.05715942382812,104.06376983021885,102.70600490583952,103.41610097066405,172223900
2012-06-14,104.14965057373047,104.56322056821183,102.98696570037553,103.267882291606,230615500
2012-06-15,105.21479797363281,105.30891801292125,104.39906304003893,104.61868444402454,169444500
2012-06-18,105.41875457763672,105.6775967176514,104.54026874617249,104.77558087059235,131360900
2012-06-19,106.43842315673828,106.86982668567737,105.39521533892949,105.95212025237282,137382600
2012-06-20,106.2658462524414,106.75216105437678,105.31677059561392,106.44625895454004,206451800
2012-06-21,103.88141632080078,106.50119541843307,103.79513559753873,106.39138467686983,205272200
2012-06-22,104.68145751953125,104.87754895564207,104.02258119816057,104.42261538764838,130029200
2012-06-25,103.00286865234375,103.61467269842902,102.63421596195057,103.57545203527668,146375700
2012-06-26,103.52057647705078,103.8343299221978,102.69699014018632,103.30095504968294,141634000
2012-06-27,104.4539794921875,104.65791026682541,103.51274303993976,103.8657052134738,108088000
2012-06-28,104.15592193603516,104.31280465969726,102.9715339706035,103.76373906382278,169242100
2012-06-29,106.75214385986328,106.88548455180535,105.77168703517117,106.0462077650047,212250900
2012-07-02,107.07377624511719,107.18358698370687,106.29726172525899,107.05024622745317,129524500
2012-07-03,107.77969360351562,107.85812299235609,106.94041656047443,107.05022727962769,80450000
2012-07-05,107.29336547851562,108.08558239670344,106.9011826773436,107.37964617351224,126177500
2012-07-06,106.27374267578125,106.4933641756271,105.77174896635162,106.25805200622824,151192100
2012-07-09,106.140380859375,106.33647230024573,105.65406594745481,106.1874408902285,103780500
2012-07-10,105.21479797363281,106.8541191564072,104.85398454224564,106.6815577720658,167884800
2012-07-11,105.23051452636719,105.57563737996111,104.61871018353136,105.2697352085432,141733400
2012-07-12,104.72064208984375,105.28538625312541,104.00687852298856,104.61868270513226,143583200
2012-07-13,106.4776611328125,106.58747186997483,104.97951952915494,104.99521019688461,129642600
2012-07-16,106.22662353515625,106.54037694463602,105.81091074000574,106.23447485068624,97525200
2012-07-17,106.9560775756836,107.17569895310751,105.53637796859768,106.65017551652402,138860300
2012-07-18,107.74828338623047,107.96006541941607,106.64233714285575,106.70507584971978,113349700
2012-07-19,108.03067779541016,108.3836399447784,107.62281627405888,107.9679271070938,129847300
2012-07-20,107.0423812866211,107.58359550044864,106.92473122642815,107.41887344770852,142904500
2012-07-23,105.95993041992188,106.97176859718509,104.97947356437784,105.47362764948163,145210900
2012-07-24,105.05008697509766,106.08545538994281,104.3441626693179,106.03839536535351,173301200
2012-07-25,105.0736312866211,105.54424351142342,104.51672639019738,105.26972270573967,129122300
2012-07-26,106.80707550048828,107.03454825491123,106.09329984394427,106.58745406285486,156526500
2012-07-27,108.77581024169922,109.0817243001828,106.78352698312199,107.37180115380214,236768900
2012-07-30,108.77581024169922,109.29349438433023,108.45422945776357,108.65032084799029,106782000
2012-07-31,108.0149917602539,108.92484675784296,108.0149917602539,108.62679596917982,120575900
2012-08-01,107.92086791992188,108.81504429054192,107.77183653007351,108.79151427829956,138293800
2012-08-02,107.17573547363281,107.90520184386934,106.34430969457834,107.10514542865003,199556600
2012-08-03,109.3013687133789,109.52882950780801,107.2071016925531,108.68171308745032,157825000
2012-08-06,109.51312255859375,109.94452603747368,109.4660625369831,109.59156390692442,86326200
2012-08-07,110.06220245361328,110.5328146997346,109.83472969478768,109.95237976420027,109545100
2012-08-08,110.19551849365234,110.32100788341333,109.6621437054122,109.69352502920364,89754700
2012-08-09,110.2896499633789,110.5092713788172,109.92883651317626,110.03864722089541,90291700
2012-08-10,110.47005462646484,110.5092753024291,109.66215896917487,109.84255971644653,99792700
2012-08-13,110.41516876220703,110.470068140497,109.84257315371593,110.28182802239266,79426900
2012-08-14,110.43083953857422,110.89362438881862,110.10140738705026,110.82302238112236,102379400
2012-08-15,110.55632781982422,110.74457987058906,110.24258637035193,110.31317640121283,71085900
2012-08-16,111.37208557128906,111.50542629870844,110.43868851088315,110.71320931375706,112014200
2012-08-17,111.52112579345703,111.61525782978595,111.27013495634911,111.56034647788803,90813700
2012-08-20,111.52896118164062,111.5524911952439,111.05833697263326,111.3642391179468,78255700
2012-08-21,111.19166564941406,112.2348733571049,110.94851422289769,111.8034698737035,105581100
2012-08-22,111.23875427246094,111.4191550403226,110.65047997126439,110.90931013153613,133243500
2012-08-23,110.32886505126953,110.97203860149371,110.15630366666744,110.96419925436412,111466400
2012-08-24,110.99562072753906,111.24662357516694,109.98379392316623,110.05438398588362,99481200
2012-08-27,111.01912689208984,111.4426911143256,110.86225613026888,111.29365970163049,68785900
2012-08-28,110.90931701660156,111.25443987635028,110.57204547451117,110.73675558672721,75689600
2012-08-29,110.99562072753906,111.29368361697853,110.68971848728918,111.00347204682402,65421300
2012-08-30,110.19551849365234,110.54848059126236,109.96020643908959,110.51709926747091,96589900
2012-08-31,110.72102355957031,111.23870759985084,110.09352884121206,110.8229829237713,151970400
2012-09-04,110.61905670166016,110.95634006341383,109.91313259524253,110.62689604738773,120226200
2012-09-05,110.52499389648438,110.96423685395415,110.3053724177495,110.6661740034684,100660300
2012-09-06,112.76824188232422,112.77608122941247,111.18382007227467,111.19165941936292,158272500
2012-09-07,113.20751190185547,113.25457193263503,112.85454970253701,112.95650911306883,107272100
2012-09-10,112.56430053710938,113.29376675309395,112.52509183272431,113.09767535729269,86458500
2012-09-11,112.87806701660156,113.23886852429442,112.60353424331628,112.63491557261935,88760000
2012-09-12,113.25458526611328,113.38008667528189,112.87024168871181,113.25458526611328,87640900
2012-09-13,114.98014068603516,115.3331027824248,112.94079747996815,113.23884824414677,225470200
2012-09-14,115.49002838134766,116.17242281918462,115.11352416804831,115.2076562056095,169777000
2012-09-17,115.09782409667969,115.45078625869375,114.80760065675976,115.2546948388559,119427800
2012-09-18,115.00367736816406,115.15270874313569,114.71346593383126,114.90171798144841,98326600
2012-09-19,115.0664291381836,115.43508192129154,114.83896838424013,115.13701916853132,128318300
2012-09-20,115.07430267333984,115.13704140011701,114.227186240192,114.5409277479632,154009800
2012-09-21,115.02618408203125,115.65702867912438,114.97887284291224,115.63337305956489,108737500
2012-09-24,114.85269165039062,115.11291547555004,114.37167404007029,114.45841531512343,95682000
2012-09-25,113.63044738769531,115.3179496621953,113.59889854198924,115.09715587168945,133165200
2012-09-26,112.99173736572266,113.6383565056306,112.72363227313932,113.6068196845346,146502200
2012-09-27,114.05626678466797,114.31649063036093,113.1651983462975,113.46485223510027,111830300
2012-09-28,113.5279541015625,113.99319739252736,113.12579648210564,113.62257659264375,150696100
2012-10-01,113.82756805419922,114.88422560802185,113.55945103636881,113.96162054693576,135911200
2012-10-02,113.94586944580078,114.45842390718055,113.41754056076572,114.27706014840368,113422200
2012-10-03,114.4111099243164,114.67921495822708,113.65410606005574,114.25340178862538,121283100
2012-10-04,115.2312240600586,115.3968134092837,114.68712070502599,114.84482885793206,124311600
2012-10-05,115.23907470703125,116.04340171569787,114.89210964320026,115.8462635687355,124842100
2012-10-08,114.84479522705078,115.22329708965792,114.58457143639674,114.81325841864906,78415400
2012-10-09,113.70929718017578,114.85269619118407,113.66986713861839,114.7580737173338,148872900
2012-10-10,112.98385620117188,113.80395793824994,112.83402922810788,113.69354898347679,124247500
2012-10-11,113.04693603515625,113.93800459795519,113.02328041245907,113.77240320671339,123601500
2012-10-12,112.6762924194336,113.51215633843539,112.43184301282277,113.12577322438308,124181900
2012-10-15,113.61470031738281,113.73297843635793,112.58169797045993,112.94442555689166,107689100
2012-10-16,114.76597595214844,114.84483604972023,114.07205762943516,114.1509056946454,108815500
2012-10-17,115.28645324707031,115.38108779486777,114.67138283202773,114.84486546523098,128834100
2012-10-18,114.98676300048828,115.53874749607006,114.60036783740125,114.98676300048828,148108500
2012-10-19,113.07057189941406,114.78172982554375,112.8024668674548,114.77384863014237,185645200
2012-10-22,113.08638763427734,113.29140708084333,112.19531890167035,112.88135615534756,125578600
2012-10-23,111.51709747314453,112.02177061161336,111.05185436769104,111.86406251190874,192056300
2012-10-24,111.20169830322266,112.05333661087603,111.02821575727333,111.91927207162182,120179400
2012-10-25,111.52503204345703,112.19530682844574,110.84688809339845,111.9902874039417,134457400
2012-10-26,111.4619369506836,111.8483201006805,110.70492101016121,111.42250690638427,146023500
2012-10-31,111.4619369506836,111.99814704960181,110.933596015321,111.85621332895647,103438500
2012-11-01,112.62901306152344,112.77094680913709,111.59601067934928,111.69851437517164,100995600
2012-11-02,111.62753295898438,113.33080990262687,111.5092548513818,113.29926105235891,137702200
2012-11-05,111.85617065429688,112.10850118329667,111.13069180657796,111.4618944264458,98378500
2012-11-06,112.73149108886719,113.17307864357927,112.07699095157663,112.19526903503221,107068100
2012-11-07,110.17662048339844,111.72217754616813,109.65617264226928,111.7064151502769,264304500
2012-11-08,108.8518295288086,110.72070795516842,108.76508823448505,110.16083014046887,181517300
2012-11-09,108.94645690917969,109.95580352293281,108.46543922353477,108.5206316622884,201055300
2012-11-12,109.03319549560547,109.45900869958292,108.78874606069614,109.28552612660977,97677500
2012-11-13,108.65464782714844,109.80593981531982,108.31557601474007,108.45750969462543,123018300
2012-11-14,107.18797302246094,109.15935496165747,106.94352358717823,108.98588442077981,191505000
2012-11-15,107.0066146850586,107.62957814758985,106.5965638518295,107.22740851086785,178128400
2012-11-16,107.53495025634766,107.74786289877416,106.21806841682421,107.16432944753043,239483900
2012-11-19,109.71134948730469,109.72711187922518,107.56648501481504,108.74142092798398,151495800
2012-11-20,109.7586898803711,109.94005369450996,108.88339560189095,109.53789601123768,119807400
2012-11-21,109.96369171142578,110.05832623473063,109.63250096076261,109.85329479453806,81710800
2012-11-23,111.4619369506836,111.50135496262274,110.42892273242614,110.49990162510899,65409200
2012-11-26,111.225341796875,111.46979116706136,110.54718610908834,110.90991355118511,100124400
2012-11-27,110.65760803222656,111.49347201586136,110.58664117301832,111.11497006772409,128646200
2012-11-28,111.54867553710938,111.61174916763049,109.60883050868848,110.20812625751809,177086500
2012-11-29,112.0691146850586,112.3766497809441,111.47770011355873,111.9666110080036,151085900
2012-11-30,112.0927734375,112.30568605825017,111.70639027403408,112.08489224130948,136568300
2012-12-03,111.54080200195312,112.6999756932829,111.45406070422227,112.6053531984354,124656300
2012-12-04,111.38310241699219,111.87200138786461,111.08344845039919,111.5329294002887,127512200
2012-12-05,111.58023834228516,112.10068615800915,110.68916969103311,111.47772261218,147300500
2012-12-06,111.9587173461914,112.00602858655058,111.31211034068242,111.47769968193951,103220600
2012-12-07,112.29781341552734,112.5186072492854,111.7142799792459,112.39243590646322,108726400
2012-12-10,112.34508514404297,112.61319012896406,112.09274254715915,112.14006580834283,98840700
2012-12-11,113.11003875732422,113.63836779780718,112.75519233101338,112.81038478150634,152570400
2012-12-12,113.16521453857422,113.98531623610741,113.00750637592908,113.55160976456212,145880100
2012-12-13,112.47126770019531,113.41752846851018,112.18738826646499,113.0942189960254,135715000
2012-12-14,112.0533447265625,112.43184665770268,111.87986216804836,112.22682728507664,137701700
2012-12-17,113.3702392578125,113.43332492560273,112.3135693627771,112.34511821285264,143238200
2012-12-18,114.63188934326172,114.7344050331648,113.38597477255814,113.55157611529712,177762800
2012-12-19,113.78026580810547,114.79750554728041,113.74084779829334,114.75807550510875,150895400
2012-12-20,114.43477630615234,114.45055073091294,113.53582661256792,113.85125494597686,168487000
2012-12-21,113.39604949951172,114.42844124499801,112.72103298270581,112.90368308517085,245883800
2012-12-24,113.04657745361328,113.21334116470032,112.91951130956018,113.14980809267378,53874600
2012-12-26,112.57015991210938,113.33254516287994,112.25250645961475,113.27694914395703,106947700
2012-12-27,112.41924285888672,112.83220194055983,111.11684463302491,112.60189294363272,167920600
2012-12-28,111.20416259765625,112.30802405223453,111.07709644459948,111.68859170320185,148806700
2012-12-31,113.09426879882812,113.21338578226305,110.81506286827958,110.91036857272675,243935200
2013-01-02,115.99286651611328,116.06433668852443,114.93665175892882,115.23843086603759,192059000
2013-01-03,115.73082733154297,116.23907999761849,115.42111105249225,115.93731292937638,144761800
2013-01-04,116.23908996582031,116.42968927608095,115.68319045801901,115.9214365664197,116817700
2013-01-07,115.92141723632812,116.03259711934896,115.4925718891775,115.8261236559384,110002500
2013-01-08,115.58788299560547,115.87377586784997,115.1352142321771,115.7149491872028,121265100
2013-01-09,115.88172912597656,116.19939464928365,115.65936931851193,115.84201942085059,90745600
2013-01-10,116.80290985107422,116.81084694290472,115.92140794999008,116.52495410693966,130735400
2013-01-11,116.7950210571289,116.8585420534355,116.4297086810025,116.77118553638586,113917300
2013-01-14,116.71556854248047,116.79498794189938,116.28672317393682,116.65203544648516,89567200
2013-01-15,116.7950210571289,116.90620097721913,116.10410601584455,116.1755762249663,93172600
2013-01-16,116.77909088134766,116.96174094194747,116.42966494441033,116.55673112469626,104849500
2013-01-17,117.53353118896484,117.86707083686377,116.85850268302994,117.2952851211232,133833500
2013-01-18,117.79560852050781,117.92267471420443,117.08087026923877,117.50971564354003,169906000
2013-01-22,118.43096160888672,118.43096160888672,117.51768671008229,117.7956425744364,111797300
2013-01-23,118.6214599609375,118.72470271052164,118.21645028730475,118.43087287578967,104596100
2013-01-24,118.65325927734375,119.23298198805948,118.33559386772829,118.44677373166961,146426400
2013-01-25,119.32040405273438,119.32040405273438,118.62155188510998,119.02657399030275,147211600
2013-01-28,119.17741394042969,119.38388739582494,118.73268230791241,119.35211479179617,113357700
2013-01-29,119.64592742919922,119.79681696698822,118.85971926173318,118.93913863457841,105694400
2013-01-30,119.17741394042969,119.86831660683126,119.0662219440269,119.63007054740721,137447700
2013-01-31,118.88353729248047,119.42356234456261,118.80413004090873,119.03442682346952,108975800
2013-02-01,120.1065444946289,120.24948483803827,119.43151611467279,119.63798953882947,131173000
2013-02-04,118.7564926147461,120.13037282168305,118.66913613984083,119.37593714806306,159073600
2013-02-05,119.9556884765625,120.29716524863211,119.35213009958439,119.39978901174015,113912400
2013-02-06,120.04303741455078,120.12244469441201,119.44742828594713,119.53478477618361,138762800
2013-02-07,119.88421630859375,120.19393258515335,119.01065136563109,120.08275269402168,162490000
2013-02-08,120.55126190185547,120.62273207235053,120.09065616250518,120.09065616250518,103133700
2013-02-11,120.52747344970703,120.63070413111424,120.22569426321033,120.50365005263617,73775000
2013-02-12,120.72603607177734,120.94839590455871,120.40043341745388,120.53543673609242,65392700
2013-02-13,120.82923126220703,121.19454351880721,120.4877545185512,120.9721837513805,82322600
2013-02-14,120.94042205810547,121.0833745601772,120.32893870135848,120.4639419924987,80834300
2013-02-15,120.79751586914062,121.1787024530724,120.35279616826973,121.05163621919414,215226500
2013-02-19,121.70281219482422,121.72663559321144,120.83719640622161,121.00396019493216,95105400
2013-02-20,120.18597412109375,121.65514810722611,120.12244102852442,121.61543840965797,160574800
2013-02-21,119.45537567138672,120.2495212446184,119.07418918919144,119.88422106684371,183257000
2013-02-22,120.62276458740234,120.62276458740234,119.51096568768529,120.03509253029522,106356600
2013-02-25,118.32767486572266,121.3930768603748,118.32767486572266,121.21042679548388,245824800
2013-02-26,119.13770294189453,119.28064330536765,118.1132485328793,118.89945688507487,186596200
2013-02-27,120.63868713378906,120.97222690390754,118.93126645335292,119.0345092813787,150781900
2013-02-28,120.40039825439453,121.40101720967893,120.24157157989362,120.63069511476607,126866000
2013-03-01,120.79751586914062,120.98016600677624,119.44747045786738,119.98748377529547,170634800
2013-03-04,121.44075012207031,121.44075012207031,120.32895107033642,120.51953826909032,99010200
2013-03-05,122.52870178222656,122.85430433994432,122.01251206307282,122.02839836575865,121431900
2013-03-06,122.69550323486328,123.02904295458151,122.42549662142963,122.96550984829695,94469900
2013-03-07,122.91783905029297,123.07666572614556,122.71136558345448,122.85430595641222,86101400
2013-03-08,123.44200897216797,123.60877278247867,122.82257629846778,123.45789527905049,123477800
2013-03-11,123.91055297851562,123.91849007316715,123.19582669342213,123.34671631571341,83746800
2013-03-12,123.63258361816406,123.96613544028719,123.25934632712233,123.8231829282772,105755800
2013-03-13,123.80728912353516,123.98200211779742,123.27521304744545,123.6961092287955,92550900
2013-03-14,124.46640014648438,124.5219961387445,123.81520724585968,124.13286054601369,126329900
2013-03-15,124.30213165283203,124.46963717287554,123.8873357933957,124.31808861670189,138601100
2013-03-18,123.61609649658203,124.15053901869909,123.00188134721417,123.11355572240886,126704300
2013-03-19,123.32894897460938,124.04685403184246,122.5153143172417,123.8793485318994,167567300
2013-03-20,124.1904525756836,124.39784441179908,123.84744480917323,124.0548488168854,113759300
2013-03-21,123.12955474853516,124.1505814338831,122.92216288706074,123.44862102335708,128605000
2013-03-22,124.11866760253906,124.11866760253906,123.42467965632551,123.5204092667394,111163600
2013-03-25,123.60013580322266,124.65307602747568,123.12153656895701,124.44567207152627,151322300
2013-03-26,124.5892105102539,124.62111224446937,123.9749956252044,124.11059929590049,86856600
2013-03-27,124.5892105102539,124.62909680671483,123.63997264379252,123.84736434516498,99950600
2013-03-28,124.97209930419922,125.1156875453276,124.23823765951386,124.50944501636921,102932800
2013-04-01,124.47758483886719,125.16358802273773,124.1744634731868,124.90832536288193,99194100
2013-04-02,125.091796875,125.4028906267712,124.73283224699281,124.9242792371571,101504300
2013-04-03,123.82349395751953,125.25931611262708,123.49645538264068,125.1635986928181,154167400
2013-04-04,124.3260498046875,124.57332795019072,123.71183455284024,123.98304205619242,131885000
2013-04-05,123.76766204833984,123.91922274311489,122.65889064691574,122.80246677569556,159666000
2013-04-08,124.60521697998047,124.61318937380527,123.44060238709535,123.8553981262646,86571200
2013-04-09,125.03594207763672,125.49062407301052,124.42172702429727,124.83652271228163,101922200
2013-04-10,126.5674819946289,126.72701505341594,125.3390640532174,125.37096579633793,135711100
2013-04-11,126.98235321044922,127.39714914727874,126.46385524651245,126.59148663809069,110142500
2013-04-12,126.6711654663086,126.86260024026703,125.96920550421986,126.57543590773895,116359900
2013-04-15,123.73571014404297,126.13672682541112,123.71976536013615,126.03302487206304,217259000
2013-04-16,125.56242370605469,125.62623936944615,124.36590740354971,124.66901659016757,147507800
2013-04-17,123.7277603149414,124.69295546730889,123.06568651435086,124.66901394390119,226834800
2013-04-18,122.95397186279297,123.9670253868627,122.48334520251399,123.93511148050436,167583200
2013-04-19,124.02289581298828,124.07873908103764,122.93805391281991,123.2411752614471,149687600
2013-04-22,124.57330322265625,124.86844002527334,123.44060254679226,124.26220946077525,106553500
2013-04-23,125.85759735107422,125.97724414772082,124.57333565681441,125.19552334257041,166141300
2013-04-24,125.93733978271484,126.27236290454617,125.66612015605664,125.89745346953625,96781200
2013-04-25,126.44781494140625,127.04607294449748,126.11279192026599,126.30422669143744,131060600
2013-04-26,126.22457122802734,126.5117357951786,125.81774765779622,126.29635932691507,95918800
2013-04-29,127.07005310058594,127.34923297737272,126.36809286803386,126.5675122821366,88572800
2013-04-30,127.37310028076172,127.40501418756385,126.51959193343659,127.04606185136937,116010700
2013-05-01,126.25643157958984,127.15781131974487,126.11285542890836,127.09399564002096,138874200
2013-05-02,127.4290542602539,127.5407286879216,126.45588617417845,126.57553299967964,96407600
2013-05-03,128.7212677001953,129.12809118384885,127.45296287002338,128.53780520710322,144202300
2013-05-06,129.04827880859375,129.23174124521262,128.7611143909497,128.81695766429988,66882100
2013-05-07,129.70242309570312,129.74229725086843,128.96057636701846,129.32751353300407,90359200
2013-05-08,130.29270935058594,130.33259568115648,129.4870590280976,129.55884712016504,97419200
2013-05-09,129.9257049560547,130.5797941257841,129.59865428539408,130.23679866991452,106738600
2013-05-10,130.34848022460938,130.4601545851998,129.6305631880202,130.01345714283806,103203000
2013-05-13,130.45216369628906,130.6675400139837,129.8778471350898,130.18095628680211,81843200
2013-05-14,131.80027770996094,131.89600730683068,130.5559024950117,130.5559024950117,119000900
2013-05-15,132.51019287109375,132.77342792747586,131.54500983595298,131.58489614842185,120718500
2013-05-16,131.8879852294922,132.70161962770175,131.6885658691579,132.2389652511352,109913600
2013-05-17,133.16433715820312,133.2440976372086,132.19914164093547,132.37463173498412,129801000
2013-05-20,133.1562957763672,133.67479344086442,132.9010453122208,133.03664902310987,85071200
2013-05-21,133.34774780273438,133.85028852862987,132.81330533195967,133.27595974806155,95804200
2013-05-22,132.3585968017578,134.86331536470158,131.7523663977199,133.4833247860879,244031800
2013-05-23,131.9757537841797,132.34269082817005,130.7712650146091,130.94675505674442,211064400
2013-05-24,131.8641357421875,131.9199790392661,130.80322264208664,131.19408920683932,151573900
2013-05-28,132.65377807617188,133.83433743391012,132.2629116976183,133.2440516692443,143679800
2013-05-29,131.79226684570312,132.25492121880924,131.0903068076674,131.95179989845894,160363400
2013-05-30,132.27891540527344,132.88514617152913,131.79233144433212,131.89603345666973,107793800
2013-05-31,130.38040161132812,132.66176003988997,130.1251511079196,131.9119411465621,176850100
2013-06-03,131.09832763671875,131.18607266574557,129.75025045057745,130.68353184753795,168390700
2013-06-04,130.4681396484375,131.69656990582166,129.80606581364358,131.17009979551418,157631500
2013-06-05,128.64144897460938,130.35645066620137,128.5297746156907,130.0932156405519,211737800
2013-06-06,129.8060760498047,129.81406061584704,127.82783895483715,128.58563026159214,200225500
2013-06-07,131.457275390625,131.57692216606145,130.13312760835328,130.69948407913998,188337800
2013-06-10,131.457275390625,131.93587466396545,131.1142676817161,131.86408659870358,105667100
2013-06-11,130.10118103027344,131.24982619346275,129.8140166965785,130.2607140664172,159505400
2013-06-12,129.02438354492188,131.13025244018223,128.9047367441219,130.99464867540982,177361500
2013-06-13,130.98666381835938,131.21798500176598,128.6654187308837,128.9525831970827,163587800
2013-06-14,130.16502380371094,131.35356779924052,129.94965961711506,130.8430546265045,141197500
2013-06-17,131.17005920410156,131.79224653407292,130.1968919092049,131.05040030428256,136295600
2013-06-18,132.20712280273438,132.40654225250657,131.2339549141184,131.24192731033426,114695600
2013-06-19,130.38040161132812,132.32673690764452,130.32457050841768,132.0954157585682,206149500
2013-06-20,127.14984893798828,130.39640374517973,126.81482568967932,129.11214187419617,321255900
2013-06-21,127.55794525146484,128.1112446995821,126.27490331045162,128.01502083660426,271956800
2013-06-24,125.94623565673828,127.04483320264431,124.87970868206789,126.22690515807474,222329000
2013-06-25,127.15705108642578,128.3839548132033,126.23486046933154,127.08487092202705,162262200
2013-06-26,128.4160614013672,128.70474543196312,127.70237202517214,128.19954531941934,134848000
2013-06-27,129.16978454589844,129.76319371543048,129.06553384741375,129.1858259385878,129483700
2013-06-28,128.6405487060547,129.42640576601704,128.19148752893335,128.80895276547488,160402900
2013-07-01,129.3943328857422,130.29245522384082,129.16980230121752,129.31413814726946,131954800
2013-07-02,129.27407836914062,130.1481449043319,128.70472498071237,129.20189819595848,154863700
2013-07-03,129.33016967773438,129.72310428868172,128.48015935315277,128.68864852688088,75216400
2013-07-05,130.7255096435547,130.77362160048625,129.34624311017788,130.28446297834677,122416900
2013-07-08,131.4712677001953,131.82410502767098,130.77361986196004,131.39909976575743,108092500
2013-07-09,132.4175567626953,132.57793408034283,131.7279232844065,132.29726459745592,119298000
2013-07-10,132.46560668945312,132.91466786293452,132.0165455159717,132.28918805187124,121410100
2013-07-11,134.26986694335938,134.40618819988163,132.45756877030271,134.00523900916974,135592200
2013-07-12,134.32601928710938,134.66281520372556,134.02130616407607,134.22979537836207,104212700
2013-07-15,134.83921813964844,135.0316781707049,134.46232489299567,134.69488229335548,69450600
2013-07-16,134.3341064453125,135.00769858111704,133.97325438941766,134.9275037971377,88702100
2013-07-17,134.6787872314453,135.10379225750583,134.50236866560954,134.8471912210138,92873900
2013-07-18,135.41661071777344,135.73737749475842,134.8793401318252,134.9675494659959,103620100
2013-07-19,135.65711975097656,135.70523168618385,134.9674867956823,135.13589080490348,103831700
2013-07-22,135.92173767089844,136.11419763362068,135.52880316883858,135.84956977337566,79428600
2013-07-23,135.63302612304688,136.18633769628758,135.56085824027434,136.1622817353634,80829700
2013-07-24,135.13595581054688,136.2104970003911,134.86330098655523,136.1543582249805,112914000
2013-07-25,135.46469116210938,135.58498326399567,134.67081957525326,134.8953501489094,111088600
2013-07-26,135.60906982421875,135.64916720055825,134.33405401423084,134.89538057498012,107814600
2013-07-29,135.19204711914062,135.5689403426745,134.80713931663738,135.26421503786028,79695000
2013-07-30,135.19204711914062,135.74535896798815,134.87129265638765,135.60102313054884,85209600
2013-07-31,135.288330078125,136.20249407301588,135.1119113917423,135.47276334625138,142388700
2013-08-01,136.85198974609375,136.9722696168495,136.24253910493374,136.31471926338625,110438400
2013-08-02,137.08445739746094,137.1004987831579,136.36275410899617,136.54718721853857,91116700
2013-08-05,136.88401794433594,137.09251930379588,136.60336092074834,136.77977950060125,54072700
2013-08-06,136.10618591308594,136.91611097285477,135.8014728999813,136.61940030125797,87495000
2013-08-07,135.66517639160156,135.8656510077868,135.1599886792944,135.67320320728865,84854700
2013-08-08,136.16236877441406,136.4670818862328,135.46470875367083,136.3067046322229,102181300
2013-08-09,135.76937866210938,136.40288507536582,135.29626167337037,135.98589459641178,91757700
2013-08-12,135.60906982421875,135.7694470935755,135.02368728486604,135.087840639809,68593300
2013-08-13,136.01002502441406,136.2425702396838,135.04774913046728,135.8496477480899,80806000
2013-08-14,135.31239318847656,136.16240386619384,135.2803103878061,135.94588778767988,79829200
2013-08-15,133.41990661621094,134.26189044344258,133.1873491462876,134.2458612797259,152931800
2013-08-16,132.97886657714844,133.62038800214,132.71423853048927,133.16329985718235,130868200
2013-08-19,132.12876892089844,133.28350427862458,132.12074210791718,132.82641643452655,96437600
2013-08-20,132.7783203125,133.27549333672852,132.20095256488122,132.34528838378748,89294400
2013-08-21,131.96043395996094,133.13922590140214,131.66373538830626,132.40949522603344,159530500
2013-08-22,133.1632537841797,133.35571381588917,132.2250340720945,132.2330486515827,101471400
2013-08-23,133.61228942871094,133.78069345378285,132.9306832224601,133.55616291101822,90888900
2013-08-26,133.11512756347656,134.1575978771371,133.02691825456688,133.74862188310223,89702100
2013-08-27,130.97409057617188,133.11515821896404,130.87786666647358,131.80004509708417,158619400
2013-08-28,131.43917846679688,131.90428103820685,130.74954530725785,130.91793713035497,108113000
2013-08-29,131.6476593017578,132.345306996581,131.03019410560475,131.15048620760783,119200500
2013-08-30,131.2306365966797,131.93631093390402,130.84572888364622,131.92026954369558,134928900
2013-09-03,131.82411193847656,132.77837324163025,131.27079994011004,132.49770383387855,142375100
2013-09-04,132.91464233398438,133.13917287759944,131.61557101221197,131.8561307118017,97389400
2013-09-05,133.0830841064453,133.43590917791542,132.8986386364491,132.99487477957769,63090500
2013-09-06,133.1471710205078,133.90095728217025,131.89621179306604,133.52406415133905,159756500
2013-09-09,134.4222412109375,134.50242371441064,133.47599467635965,133.47599467635965,87559300
2013-09-10,135.41661071777344,135.44066669654714,134.9274520893726,135.23217746850796,105847200
2013-09-11,135.84161376953125,135.84161376953125,134.99963005421694,135.23217525722728,94545900
2013-09-12,135.48074340820312,135.9699019619923,135.29631018706937,135.79348332056017,83209000
2013-09-13,135.7854461669922,135.88969686577974,135.3123290872599,135.625068947625,72727800
2013-09-16,136.57127380371094,137.31704545594837,136.3547578742233,137.25289213476705,106299200
2013-09-17,137.1808319091797,137.21290247694486,136.6916731577304,136.6916731577304,82523300
2013-09-18,138.76852416992188,139.1454174065867,136.78783409161912,137.13264453929182,203460600
2013-09-19,138.53598022460938,139.209584262849,138.39965894815614,139.1454309146357,146616900
2013-09-20,137.56739807128906,138.86474807876078,137.4545855617542,138.86474807876078,132867100
2013-09-23,136.93080139160156,137.5109835160245,136.49567094610495,137.3820637183181,104616500
2013-09-24,136.60842895507812,137.41423577356883,136.35057716689195,136.90657354331609,106333100
2013-09-25,136.21363830566406,136.9710990110926,136.09277214868786,136.69712752485214,117306500
2013-09-26,136.73741149902344,137.12419547197402,136.22169543654238,136.43926680066994,77146900
2013-09-27,136.10890197753906,136.29423419739675,135.75434482953827,136.05248956961051,99141800
2013-09-30,135.3836212158203,135.8106979155833,134.69062674713425,134.95654451605733,143937000
2013-10-01,136.4553680419922,136.58430012580797,135.3514162764652,135.48840200465435,127160000
2013-10-02,136.32643127441406,136.45536335380012,135.2385991306487,135.6576222408335,113350000
2013-10-03,135.0694122314453,136.13308374210717,134.44088353719724,136.01220527281743,176698000
2013-10-04,136.09274291992188,136.22972863362156,134.99684491468537,135.1741234372706,96878000
2013-10-07,134.91629028320312,135.73821704981256,134.77125089267065,134.90823663783192,96295000
2013-10-08,133.344970703125,135.06939760235707,133.24827777468045,134.89211903644744,178015000
2013-10-09,133.44166564941406,133.9251425500409,132.579446118386,133.60282461628967,168973000
2013-10-10,136.31837463378906,136.39089431598467,134.75510701860603,134.8034534734031,195955000
2013-10-11,137.19671630859375,137.24507506430263,135.99607156476984,136.108884070142,105040000
2013-10-14,137.7447052001953,137.85751773313032,136.24590309369086,136.35066197986046,112106000
2013-10-15,136.7454833984375,137.91390141363706,136.56015117977225,137.3981852823111,155485000
2013-10-16,138.6551971435547,138.727716812534,137.50288689978805,137.56735292631546,161676000
2013-10-17,139.58193969726562,139.66252534448827,138.06701805811292,138.09119129315104,129389000
2013-10-18,140.52468872070312,140.62138163055917,139.81557459338657,140.09761197465284,138316000
2013-10-21,140.53277587890625,140.8148133274328,140.21851155128874,140.57306869950185,104104000
2013-10-22,141.34658813476562,141.76559886058297,140.5568885374787,140.9436846937309,126663000
2013-10-23,140.66978454589844,140.92763648501642,140.17824160707247,140.86317042632606,105484000
2013-10-24,141.1370849609375,141.31436347683763,140.62136899531123,140.95175280181954,70350000
2013-10-25,141.78175354003906,141.82204635324476,141.15322500007932,141.42719645685352,93625000
2013-10-28,142.00741577148438,142.20081394819366,141.58033888993947,141.73344424287887,84979000
2013-10-29,142.76478576660156,142.82119814311835,142.12820382034982,142.32965551539144,87401000
2013-10-30,142.0557403564453,143.03882608588577,141.54809020121345,142.9340795149937,140002000
2013-10-31,141.65281677246094,142.53920945111736,141.44331136461483,141.94290780405396,133795000
2013-11-01,141.9912567138672,142.31357459523426,141.19350335837098,141.83815141674415,142805000
2013-11-04,142.49087524414062,142.5472753490999,141.80593427033165,142.37806273858112,85677000
2013-11-05,142.0396270751953,142.42641105706866,141.4755645400381,141.93486821308,85825000
2013-11-06,142.76478576660156,143.03070347953275,142.25712356049334,142.6519733092037,87348000
2013-11-07,140.9598388671875,143.14358165407327,140.82285312714544,143.03076914488324,157000000
2013-11-08,142.8615264892578,142.8776460730375,140.89536761552864,140.91147490366853,136713000
2013-11-11,142.88565063476562,143.0548631570261,142.55526693522054,142.72447945748104,62614000
2013-11-12,142.59564208984375,142.91796003930807,142.12020651526768,142.57952250367805,83990000
2013-11-13,143.73989868164062,143.78017920692352,141.8945932257774,141.8945932257774,103844000
2013-11-14,144.45703125,144.57789738753198,143.6351046278637,143.86878325897206,103435000
2013-11-15,145.08560180664062,145.14200192195545,144.50541958705355,144.690751816864,102818000
2013-11-18,144.5779266357422,145.44819988894812,144.2556086733587,145.32733372696484,104796000
2013-11-19,144.26361083984375,144.94048569669795,144.01381266378834,144.50535537318817,93891000
2013-11-20,143.81240844726562,144.98888004490718,143.41755850250001,144.55374957764127,124909000
2013-11-21,144.9727325439453,145.08554502606796,144.1266327802062,144.21527203727675,92841000
2013-11-22,145.69796752929688,145.71408711272045,144.8599336258643,145.02914621707342,81296000
2013-11-25,145.55296325683594,145.98809374906185,145.3434455087354,145.95586687008463,79486000
2013-11-26,145.59323120117188,146.0283739514403,145.3756721216791,145.62547037300584,86994000
2013-11-27,145.94778442382812,146.04448964110864,145.56905408655237,145.74633263998533,58800000
2013-11-29,145.85113525390625,146.4554907867263,145.68997623761652,146.10899951648562,55870900
2013-12-02,145.47238159179688,146.1976031972084,145.2467565458625,145.92363168366563,99726000
2013-12-03,144.8438262939453,145.35954234636517,144.376456700246,144.9969316103207,116563000
2013-12-04,144.8277130126953,145.43206836428718,143.71570752680222,144.32006287839408,123033000
2013-12-05,144.1911163330078,144.83576443588544,144.05413060918778,144.56984663236193,106934000
2013-12-06,145.80271911621094,145.9397048293897,145.1661247069014,145.58514778556753,127728000
2013-12-09,146.17340087890625,146.3909722354961,145.98001504695117,146.22981327698673,70124000
2013-12-10,145.64967346191406,146.14121642019498,145.56103416466198,145.835005703207,80976000
2013-12-11,144.0138397216797,145.73021270570257,143.83656118362848,145.70603947739014,130591000
2013-12-12,143.53843688964844,144.1266726881935,143.24027987205014,143.94939412496484,115565000
2013-12-13,143.5222930908203,143.96548942412403,143.2483216468288,143.83655734613754,107808000
2013-12-16,144.416748046875,144.89217128031646,144.1588838754651,144.19917668920297,96195000
2013-12-17,143.95742797851562,144.56984922025003,143.63511006912705,144.5456759918279,89886000
2013-12-18,146.41514587402344,146.43931910308544,142.88571917892682,144.17500314624834,234906000
2013-12-19,146.24595642089844,146.4151690511183,145.61742777451133,145.99614585497946,136531200
2013-12-20,147.09661865234375,147.44500328563038,146.2945465112687,146.3917643799095,197087000
2013-12-23,147.88246154785156,147.97158202744038,147.50978489676484,147.8176455297514,85598000
2013-12-24,148.20668029785156,148.27149638199901,147.88261223951832,147.89070961413526,45368800
2013-12-26,148.96005249023438,149.04107562946845,148.52255968059828,148.53875441852878,63365000
2013-12-27,148.95193481445312,149.21928394020773,148.79799828833194,149.15448027252967,61814000
2013-12-30,148.92759704589844,149.0896309036476,148.73314899916488,148.96809623854253,56857000
2013-12-31,149.63250732421875,149.63250732421875,149.01676112616758,149.1301984678259,86119900
2014-01-02,148.19845581054688,149.1301723133106,147.84197383469942,149.05724655469206,119636900
2014-01-03,148.17417907714844,148.74941371172457,147.96353621672114,148.44963797826006,81390600
2014-01-06,147.74476623535156,148.71698200639668,147.51791630085418,148.66027570396943,108028200
2014-01-07,148.6521759033203,148.90333032169139,148.22278047273844,148.33620544756394,86144200
2014-01-08,148.68460083007812,148.93575526656878,148.17418222534167,148.62788215737586,96582300
2014-01-09,148.7818145751953,149.17880818588506,148.10126469606624,149.16260108522135,90683400
2014-01-10,149.18685913085938,149.25167515094913,148.2713498453803,149.03292262844516,102026400
2014-01-13,147.20199584960938,149.2193414779922,146.9184271540029,148.8061530346556,149892000
2014-01-14,148.80609130859375,148.88711443441463,147.41257760874925,147.6880364567109,105016100
2014-01-15,149.6082000732422,149.83505002755044,148.8385297023824,149.1545001646257,98525800
2014-01-16,149.41378784179688,149.6082360046454,148.93578334915898,149.30036283740148,72290600
2014-01-17,148.7818145751953,149.4380599845266,148.5225627765538,149.1545037160873,107848700
2014-01-21,149.21929931640625,149.697316042143,148.30380215799119,149.64059737408806,88621200
2014-01-22,149.3164825439453,149.53523505381034,149.0005121907585,149.4704190374655,61270900
2014-01-23,148.09315490722656,148.5873663969162,147.30728978007647,148.56306192712782,132496900
2014-01-24,144.93345642089844,147.1776640058846,144.88484747923889,147.12905506422504,208677100
2014-01-27,144.22047424316406,145.44385681285388,143.49941285328634,145.0711677028252,180843100
2014-01-28,145.0792694091797,145.26560777269015,144.3095867639093,144.32579386233442,110463200
2014-01-29,143.68576049804688,144.65797627571578,143.30497402774745,143.8720988678548,216597300
2014-01-30,145.2089080810547,145.67881509762626,144.42303059707754,144.88484024457557,118938100
2014-01-31,144.3582000732422,145.25750244599578,143.33737536460063,143.4102887661334,194677900
2014-02-03,141.109375,144.51213638599648,140.83391613081236,144.18806858252796,254837100
2014-02-04,142.09779357910156,142.46237293758875,141.06076180445658,141.7413115886185,165012400
2014-02-05,141.91952514648438,142.2354955110724,140.7366668020847,141.60355478189635,164230500
2014-02-06,143.7910919189453,143.7910919189453,141.96008512555076,142.25175112791763,132877600
2014-02-07,145.573486328125,145.72742287606482,143.99363400368154,144.46354101651005,170787200
2014-02-10,145.8408203125,145.88944160455856,145.1926847671033,145.5896659342998,92218800
2014-02-11,147.43692016601562,147.80960933372947,145.86516507319908,145.96239532178333,117814100
2014-02-12,147.50985717773438,148.12559110781325,147.21819113456073,147.65568401812249,94717700
2014-02-13,148.2714080810547,148.4253446439296,146.50521719888187,146.51331456867652,100542200
2014-02-14,149.08966064453125,149.36511949389333,147.9959102523555,148.1336396770365,96498400
2014-02-18,149.2679443359375,149.47048984707172,148.7899275342391,149.21932302885187,80460900
2014-02-19,148.27947998046875,149.84312495724913,148.15794529017805,148.87900661461964,126524300
2014-02-20,149.1544952392578,149.49477015948366,147.93922236885342,148.48204276747998,104998100
2014-02-21,148.984375,149.79455704086408,148.91146158329747,149.43807496490038,118116400
2014-02-24,149.8107147216797,150.8153322090011,149.2354802229773,149.30029624835169,114063900
2014-02-25,149.75401306152344,150.3616494606869,149.2598016290414,149.93225406093626,117085000
2014-02-26,149.76210021972656,150.36973652730612,149.34080225166824,149.97274302255957,98677200
2014-02-27,150.54803466796875,150.58853388060575,149.37326080396693,149.54340447415106,93880800
2014-02-28,150.92874145507812,151.62549820234793,149.9241240723111,150.523650610442,150842000
2014-03-03,149.867431640625,150.24821809019593,148.8709114499405,149.60007015290114,167748500
2014-03-04,151.97390747070312,152.29797525415432,151.30145507576805,151.33385690915574,167545900
2014-03-05,152.1116180419922,152.3708821265312,151.86856105333484,152.10352067524732,88376900
2014-03-06,152.46002197265625,152.80840661345044,152.13595416194056,152.48433880273475,82516500
2014-03-07,152.52490234375,153.09203979531833,151.85244960859308,153.09203979531833,114513500
2014-03-10,152.44381713867188,152.50052343871363,151.56881927282157,152.28988061193982,74939200
2014-03-11,151.6903839111328,152.88946226306265,151.34201155864315,152.6707096449894,99009100
2014-03-12,151.73089599609375,151.78761467453904,150.61284079151804,150.95312813739542,104824400
2014-03-13,150.02947998046875,152.30610152925843,149.60819428869675,152.18456682546682,155014300
2014-03-14,149.6082000732422,150.531806990753,149.4299590573721,149.76213661989323,153919600
2014-03-17,150.96121215820312,151.3176942129153,150.29685699034934,150.3616730332421,98359500
2014-03-18,152.03872680664062,152.24127226630128,151.1070102747654,151.26905653240894,101804600
2014-03-19,151.22857666015625,152.26560864195244,150.26445809214343,152.05495340782747,176267300
2014-03-20,152.1116180419922,152.22504298838,150.62898400981356,150.89634546109744,117241000
2014-03-21,151.5216522216797,153.8164544560838,151.38331492922305,152.7504340600702,163128000
2014-03-24,150.89505004882812,152.2296242937265,150.23590844837983,152.0424511250663,121411000
2014-03-25,151.61122131347656,152.12389272654238,150.76491862261412,151.66004479720488,103852000
2014-03-26,150.52081298828125,152.44941540739282,150.48012260631222,152.20528553253993,119843000
2014-03-27,150.20335388183594,150.8218050830826,149.6499923506544,150.34169116039294,142383000
2014-03-28,150.94387817382812,151.70066666376567,150.54513254185719,150.63464636058725,101642000
2014-03-31,152.18080139160156,152.4167980445773,150.96831053767258,151.90412679296927,99745000
2014-04-01,153.18988037109375,153.27939421088394,152.17268329027638,152.6772090689357,89193000
2014-04-02,153.70252990722656,153.9059692945807,153.10034485055456,153.38516495963228,78774000
2014-04-03,153.49916076660156,153.9792749604057,153.02717968190987,153.9385845809225,77435000
2014-04-04,151.68443298339844,154.36983592406241,151.4403156026668,154.33729107895064,169381000
2014-04-07,150.00804138183594,151.57045415444048,149.69882200255,151.31819133833105,140803000
2014-04-08,150.6265869140625,150.87070434183556,149.39780458179288,149.94302086541887,112660000
2014-04-09,152.24595642089844,152.2947799062254,150.59402894355145,151.03346514541337,100254000
2014-04-10,149.04786682128906,152.31103080501325,148.8606936056731,152.23779559035867,172959000
2014-04-11,147.7051239013672,149.25940375427803,147.54237487974848,148.21779511557287,167251000
2014-04-14,148.86880493164062,149.21871471035846,147.6481686333057,148.86065940946747,132382000
2014-04-15,149.89413452148438,149.9999269737949,147.70512477938016,149.17803633871435,157093000
2014-04-16,151.46470642089844,151.47283952681371,150.26033622983206,150.92762342355442,105197000
2014-04-17,151.67625427246094,152.09941163342893,151.00083408261222,151.26124243303977,105255000
2014-04-21,152.2052001953125,152.25403607647112,151.52979238454628,151.7169531363145,68329000
2014-04-22,152.89691162109375,153.311923517907,152.27846032873288,152.35982863677876,85790000
2014-04-23,152.53884887695312,152.92131591533143,152.41679021234503,152.83994761124427,73869000
2014-04-24,152.84811401367188,153.30381635008726,152.11572461561227,153.28753771894173,88170000
2014-04-25,151.59486389160156,152.4411785595686,151.25308726617547,152.35166474693656,100380000
2014-04-28,152.07505798339844,152.73419979884733,150.5126445349748,152.21339531603945,135121000
2014-04-29,152.78298950195312,153.01897374265013,152.23777339962396,152.56327147305893,84098000
2014-04-30,153.2387237548828,153.39333971796967,152.31917350091877,152.53075846807263,101508000
2014-05-01,153.2549591064453,153.66997098203467,152.7666996153187,153.1654452803039,93019000
2014-05-02,153.03526306152344,153.91412282153638,152.80741191081154,153.23870247587024,98122000
2014-05-05,153.3282012939453,153.43399375246767,151.86343517075403,152.2865925878882,75883000
2014-05-06,151.99365234375,153.09223013420257,151.96110750132425,152.98643766664537,85454000
2014-05-07,152.8887939453125,152.96202915503147,151.3670586695092,152.50632684972697,106500000
2014-05-08,152.72607421875,153.8409309670839,152.23782693689625,152.75049837895463,93618000
2014-05-09,152.9539031982422,153.01899288750838,152.03435302115395,152.75046377265326,83679000
2014-05-12,154.44309997558594,154.5163476204394,152.98647885842803,153.63748763483454,86940000
2014-05-13,154.5814208984375,154.9557424935837,154.42680494598076,154.64651058867025,66454000
2014-05-14,153.84902954101562,154.5163168184762,153.62931148417408,154.44306918822426,72367000
2014-05-15,152.4981689453125,153.57233493514147,151.74951344495696,153.53977767771636,154956000
2014-05-16,153.02708435058594,153.09218643381024,151.9447854987682,152.58764839306005,97458000
2014-05-19,153.58865356445312,153.7107122691974,152.59586804267053,152.73420538036694,63839000
2014-05-20,152.62026977539062,153.5316744896049,152.2296695288642,153.51539585772022,111644000
2014-05-21,153.90599060058594,153.9792258101026,153.03526394203269,153.05967567853824,89093000
2014-05-22,154.28033447265625,154.5976995100597,153.68629477022586,153.94669080291055,61549000
2014-05-23,154.89877319335938,155.00455324402114,154.28030943430772,154.41864674437025,61092800
2014-05-27,155.8509063720703,155.89972985618869,155.38705843902707,155.47657229889722,72010000
2014-05-28,155.73692321777344,156.0949785249351,155.4765148427632,155.85084877760173,66723000
2014-05-29,156.54254150390625,156.56695323792064,155.69623908517897,156.09498476900586,64377000
2014-05-30,156.7947998046875,156.8924591548588,156.26586236049198,156.39606654941716,76316000
2014-06-02,156.97381591796875,157.04706352945007,156.21702740727815,157.01450627613528,64656000
2014-06-03,156.89248657226562,156.97385489184703,156.4449173552182,156.59138778063894,65047000
2014-06-04,157.20982360839844,157.2993374358825,156.46116814987485,156.62391717704,55529000
2014-06-05,158.2351531982422,158.39790222493775,156.81107748498502,157.38885080925232,92103000
2014-06-06,158.9919891357422,159.03266708864416,158.5037295313433,158.57696474691588,78696000
2014-06-09,159.1547088623047,159.5371759179628,158.82106527469563,158.96754809579812,65119000
2014-06-10,159.17095947265625,159.20350430664186,158.61759795927625,158.95937459241404,57129000
2014-06-11,158.61761474609375,158.780363767152,158.25955944959293,158.6013361189016,68772000
2014-06-12,157.4946746826172,158.52001742839607,157.14476479867938,158.43050357625597,106350000
2014-06-13,157.97474670410156,158.1293626150857,157.29932649224943,157.80385216644697,82017000
2014-06-16,158.10488891601562,158.43853236494763,157.59223029762873,157.77939098634297,87424000
2014-06-17,158.54441833496094,158.65834391926754,157.71438198246568,157.8852765674043,84834000
2014-06-18,159.7080841064453,159.7975979514545,158.19449426526288,158.54441653828323,105267000
2014-06-19,159.88710021972656,159.9847595816383,159.33375097570436,159.84640985367636,85929000
2014-06-20,160.21165466308594,160.3424827285105,160.01541256494906,160.28524077121813,100587000
2014-06-23,160.1626434326172,160.30164361353548,159.86828643877416,160.25258619397073,70611000
2014-06-24,159.1978302001953,160.66961543227083,159.0179446453607,159.87648707044283,96237000
2014-06-25,159.9173583984375,160.08088730400664,158.82987308554198,158.8625738760735,82782000
2014-06-26,159.8028564453125,159.95821324273888,158.7317279701559,159.94185661236418,84312000
2014-06-27,160.11361694335938,160.1626743724009,159.35318936384482,159.4267755074071,71445100
2014-06-30,160.0318603515625,160.39980357826684,159.87650349493092,160.0155037149544,70201200
2014-07-01,161.10293579101562,161.59353491484333,160.36704958172808,160.42427907618404,90470000
2014-07-02,161.26646423339844,161.4708784550265,161.045705857087,161.11929198252415,52475000
2014-07-03,162.05958557128906,162.1331716936203,161.6016997304011,161.72434326761987,52938800
2014-07-07,161.4954376220703,161.87973742932755,161.25832256990083,161.74892178491837,61696000
2014-07-08,160.45703125,161.25833170188,160.06454686517728,161.20108971708862,108143000
2014-07-09,161.17649841308594,161.32368311935264,160.51419842601626,160.85761277203565,72992000
2014-07-10,160.5387420654297,160.9639271185345,159.49214230121268,159.62297039085314,99040000
2014-07-11,160.7595672607422,160.87403875876763,160.08091035228506,160.44068148221004,64243000
2014-07-14,161.56900024414062,161.78158653584572,161.43817215242046,161.57717232120305,58658000
2014-07-15,161.26646423339844,161.97783420865275,160.55510673459807,161.66712059931285,111307000
2014-07-16,161.86338806152344,162.10867518468064,161.4218462869287,161.98603162310204,79986400
2014-07-17,160.02365112304688,161.9778507827125,159.7946956930584,161.3646080550795,145398000
2014-07-18,161.658935546875,161.82246441576146,160.45697902205734,160.54692177141285,124330000
2014-07-21,161.3563690185547,161.4871970839583,160.6122984325791,161.1519548450307,67592000
2014-07-22,162.05958557128906,162.35394253706752,161.78975731295435,161.90422877317633,67678000
2014-07-23,162.41934204101562,162.59105545420184,161.97781287010469,162.30487059104223,65612000
2014-07-24,162.4275665283203,162.76280891014906,162.26403761508513,162.57475128375143,56888000
2014-07-25,161.66717529296875,162.1087046714195,161.34828949840482,161.9697044508617,76837000
2014-07-28,161.7325897216797,161.96970480987252,160.76774777928472,161.69987644826523,69259000
2014-07-29,161.03756713867188,162.26405281752918,161.01303842321133,162.03510982225907,80466000
2014-07-30,161.0620574951172,161.82248492266098,160.39158530478142,161.60988613735938,104222000
2014-07-31,157.8814239501953,160.08092378930417,157.78330907978287,159.941923564067,183479000
2014-08-01,157.39894104003906,158.42918416259616,156.638526170725,157.44799845400084,189261000
2014-08-04,158.5355224609375,158.87076484057556,157.03103650667495,157.70150878949482,91340000
2014-08-05,156.99832153320312,158.2984056904794,156.42596410860835,157.8895771762751,152690000
2014-08-06,157.04737854003906,157.71785076052473,156.23789365685684,156.26242236757858,94818000
2014-08-07,156.19700622558594,157.9140908118847,155.8045343828295,157.75873399508706,135733000
2014-08-08,158.00405883789062,158.11034577443928,156.1316171354197,156.5486302316989,117014000
2014-08-11,158.4619140625,159.1650995148492,158.38832793383025,158.6009142421388,74544000
2014-08-12,158.24114990234375,158.74809322325737,157.75873529202562,158.3065639560834,73632000
2014-08-13,159.31228637695312,159.4921719144952,158.59275670324052,158.86257253309796,69047000
2014-08-14,160.06454467773438,160.06454467773438,159.42677315668448,159.57395791809583,57371000
2014-08-15,160.0318603515625,160.79227552165426,158.8789607616252,160.6451032215558,139951000
2014-08-18,161.37278747558594,161.44637361190075,160.824958777816,160.91490154768604,75424000
2014-08-19,162.21498107910156,162.337624645587,161.43820937962872,161.7652672078942,59135000
2014-08-20,162.64830017089844,162.84454230770794,161.96147140674546,161.9941721913203,72763000
2014-08-21,163.12254333496094,163.33512962673134,162.6564729367348,162.78730102849514,67791000
2014-08-22,162.86911010742188,163.27793863322938,162.50116692948643,162.99175367458153,76107000
2014-08-25,163.69493103027344,164.01381676535593,162.8363886738342,163.64587360586935,63855000
2014-08-26,163.80120849609375,164.20186486916006,163.76032315574753,163.80120849609375,47298000
2014-08-27,163.73577880859375,163.99743498065573,163.48230718969182,163.88295104803888,47874000
2014-08-28,163.64588928222656,163.75218869625556,163.03264646551844,163.19617538801586,58330000
2014-08-29,164.11195373535156,164.12829789347623,163.38423945219327,163.89935491516508,65907000
2014-09-02,164.0301513671875,164.34903705943867,163.41690869159257,164.32450835053123,72426000
2014-09-03,163.94021606445312,164.6842868723616,163.71127311993584,164.65975816233868,57462000
2014-09-04,163.70314025878906,164.8233265397042,163.25342633987717,164.21825576912659,85236000
2014-09-05,164.43905639648438,164.50447047618553,163.0490415130999,163.67045655557084,102177000
2014-09-08,164.0138397216797,164.5207956232088,163.5314250122434,164.2836680701248,64146000
2014-09-09,162.97540283203125,163.98111747085966,162.64016046026978,163.86664598738696,88591000
2014-09-10,163.5886688232422,163.69495576669377,162.52571205352214,163.06535627997027,67251000
2014-09-11,163.77670288085938,163.801231593235,162.81186111374646,162.9345171520805,66774400
2014-09-12,162.82003784179688,163.6295102641915,162.353967376153,163.61316610769742,117409300
2014-09-15,162.69735717773438,162.97536998996358,162.2067705516219,162.84454189908553,76401000
2014-09-16,163.923828125,164.21818506551173,162.30487119041163,162.39481393546944,116201000
2014-09-17,164.1446075439453,164.90502240215133,163.32695071931792,164.1609641738447,151266000
2014-09-18,165.01956176757812,165.04409048244028,164.43084765797215,164.64343401226316,94990000
2014-09-19,164.87081909179688,165.85659130292137,164.53400972144078,165.5444378325091,121649000
2014-09-22,163.59756469726562,164.60799305820626,163.25254496478962,164.58334968694203,125553000
2014-09-23,162.6610565185547,163.6879052953278,162.6117697828336,163.00607620337743,111393000
2014-09-24,163.9343719482422,164.04116824547012,162.2585600509073,162.68572017026568,107276000
2014-09-25,161.28919982910156,163.51541365493313,161.23170281148873,163.50719084186272,150300000
2014-09-26,162.57069396972656,162.9732232043375,161.3549085229412,161.58492164706885,103547000
2014-09-29,162.2749786376953,162.56250134145887,161.05098278029266,161.17419963346188,95112000
2014-09-30,161.84780883789062,162.8993010379308,161.51099941301544,162.3981983070698,131302000
2014-10-01,159.65444946289062,161.64242714866637,159.2929966955178,161.58491760168667,177798000
2014-10-02,159.6791229248047,160.23772273618704,158.01152123494995,159.51481706519604,157285000
2014-10-03,161.43701171875,161.78203129867975,160.25408028197867,160.7469600241192,121569000
2014-10-06,161.2480926513672,162.32424057218302,160.6648496341685,162.11064802945648,104778000
2014-10-07,158.7590789794922,160.7799234960903,158.7262253240421,160.4184706122452,147913000
2014-10-08,161.53565979003906,161.76567294959213,158.01973002569693,158.84941945588642,186461000
2014-10-09,158.33192443847656,161.50283503073726,158.2004847424251,161.28103211049782,210705000
2014-10-10,156.52462768554688,159.07942827749446,156.48356375692845,158.29081533332499,221909000
2014-10-13,153.95343017578125,157.0257545669811,153.8630669563472,156.4589444102898,230939000
2014-10-14,154.19166564941406,155.9332103291191,153.64948629059703,154.78313176179998,215847000
2014-10-15,153.14834594726562,154.18341765817033,149.44347963772088,152.10507649247734,380715000
2014-10-16,153.01686096191406,154.09299619402896,150.24025858181537,150.3799084748987,270391000
2014-10-17,154.8241729736328,155.8756652595581,154.12591069768982,154.78309651008732,214625000
2014-10-20,156.32748413085938,156.450700988959,154.49558914337516,154.54487588661502,130011000
2014-10-21,159.4244842529297,159.53126803190665,157.29684346647912,157.4611368097179,154949000
2014-10-22,158.2908172607422,160.1145019516581,158.22509742546504,159.70376238225862,151822000
2014-10-23,160.1309051513672,161.17418705428872,159.58051569220675,159.8762486515083,154944000
2014-10-24,161.3631591796875,161.41245846271576,159.76950000223232,160.39381970469586,117927000
2014-10-27,161.141357421875,161.37958086650323,160.21308194619033,160.7881148597562,82954000
2014-10-28,162.9896697998047,162.9978800782127,161.6095784059101,161.68352105068703,106736000
2014-10-29,162.74322509765625,163.57291447662246,161.66708948159052,163.10467790743206,142557000
2014-10-30,163.78646850585938,164.25470496481606,162.15993124479303,162.3078039661506,113330000
2014-10-31,165.65948486328125,165.7909245328237,164.92836893676946,165.75805834804967,146903000
2014-11-03,165.74984741210938,166.30844720328497,165.3719614973672,165.8730642675814,93600000
2014-11-04,165.1748046875,165.61018759726343,164.34510279416602,165.30623181391417,93343000
2014-11-05,166.2180633544922,166.4234331112912,165.48694752167876,166.38235665297634,91709000
2014-11-06,166.88343811035156,166.97380129322747,165.6430094497584,166.2591186417013,107089000
2014-11-07,167.03955078125,167.25314336131757,166.43987457097933,166.89990084377743,89540000
2014-11-10,167.5652618408203,167.6145485690591,166.86701229948218,167.07238202365926,66319000
2014-11-11,167.72962951660156,167.83642583167497,167.29424651099592,167.63105601639765,54499400
2014-11-12,167.5489044189453,167.77891759390883,167.01493541402596,167.047801601751,90120300
2014-11-13,167.73779296875,168.26353900840627,166.9327470875082,167.71314960242034,85357900
2014-11-14,167.7788848876953,167.98425464921996,167.35171227398692,167.66387832263254,80417500
2014-11-17,167.8856964111328,168.0582125546518,167.29423039732146,167.4585362615405,80441000
2014-11-18,168.85504150390625,169.1589847777636,167.94319914755718,167.94319914755718,76068100
2014-11-19,168.5839385986328,168.85502820048956,167.8281793456274,168.65786870783663,82373000
2014-11-20,168.879638671875,168.9864349431047,167.72956065760297,167.79528047568485,72840300
2014-11-21,169.78330993652344,170.73622878823045,169.20827702076141,170.5719354601238,142327300
2014-11-24,170.25967407226562,170.3664703164136,169.97216404268556,170.18574399621107,65880800
2014-11-25,170.13653564453125,170.69513541170875,169.8818791309782,170.4897656382271,79108300
2014-11-26,170.57191467285156,170.6704881507471,170.07081193558938,170.28439198262168,62167800
2014-11-28,170.21041870117188,170.76080803777833,169.97219534508986,170.44865459202666,57890100
2014-12-01,169.02749633789062,169.6682488861552,168.7153428751293,169.5532423399224,103968400
2014-12-02,170.12008666992188,170.3254564242295,169.04395116291388,169.0685945306488,74507200
2014-12-03,170.7772979736328,170.9908780375887,170.12833496810504,170.29262828920778,68952000
2014-12-04,170.58834838867188,171.08945112776877,169.79972295829236,170.48976237563946,91316600
2014-12-05,170.86766052246094,171.2537567196929,170.4979974177091,170.76086422350582,91025500
2014-12-08,169.7257843017578,170.96621313485872,169.1671720386272,170.47333323362324,108588200
2014-12-09,169.6107940673828,169.71759036358128,167.50780953618442,167.8856829100341,125180100
2014-12-10,166.8916778564453,169.20824213513163,166.7027286600397,169.1507451227983,159856400
2014-12-11,167.73779296875,169.38075090952267,167.34348657270138,167.48313649349413,159012800
2014-12-12,165.02694702148438,167.43388746481128,164.9940933705714,166.46453554338706,202330200
2014-12-15,163.893310546875,166.37418123860553,163.29363424109798,165.92236517201553,189965800
2014-12-16,162.5789337158203,166.26736689853817,162.53785725335305,163.12932321550753,259543800
2014-12-17,165.7662811279297,166.21809719181957,162.89110394743852,163.01433334746906,253910100
2014-12-18,169.8654022216797,174.9503585069581,167.51597211770653,168.1895908176554,257633900
2014-12-19,170.5881805419922,171.2572489465312,169.83650580930632,170.5138298050776,245084600
2014-12-22,171.3729705810547,171.3729705810547,170.5387017330833,170.77824003067204,148318900
2014-12-23,171.60421752929688,172.0007002789563,171.31510790944475,171.95114151074378,122167900
2014-12-24,171.6207275390625,172.0915484032343,171.57942436754888,171.82723079267222,42963400
2014-12-26,172.1741180419922,172.51278633066443,172.01717358607308,172.06673233974107,57326700
2014-12-29,172.4054412841797,172.61194454246333,171.92635221248656,171.99243476761237,79643900
2014-12-30,171.4803009033203,172.11632182757245,171.4059501555861,171.984169328845,73540800
2014-12-31,169.77870178222656,171.9676437341075,169.65480487723386,171.80244365946461,130333800
2015-01-02,169.68777465820312,170.88550309811347,168.65525883342033,170.4724967682004,121465900
2015-01-05,166.623291015625,168.8122197362849,166.31767033491698,168.64701970898204,169632600
2015-01-06,165.0539093017578,167.44934175106874,164.2609313452381,166.92894957322903,209151400
2015-01-07,167.11065673828125,167.44932502984875,165.9294644192436,166.3755058100245,125346700
2015-01-08,170.07601928710938,170.29079066750828,168.49834452192908,168.51485570199497,147217800
2015-01-09,168.71316528320312,170.5056120873232,168.10191108942752,170.48908829723226,158567300
2015-01-12,167.3914794921875,169.00221444503197,166.78849371110647,168.8452700051996,144396100
2015-01-13,166.92071533203125,169.72915460451395,165.62386881945937,168.60577637472915,214553300
2015-01-14,165.91299438476562,166.11124206931527,164.0214299016989,164.91351297227266,192991100
2015-01-15,164.39312744140625,166.86289849504993,164.2774861138506,166.54902209394717,176613900
2015-01-16,166.54896545410156,166.7059099032591,164.004844509121,164.18656833404498,211879600
2015-01-20,166.90415954589844,167.4493310684787,165.34299571593226,167.1850008985163,130991100
2015-01-21,167.74673461914062,168.22582370893434,165.97906716560615,166.44163246500446,122942700
2015-01-22,170.24127197265625,170.3734244640465,167.12719965980176,168.49838416512793,174356000
2015-01-23,169.30787658691406,170.24127526039032,169.17571148901422,169.98520065672528,117516800
2015-01-26,169.70433044433594,169.79519235821022,168.38271750174832,169.09308902732297,92009700
2015-01-27,167.4658660888672,168.60575536241527,166.63985315825929,167.655845533799,134044600
2015-01-28,165.31825256347656,168.74620170511815,165.12827308965936,168.64708417164115,168514300
2015-01-29,166.84637451171875,167.10243653138437,164.1122608271368,165.51649304484636,173585400
2015-01-30,164.74827575683594,166.99503192642172,164.48395817427368,165.6734188056964,197729700
2015-02-02,166.7885284423828,166.87939036836673,163.43491798072392,165.24388830461308,163107000
2015-02-03,169.2004852294922,169.20875342530874,167.30892116918625,167.68062446617702,124212900
2015-02-04,168.5561981201172,169.64654124823144,168.10188848340294,168.44055681294967,134306700
2015-02-05,170.25779724121094,170.40648613676643,169.14268724235677,169.2170253881554,97953200
2015-02-06,169.78701782226562,171.1829821636841,169.26662546674098,170.6212866268706,125672000
2015-02-09,169.02703857421875,169.86130713891177,168.622287680321,169.1426798861956,87219000
2015-02-10,170.82772827148438,171.08379025750745,169.068316736097,170.05954231341522,96164200
2015-02-11,170.9268341064453,171.35636432033186,170.0182275279404,170.6625165467923,91087800
2015-02-12,172.5706329345703,172.62845989396322,170.9599101194834,171.719840560346,97545900
2015-02-13,173.28097534179688,173.33053409635758,172.43843870239692,172.69451327422047,93670400
2015-02-17,173.5535888671875,173.72705713986363,172.7193202893553,172.9671141018099,76968200
2015-02-18,173.57009887695312,173.64443701478808,172.91754161207228,173.1818717963169,80652900
2015-02-19,173.4462127685547,173.80966051892923,172.83497119197804,172.9753918948121,91462500
2015-02-20,174.4870147705078,174.56135292583096,172.41371378745657,173.0332236230692,140896400
2015-02-23,174.4622039794922,174.4622039794922,173.85920543986055,174.2391769497112,74411100
2015-02-24,174.95779418945312,175.15604182724803,174.09047810454112,174.38784325925505,72472300
2015-02-25,174.8091278076172,175.3129962204007,174.47045946703403,174.83390718824936,73061700
2015-02-26,174.6026153564453,174.87520113297848,173.99961684898244,174.7182566612815,72697900
2015-02-27,174.0079345703125,174.76786516180445,173.958375797557,174.50353490182786,108076000
2015-03-02,175.1064910888672,175.16430544173227,174.05745110558516,174.1070098663145,87491400
2015-03-03,174.3878631591797,175.15606181483415,173.52881517195365,174.67697275512717,110325800
2015-03-04,173.65267944335938,173.86745085276726,172.68624591289165,173.79310011661133,114497200
2015-03-05,173.8426971435547,174.12353853152536,173.33882872209776,173.97484964121526,76873000
2015-03-06,171.39768981933594,173.41316346565193,171.06728967572505,172.98363319579175,188128000
2015-03-09,172.10809326171875,172.46327285150772,171.43902465475077,171.59596916334027,89818900
2015-03-10,169.31613159179688,170.82773680839537,169.27482842335175,170.74514307546252,157121300
2015-03-11,168.919677734375,169.74569082843064,168.83707138338562,169.57222253293673,110145700
2015-03-12,171.0673065185547,171.13337647061587,169.497874171987,169.5474329380123,93993500
2015-03-13,170.0182647705078,171.75288458432593,168.98574847515465,170.7947190412468,162410900
2015-03-16,172.289794921875,172.3806568570192,170.0430385291803,170.74515462838175,136099200
2015-03-17,171.7776641845703,172.15762309564545,170.96816239253445,171.55463715174756,94510400
2015-03-18,173.8426971435547,174.51176564005567,170.67079772450302,171.30683124757832,228808500
2015-03-19,173.04969787597656,173.850931375652,172.66147081514595,173.42966934545456,117917300
2015-03-20,174.57717895507812,175.083296458346,173.81385647904116,173.99639149072578,177715100
2015-03-23,174.23703002929688,175.1579976944319,174.23703002929688,174.5855025701291,71784500
2015-03-24,173.2579803466797,174.5688953590549,173.191602819688,174.11257043384242,77805300
2015-03-25,170.71910095214844,173.69773415857858,170.6776260721813,173.46541912579568,159521700
2015-03-26,170.3125457763672,171.22520830472868,169.35838305008411,170.05534076691788,153067200
2015-03-27,170.70245361328125,170.87668349401707,170.0054961096926,170.1963361926901,118939000
2015-03-30,172.78506469726562,173.08375727229875,171.71475702185867,171.7313419103126,96180400
2015-03-31,171.27499389648438,172.66060427186957,171.21692146997367,171.963646532205,126768700
2015-04-01,170.66932678222656,171.26671193265366,169.6819815291534,171.24182193973758,137303600
2015-04-02,171.2832794189453,171.73131187302016,170.4203842819018,170.6029193047295,86900900
2015-04-06,172.43655395507812,172.950963908092,170.26274398824668,170.39548636758687,114368200
2015-04-07,171.98023986816406,173.20819250095542,171.94705743385904,172.461467457011,81236300
2015-04-08,172.56103515625,173.0007752267654,171.81431007882907,172.2042701655457,89351900
2015-04-09,173.3243865966797,173.5567016665092,171.9056061816652,172.3951263173616,85548900
2015-04-10,174.2701873779297,174.3116749111512,173.37412249347702,173.57324239659198,72722900
2015-04-13,173.48196411132812,174.75970915796123,173.4321841386416,174.1291290766868,74436600
2015-04-14,173.81393432617188,173.9964694196096,172.66065132320944,173.2829265980501,75099900
2015-04-15,174.5938262939453,175.0999439782576,174.1955736988178,174.278548792071,99529300
2015-04-16,174.54405212402344,175.05016982521738,174.06282441959135,174.26195705390805,68934900
2015-04-17,172.5361328125,173.5981479249098,171.7562126949012,173.35754046703426,191113200
2015-04-20,174.1125946044922,174.4444696253035,173.37416192199962,173.4571243470922,92189500
2015-04-21,173.90516662597656,174.95058431814448,173.60647404818283,174.79293925483387,72559800
2015-04-22,174.75973510742188,174.94227014118775,173.3243448273341,174.24531243943684,78264600
2015-04-23,175.19949340820312,175.84665853711883,174.24533060310532,174.36148812213582,102585900
2015-04-24,175.60604858398438,175.87155873444283,175.1580160303617,175.6143536888242,61327400
2015-04-27,174.87588500976562,176.29466502117256,174.68504488080637,176.17021507638887,79358100
2015-04-28,175.4317169189453,175.48149687824116,173.68104994249853,174.8509296268047,86863500
2015-04-29,174.70997619628906,175.30734868948554,173.9051659940532,174.54402602905753,125684900
2015-04-30,172.95928955078125,174.52742224365647,172.26233184044423,174.13746218128156,161304900
2015-05-01,174.83444213867188,174.87592968427109,173.63967172265475,173.7392317039157,103399700
2015-05-04,175.33229064941406,175.91307838426684,175.1497555527142,175.25760799332912,70927200
2015-05-05,173.3243865966797,175.4484299868982,173.1833390657276,175.09165227666028,113326200
2015-05-06,172.61080932617188,174.17894206411373,171.5487941735033,173.87195706754807,135060200
2015-05-07,173.29953002929688,173.72268536399957,172.17944201089236,172.51131712888832,88244900
2015-05-08,175.58106994628906,175.78020245859915,174.88412514352538,174.96710018870817,155877300
2015-05-11,174.7431640625,175.80517933263093,174.66849408105816,175.53968184520852,75708100
2015-05-12,174.220458984375,174.75977175549593,173.09206611183717,173.91347393603724,119727600
2015-05-13,174.253662109375,175.24929994623557,174.02134703611495,174.62702471566996,94667900
2015-05-14,176.07069396972656,176.1619615027784,174.9920811228103,175.26588372196588,95934000
2015-05-15,176.26148986816406,176.40253736481634,175.7802622947641,176.26148986816406,76510100
2015-05-18,176.80909729003906,177.05799719315343,176.02917716636372,176.09555469393385,74549700
2015-05-19,176.75099182128906,177.19903691566,176.46889685681396,176.92523439359275,72114600
2015-05-20,176.62657165527344,177.37329672479893,176.31128154758866,176.85058157999936,76857500
2015-05-21,177.1409454345703,177.3483704292244,176.31953789806212,176.48548802195896,64764600
2015-05-22,176.71783447265625,177.17415941398292,176.65145694332057,176.75930935079924,57433500
2015-05-26,174.81784057617188,176.65148370371313,174.40299045014385,176.228328472623,124308600
2015-05-27,176.47720336914062,176.7095183772556,174.8675831984737,175.27414079278412,93214000
2015-05-28,176.27806091308594,176.38591330006497,175.58940841986788,176.1701958658901,74974600
2015-05-29,175.18292236328125,176.25323018911732,174.91742484828134,176.21175530193312,124919600
2015-06-01,175.5396728515625,176.17853287368334,174.75144755376922,175.84665786635355,93338800
2015-06-02,175.36541748046875,176.0540700977669,174.46104739012816,175.0833224787473,91531000
2015-06-03,175.83006286621094,176.45233800913786,175.34054279222792,175.89644040068288,87820900
2015-06-04,174.34486389160156,175.78024133719322,174.02957384242922,175.12478391204863,151882800
2015-06-05,174.0462188720703,174.7182740253216,173.3907486078771,174.19555883491697,121704700
2015-06-08,172.97593688964844,174.08774505411898,172.90126689165203,173.93839239790267,89063300
2015-06-09,172.9509735107422,173.49028614130725,172.32040602815917,172.9509735107422,105034700
2015-06-10,175.0252227783203,175.40689037129914,173.65622276176234,173.71429518187028,134551300
2015-06-11,175.5894317626953,175.971086709297,175.2326541454266,175.46496915471943,73876400
2015-06-12,174.2453155517578,175.46497572633368,173.97151299621842,174.7680306723529,135382400
2015-06-15,173.4985809326172,173.78067591599498,172.40337077095992,173.1086208896227,124384200
2015-06-16,174.44442749023438,174.52740255550577,173.17498748493023,173.3492173976957,85308200
2015-06-17,174.7265625,175.33225276281615,173.70603479640596,174.7265625,126708600
2015-06-18,176.54356384277344,177.0081938141268,174.7597139184238,175.32390383786228,165867900
2015-06-19,175.75987243652344,176.37684161534378,175.38469380583308,176.3018084335659,130478700
2015-06-22,176.66033935546875,177.24395207329624,176.4519053332587,176.67701763935042,70696000
2015-06-23,176.78536987304688,177.11887189486686,176.39352567033555,176.8687485589522,68476800
2015-06-24,175.5014190673828,176.89375658989982,175.47640800639996,176.5185779533559,92307300
2015-06-25,174.9678192138672,176.1267116240838,174.8927860349281,176.00165632585197,97107400
2015-06-26,174.93447875976562,175.56811348606794,174.38420999329747,175.3263229424074,104174800
2015-06-29,171.2660369873047,174.94281557284336,171.19100380518373,173.45876660249095,202621300
2015-06-30,171.62454223632812,172.8501350423014,171.14930666095873,172.80010020136746,182925100
2015-07-01,173.00025939941406,173.44213856230434,172.21654534544123,173.1920151609804,135979900
2015-07-02,172.84182739257812,173.64221963939704,172.4249593461065,173.47547496516904,104373700
2015-07-06,172.34986877441406,173.12523697625988,171.35772111861647,171.5578222941568,117975400
2015-07-07,173.4337615966797,173.55881690458054,170.17385087151584,172.55000349604325,173820200
2015-07-08,170.52403259277344,172.38326041458043,170.29058751747044,172.09979321197,164020100
2015-07-09,170.83251953125,172.87518312654962,170.72414249051633,172.61671425266942,144113100
2015-07-10,172.9835968017578,173.4004649345028,170.87424506781258,172.82518487582578,129456900
2015-07-13,174.89280700683594,175.0011840376992,174.20080458943872,174.24249393444856,106069400
2015-07-14,175.6514892578125,175.95998021965312,174.79274222056702,174.85110984533196,81709600
2015-07-15,175.59315490722656,176.15175654972325,175.11791923897846,175.693199165046,97914100
2015-07-16,177.0021514892578,177.0021514892578,176.401860564588,176.6436384017293,106683300
2015-07-17,177.1521759033203,177.2105435146903,176.58524167640402,176.99376406880003,89030000
2015-07-20,177.24392700195312,177.7358281715561,176.92711598383323,177.3773278105306,70446800
2015-07-21,176.54364013671875,177.36904355357132,176.24349459620916,177.11057464556754,77965000
2015-07-22,176.22677612304688,176.56027815967443,175.82658640089568,175.8599302436575,88667900
2015-07-23,175.23463439941406,176.4602273932913,174.87613400945932,176.36018313968574,90509100
2015-07-24,173.41705322265625,175.39300307541941,173.08356397825546,175.33464818245892,117755000
2015-07-27,172.4082489013672,173.04189635575844,171.96636987227896,172.53331692506057,132361100
2015-07-28,174.52590942382812,174.66764297743268,172.41655895358676,173.24194921997795,123544800
2015-07-29,175.72650146484375,175.95160097542293,174.50924157613866,174.6509751382141,105791300
2015-07-30,175.76821899414062,175.9349636396938,174.6009810316665,175.21795021419427,91304400
2015-07-31,175.5014190673828,176.2934656827091,175.21795189504306,176.26845462172625,103266900
2015-08-03,174.90948486328125,175.52645413611395,173.95902625052986,175.46809922643948,113965700
2015-08-04,174.56765747070312,175.293003760113,174.08408903716236,174.8344463902207,81820800
2015-08-05,175.14288330078125,176.1767075371848,174.85940346395583,175.4596942497766,85786800
2015-08-06,173.70887756347656,175.4347042383865,173.1252522637311,175.32631450183948,116030800
2015-08-07,173.3754119873047,173.70056854343548,172.47497551144963,173.55050215836098,117858000
2015-08-10,175.55982971191406,175.64319569501873,174.48430293888842,174.48430293888842,80270700
2015-08-11,173.97569274902344,174.64268410548195,173.21698992202937,174.22581609792064,126081400
2015-08-12,174.18406677246094,174.36748965037035,171.21596961617797,172.6750071402225,172123700
2015-08-13,173.9673309326172,174.7093553533563,173.42539498015836,174.025685828599,89383300
2015-08-14,174.6009521484375,174.67598531825396,173.6338155536956,173.77554911505968,72786500
2015-08-17,175.5764617919922,175.5764617919922,173.55048941147336,174.00904675741438,79072600
2015-08-18,175.06787109375,175.6514837139726,174.83442604566096,175.30131614183904,71692700
2015-08-19,173.6839141845703,175.09291753748343,172.87518913247618,174.3258818356443,172946000
2015-08-20,170.05711364746094,173.65884614356457,169.998746027617,172.17479724965054,194327900
2015-08-21,164.93795776367188,170.03208410082271,164.67950169657928,168.18952235257711,346588500
2015-08-24,157.99295043945312,164.64615924941685,152.07342055854252,156.31714588799085,507244300
2015-08-25,156.13372802734375,162.95368169086757,155.84191536900306,162.93700341049941,369833100
2015-08-26,162.12832641601562,162.4034481318135,157.05086393563715,160.1440304415734,339257000
2015-08-27,166.1385955810547,166.26365090686062,162.75362906333933,164.26268936314614,274143900
2015-08-28,166.1469268798828,166.6138170544639,165.01304528941307,165.49661374788724,160414400
2015-08-31,164.80458068847656,166.02184075075263,164.25431191833255,165.17142653523922,163298800
2015-09-01,159.88555908203125,162.3867671258326,159.0184665026377,161.01109506866067,256000400
2015-09-02,162.92034912109375,162.96203846399754,160.4274739883416,162.2616905798971,160269300
2015-09-03,163.0370635986328,165.1214034229012,162.54516245333764,163.62900898451664,152087800
2015-09-04,160.56924438476562,161.62809287260038,159.75218650811885,160.7860239288382,207081000
2015-09-08,164.6044921875,164.75457128266729,162.72025340947818,163.3622336908571,116025700
2015-09-09,162.40342712402344,166.3053181540487,162.03659397647715,166.18026284486263,149347700
2015-09-10,163.28721618652344,164.42943054395593,161.95323337119268,162.2116895202348,158611100
2015-09-11,164.02919006347656,164.09589045579688,162.18662830079998,162.89530883762922,119691200
2015-09-14,163.42059326171875,164.25432928458272,162.9370248418414,164.20430715869924,79452000
2015-09-15,165.46324157714844,165.90512061114862,163.37890171043026,163.92082498705662,113806200
2015-09-16,166.8972930908203,167.0890615612163,165.42158929428368,165.76342416223778,99581600
2015-09-17,166.5220947265625,169.1567036506817,166.14691605513212,166.7638853009481,276046600
2015-09-18,163.8008575439453,166.5078213622885,163.3902112311698,164.01876403278732,223657500
2015-09-21,164.6473388671875,165.66977312973452,163.5997507243054,164.63057387627785,105726200
2015-09-22,162.51025390625,162.97119523935484,161.37885361480554,162.4851128142571,153890900
2015-09-23,162.2504425048828,163.1471712270909,161.67217185447925,162.67785382616628,92790600
2015-09-24,161.66375732421875,162.12469855128106,159.70267587228614,161.0352045931169,159378800
2015-09-25,161.6219024658203,163.42374894153775,160.7503019768851,163.1220430473588,155054800
2015-09-28,157.56564331054688,160.8341262073183,157.25556129169289,160.7251729410433,178515900
2015-09-29,157.6577606201172,159.01544302861777,156.66045504434516,157.78347882183303,159045600
2015-09-30,160.5994110107422,160.7670225082803,158.76403506104677,159.5434342791708,163452000
2015-10-01,161.01846313476562,161.32016897733686,159.082522639908,160.97655705897594,131079000
2015-10-02,163.42373657226562,163.44887766254922,158.495878269638,159.04063173097632,211003300
2015-10-05,166.3318634033203,166.55814603288178,164.53839293436835,164.64734619822048,126320800
2015-10-06,165.76194763183594,166.7592535071073,165.09987760721134,166.19774784370665,110274500
2015-10-07,167.11962890625,167.4716169552266,165.50214631315984,166.69220479911124,124307300
2015-10-08,168.62814331054688,168.91308416476795,166.4323902644095,166.73409610650796,153055200
2015-10-09,168.7288055419922,169.2064992761286,168.10025240532315,168.77071164202604,107069200
2015-10-12,168.88790893554688,169.08903759766096,168.37668560611306,168.8040968010418,56395600
2015-10-13,167.82357788085938,169.4242952258818,167.65596637814147,168.15880088629515,88038700
2015-10-14,167.01901245117188,168.34316496451413,166.72569554002493,167.76489445302335,99106200
2015-10-15,169.58351135253906,169.59188745094457,167.31233546687366,167.6810884036993,134142200
2015-10-16,170.35458374023438,170.37133594189658,169.22318351896553,169.9858306966226,114580100
2015-10-19,170.43836975097656,170.43836975097656,169.3991706600181,169.7092526096829,76523900
2015-10-20,170.22047424316406,170.83226203580736,169.75115687960545,170.00258054949444,78448500
2015-10-21,169.1645050048828,170.79035073953665,168.99688070478732,170.6395042149771,102038000
2015-10-22,172.0223388671875,172.2318564832243,169.16452830328043,170.1115392319672,174911700
2015-10-23,173.9080047607422,174.27675782662064,172.89394661751743,173.69011103451444,144442300
2015-10-26,173.48062133789062,173.79070338050738,173.1118682126474,173.73204508582398,69033000
2015-10-27,173.14535522460938,173.48057828002285,172.46650743729634,172.81011938125604,77905800
2015-10-28,175.11477661132812,175.13991769585508,172.8184723049507,173.48054217738942,135906700
2015-10-29,175.0142059326172,175.38295887623602,174.49460648730158,174.61193580682243,90525500
2015-10-30,174.260009765625,175.52550452719265,174.10078709710965,175.20703361427752,131076900
2015-11-02,176.3216552734375,176.51440791141056,174.46113770568715,174.5868559557975,86270800
2015-11-03,176.8328857421875,177.3860153733307,175.74339147149564,175.96967410022543,95246100
2015-11-04,176.2965087890625,177.2519086361511,175.76014418697665,177.1262031778266,96224500
2015-11-05,176.12045288085938,176.81605270300022,175.2321004873585,176.3551115211073,78408700
2015-11-06,176.02830505371094,176.26297653576705,174.7041650460284,175.7768941585432,110471500
2015-11-09,174.3856658935547,175.56734806082483,173.4386423823178,175.41648876026767,131008700
2015-11-10,174.78793334960938,174.8214633216322,173.6397811726082,173.90795700910348,75874600
2015-11-11,174.1007537841797,175.10643573134107,174.03370661597697,175.05615355217398,67846000
2015-11-12,171.6703643798828,173.53088198042622,171.65361217659247,173.06156452946777,121315200
2015-11-13,169.7427520751953,171.5278458972901,169.6589527183827,171.25967005237672,153577100
2015-11-16,172.3240509033203,172.3827219761185,169.44108635756888,169.5584285031652,117645200
2015-11-17,172.19833374023438,173.51409767680042,171.703875251433,172.63413394816544,121123700
2015-11-18,174.93048095703125,175.07295143115627,172.6341755896779,172.6760688912876,121342500
2015-11-19,174.77963256835938,175.19866788365732,174.48630273247363,174.8131497668883,88220500
2015-11-20,175.41653442382812,176.0953694832022,175.03940525616932,175.53386378238736,94011500
2015-11-23,175.21539306640625,175.97802744813458,174.75445176671988,175.4751928567913,64931200
2015-11-24,175.4500732421875,175.85234352208911,173.82421434316055,174.20971963158328,98874400
2015-11-25,175.4248809814453,175.77686897218496,175.1650684470999,175.57572749693176,51980100
2015-11-27,175.62603759765625,175.82717910489592,175.03939085313215,175.51708434940895,37317800
2015-11-30,174.8968963623047,175.90257818432067,174.78794312904074,175.7852488515511,112822700
2015-12-01,176.56466674804688,176.6820088811428,175.2489028622171,175.52546763035855,97858400
2015-12-02,174.76280212402344,176.83283682937392,174.51137847141774,176.5143660168775,108441300
2015-12-03,172.31565856933594,175.28242221225327,171.59491750079425,175.01424632913574,166224200
2015-12-04,175.6763153076172,175.9696450663858,172.31565756611263,172.31565756611263,192913900
2015-12-07,174.61195373535156,175.76848206425177,173.64816520867367,175.34944691037563,102027100
2015-12-08,173.43865966796875,174.5616708891859,172.458118874404,173.05315446089486,103372400
2015-12-09,172.0894317626953,174.88858478757058,171.11726669687656,172.8017969616706,162401500
2015-12-10,172.53350830078125,173.84089576912808,171.9217206342726,172.15637926767144,116128900
2015-12-11,169.18968200683594,171.0837167933455,168.8795872161852,170.42164670400737,211173300
2015-12-14,170.04449462890625,170.17021287319162,167.57218927991457,169.34890738654443,182385200
2015-12-15,171.8296356201172,172.7347535160547,170.01939982824217,171.55307075291873,154069600
2015-12-16,174.3437957763672,174.645501651764,171.6368317866301,172.95259575159645,197017000
2015-12-17,171.68714904785156,174.7209606234904,171.6703840546984,174.65391343882058,173092500
2015-12-18,168.62850952148438,171.08179917599455,168.46832640071943,170.94691963686665,251393500
2015-12-21,170.01956176757812,170.19660966654243,168.6875281416203,169.80037124585664,99094300
2015-12-22,171.5623321533203,171.8574076490797,169.91837134677345,170.90474783070158,111026200
2015-12-23,173.68682861328125,173.72898408993737,172.4728229242392,172.5655598272645,110987200
2015-12-24,173.4002227783203,173.94821838482557,173.18103225414737,173.43395231376144,48539600
2015-12-28,173.0039825439453,173.0461251635995,171.93329500535015,172.7089070220809,65899900
2015-12-29,174.85025024414062,175.17904239882662,174.06621236144557,174.09992902631632,92640700
2015-12-30,173.6109619140625,174.69008820124438,173.46764356955748,174.60577723904296,63317700
2015-12-31,171.87428283691406,173.57726411896667,171.87428283691406,172.9365444743356,114877900
2016-01-04,169.47154235839844,169.47996830831684,167.42290449220576,169.02472259585497,222353500
2016-01-05,169.7581787109375,170.21342442255937,168.65377466351708,169.7918953745946,110845800
2016-01-06,167.61685180664062,168.66223583088512,166.5883196857206,167.21217457398305,152112600
2016-01-07,163.59547424316406,166.45344151506174,163.20766174470162,164.67458789447326,213436100
2016-01-08,161.7997283935547,165.1129538128163,161.51309169258369,164.55653231278043,209817200
2016-01-11,161.9599151611328,163.05589341995838,160.02931749748547,162.7186624135249,187941300
2016-01-12,163.26661682128906,164.01693793340905,161.14210704043757,163.40150918986092,172330500
2016-01-13,159.19464111328125,164.27827974207577,158.81526759221558,163.93262288028626,221168900
2016-01-14,161.80813598632812,162.92940481013775,158.20828713856892,159.80166644313084,240795600
2016-01-15,158.33474731445312,159.13564997514615,156.40414983282272,157.45797250848364,324846400
2016-01-19,158.54554748535156,160.27381963470282,156.97745847695202,160.14736603081948,195244400
2016-01-20,156.51373291015625,158.07339555861964,152.61038261004657,155.99104099867043,286547800
2016-01-21,157.39053344726562,159.22839410217688,155.66226160803873,156.98586912340346,195772900
2016-01-22,160.6194610595703,160.82178680616093,159.2368460469932,159.99559332480396,168319600
2016-01-25,158.19142150878906,160.30749271059665,157.99752174755105,160.11359294935863,130371700
2016-01-26,160.34970092773438,160.62791173616895,158.5118398383817,158.8490580439721,141036800
2016-01-27,158.60458374023438,161.49626792911857,157.70250506138444,159.82701586924972,185681700
2016-01-28,159.4307098388672,160.34964003457762,157.78674919882445,160.147314333677,143798800
2016-01-29,163.31729125976562,163.45218370516457,160.0799497545009,160.19797742821206,210529300
2016-02-01,163.2582244873047,164.0422753468065,161.73229111753486,162.31400336657373,136061600
2016-02-02,160.31594848632812,161.84188175187165,159.7932436610134,161.83345580102923,182564900
2016-02-03,161.2770233154297,161.68168761708515,157.7361817318406,161.3697602245639,205054900
2016-02-04,161.52989196777344,162.4994033662353,160.14727758469246,160.77957098300465,139531800
2016-02-05,158.45274353027344,161.58892022049545,157.82045005021325,161.01564697331523,180788300
2016-02-08,156.3198699951172,156.91000823816955,154.1110613436716,156.6149455486678,191526700
2016-02-09,156.3283233642578,157.6013498661601,154.44830660879595,154.58319904916527,184513100
2016-02-10,156.19338989257812,158.7815717708362,156.06692344935064,157.1544756864922,148214100
2016-02-11,154.16162109375,155.20701788010714,152.66940449594475,153.72322723314252,219058900
2016-02-12,157.33995056152344,157.3568024628288,155.08898678876355,155.9320449597169,127632400
2016-02-16,159.99557495117188,160.02086566659136,158.18300507119434,159.14409084927416,120250700
2016-02-17,162.6090850830078,162.98003278427333,161.03255735262937,161.15902381299634,136009500
2016-02-18,161.9430389404297,162.93785425898483,161.63111153758322,162.8788340130157,102343000
2016-02-19,161.86717224121094,162.01891654044448,160.56042947582927,161.16743240085756,114793000
2016-02-22,164.2108612060547,164.35417954418443,163.37622902795616,163.4436752219077,103640300
2016-02-23,162.13693237304688,163.8230484940775,162.01889189509143,163.55326373997096,111455300
2016-02-24,162.87881469726562,163.1570254008844,159.60775817044836,160.71216217133053,150812200
2016-02-25,164.8515625,164.86000131333842,162.5668824290666,163.3256295149316,110728300
2016-02-26,164.4722442626953,165.81270390168882,164.3120611239384,165.71997983614435,129833700
2016-02-29,163.1823272705078,165.43329090200194,162.9884275052904,164.48906992628648,125918100
2016-03-01,167.01824951171875,167.1025604717824,163.93265361565753,164.40476411830258,141799700
2016-03-02,167.76858520507812,167.81916663985717,166.29323332513397,166.70633648257544,102415000
2016-03-03,168.42613220214844,168.44299696468073,167.0182268357516,167.5915001214029,95172200
2016-03-04,168.97415161132812,169.74977648835898,167.79387525766805,168.6200687052301,129293600
2016-03-07,169.1090545654297,169.51373179540596,167.9793595758545,168.05523173245695,100219000
2016-03-08,167.2627410888672,168.54419314985492,167.10257083728501,168.0383659502354,123974900
2016-03-09,168.08895874023438,168.43460284757697,167.288043107976,168.07209397322683,94801200
2016-03-10,168.2238006591797,169.5136913337756,166.4028050151373,168.57789636690103,156838700
2016-03-11,170.93849182128906,170.980647308,168.2069912334791,169.67390440425157,137964500
2016-03-14,170.71926879882812,171.17451452211145,170.1038399749677,170.43263212624063,73612000
2016-03-15,170.44105529785156,170.74455672977479,169.49683433811077,169.75818029203575,93169100
2016-03-16,171.4274444580078,171.8321216399689,169.91837600042388,169.96053148155067,129303200
2016-03-17,172.51498413085938,173.02081127539734,170.94689554110465,171.34313387955126,134278500
2016-03-18,173.1929473876953,173.5319048209772,172.7014500581585,173.0149863304641,138372400
2016-03-21,173.43865966796875,173.66746300768244,172.70142026604074,172.93022360575443,72926700
2016-03-22,173.34542846679688,173.913189128969,172.5065045158591,172.667500849292,97471900
2016-03-23,172.2014617919922,173.150552830856,172.0319701661417,172.96412238673693,81052500
2016-03-24,172.1251678466797,172.15907134055288,170.95575591594056,171.17607690453912,84360900
2016-03-28,172.2268829345703,172.7522707695527,171.77775857297658,172.5404191676539,62408200
2016-03-29,173.8199920654297,173.93015903226305,171.51504568353033,171.8201124967345,92922900
2016-03-30,174.58267211914062,175.3029598090337,174.21828063922183,174.81994487938724,86365300
2016-03-31,174.15896606445312,174.91315723940892,173.99795678040715,174.4894540415597,94584100
2016-04-01,175.34532165527344,175.5317520880499,172.85394489943778,173.16749404386812,114423500
2016-04-04,174.77757263183594,175.4724520968894,174.47250580602636,175.26906990288444,63497000
2016-04-05,173.03196716308594,174.78609221725483,172.77774258019787,173.4387187374672,99662200
2016-04-06,174.92164611816406,174.98097077905592,172.85397221365315,173.03193326593185,91839800
2016-04-07,172.8284912109375,174.19281570468272,172.09972136464393,173.8369066537569,113859000
2016-04-08,173.29464721679688,174.43865128256346,172.76077692871937,174.00646564730133,95040600
2016-04-11,172.8878631591797,174.62504892364467,172.79464793483095,173.9301694457003,83757500
2016-04-12,174.4979248046875,174.7775704690855,172.6166815572068,173.0573365069002,115350600
2016-04-13,176.260498046875,176.34524384309321,175.27750370447308,175.41309180626502,96336400
2016-04-14,176.2689971923828,176.76897678579215,175.92157040221767,176.3198524369293,65212900
2016-04-15,176.0741424560547,176.40463051310618,175.75212381006656,176.2690423537008,75761600
2016-04-18,177.311279296875,177.3451698557611,175.41308473943926,176.07406054605502,82531000
2016-04-19,177.87060546875,178.12482998523546,177.05710253247176,177.73503026630098,88316100
2016-04-20,178.04010009765625,178.7349666619935,177.43843582952366,177.9129813720752,81100300
2016-04-21,177.08251953125,178.16719870773824,176.8113432719301,178.05703173609004,85695000
2016-04-22,177.08251953125,177.3536828601742,176.1842708004453,176.7266103886894,99251700
2016-04-25,176.77743530273438,176.81980820538138,175.87070432158723,176.48083791459973,66166500
2016-04-26,177.04013061523438,177.54857959028388,176.56558513473195,177.14181523808645,75864200
2016-04-27,177.404541015625,177.79434073179453,176.3029100722661,176.6588192206628,77329400
2016-04-28,175.7944793701172,177.75198635557425,175.37925845223072,176.65036822776358,97216200
2016-04-29,174.84536743164062,175.52329515077844,173.74373650434114,175.1758554167909,142424100
2016-05-02,176.235107421875,176.4130555222075,174.91315552639526,175.34532812902663,62188000
2016-05-03,174.70130920410156,175.24364879119557,173.9555874229489,175.00637602999169,106422100
2016-05-04,173.72674560546875,174.43857666186707,173.22677903580248,173.70980679084445,92243800
2016-05-05,173.69287109375,174.54874680549554,173.26916794192456,174.19283770960945,67619200
2016-05-06,174.32847595214844,174.37084886559472,172.76925100834785,172.9217779802772,89315000
2016-05-09,174.47247314453125,174.9046456791933,174.02334886427658,174.20130986701582,74374900
2016-05-10,176.641845703125,176.65879745012035,175.10804232510174,175.1758363826888,77472200
2016-05-11,174.98939514160156,176.7180982468476,174.98939514160156,176.18424108823578,81727000
2016-05-12,175.0402069091797,175.82830132832387,174.03179155273057,175.65880975920638,89586300
2016-05-13,173.51490783691406,175.29446622372728,173.1929022383585,174.7436573056343,96474600
2016-05-16,175.2266845703125,175.70123005894357,173.62508708098525,173.68441173226154,77486800
2016-05-17,173.59120178222656,175.24364163397829,173.0658010349655,174.95552656862571,114924900
2016-05-18,173.64205932617188,174.81995377820982,172.55738010114683,173.2437772589709,120062100
2016-05-19,173.0403289794922,173.32844396009784,171.83701382779387,172.92169263863155,115430500
2016-05-20,174.13356018066406,174.650478644596,173.59968996682053,173.65053228615866,104990400
2016-05-23,173.89625549316406,174.4301126786471,173.7098250695369,174.15046704320636,58682600
2016-05-24,176.1503448486328,176.4638939748023,174.68433555844706,174.70975671321835,93537800
2016-05-25,177.34519958496094,177.76043335068047,176.1503535302454,176.82828119514468,76621400
2016-05-26,177.39602661132812,177.70957572593335,177.0824904271165,177.48077241103627,55280700
2016-05-27,178.15870666503906,178.16717607316846,177.50620018804196,177.55704249760646,64211200
2016-05-31,177.81973266601562,178.5400331841697,177.26044141171204,178.42986622882066,109879400
2016-06-01,178.18414306640625,178.36209116510832,177.0147181247832,177.20961797158864,69936200
2016-06-02,178.72645568847656,178.74339450363115,177.31128879947488,177.78583423166788,63044700
2016-06-03,178.1925506591797,178.53999025759606,176.98923556918243,178.167129511041,101757100
2016-06-06,179.09934997558594,179.45525911623767,178.3875187638868,178.54852805069498,64887000
2016-06-07,179.3789825439453,179.93827387747152,179.2264555968358,179.25187675468737,60974800
2016-06-08,179.96376037597656,180.09087914178403,179.38753001493058,179.51463585033767,66170900
2016-06-09,179.71795654296875,179.836592925502,178.96376534035116,179.2349286731146,73786900
2016-06-10,178.01467895507812,178.6841243604403,177.47232641451623,178.34516695298538,113829200
2016-06-13,176.641845703125,178.26886429403115,176.55711282893694,177.41298856148404,117751200
2016-06-14,176.29441833496094,176.8876131477305,175.34532732316208,176.26052776899468,125059300
2016-06-15,176.04867553710938,177.413000326839,175.86224509898022,176.29441769806408,109124500
2016-06-16,176.57406616210938,176.74355778520848,174.2182774214604,176.0486783356093,149533100
2016-06-17,175.9164581298828,176.49568484208004,175.2605583547816,176.4701314869912,117055700
2016-06-20,177.0493927001953,178.54857937058586,176.96420617446128,177.8756526087873,82789600
2016-06-21,177.5519561767578,177.96082289803414,176.98975631147866,177.43270284148394,72461700
2016-06-22,177.26234436035156,178.4548777236498,177.1175246684293,177.73083125459377,95560500
2016-06-23,179.5707550048828,179.62186172192614,178.2589682760942,178.7189417271232,102731400
2016-06-24,173.12252807617188,179.6048273711775,172.67958155075527,173.4547347208247,333444400
2016-06-27,170.02191162109375,171.72553793794785,169.2126787224782,171.71701148787568,230775800
2016-06-28,173.08851623535156,173.1140696028484,171.31674243559226,171.62339584319759,159382400
2016-06-29,176.0357208251953,176.26570103323945,174.38320112073447,174.48541454653184,137328600
2016-06-30,178.43785095214844,178.4889576718171,175.95055761303408,176.50424407060433,165021900
2016-07-01,178.81268310546875,179.29822302506847,178.27603645699372,178.4378830968603,106055300
2016-07-05,177.52638244628906,178.09709569943664,176.9301158383466,177.986355830234,109803700
2016-07-06,178.5911865234375,178.71043987015673,176.37646665849195,177.03236656426765,96021500
2016-07-07,178.4803924560547,179.43441894022916,177.7137658880768,178.77000578194537,85593800
2016-07-08,181.1381072998047,181.38514045492198,179.54522046270415,179.7752137111415,133971000
2016-07-11,181.7769317626953,182.34765804487338,181.3936184220505,181.59805826929212,73633900
2016-07-12,183.09722900390625,183.39536879733734,181.80246941184768,182.739469050371,101275600
2016-07-13,183.07171630859375,183.52317632624678,182.58618947726342,183.51466287223738,87324100
2016-07-14,184.09388732910156,184.56238724640937,183.70206048745473,184.33239401470564,91230900
2016-07-15,183.84683227539062,184.85196554560372,183.4038858015429,184.65605216198605,107155400
2016-07-18,184.3408966064453,184.50274319307965,183.7105501631425,183.96609672111055,58725900
2016-07-19,184.1535186767578,184.18758548966142,183.6765053102707,183.9235254473303,54345700
2016-07-20,184.9201202392578,185.1586268899919,184.1534935758465,184.1534935758465,58159500
2016-07-21,184.2216796875,185.03089978296316,183.77873309932338,184.80943298769506,67777300
2016-07-22,185.04798889160156,185.0990956273567,184.07692191932267,184.3409820524867,62787500
2016-07-25,184.5452880859375,184.8945345483049,183.9660614633495,184.84342784603365,55873100
2016-07-26,184.6304473876953,184.9882072485229,183.78714793155154,184.44304750855224,70080500
2016-07-27,184.43458557128906,185.07344542926506,183.66794594313563,185.00529881803118,84083900
2016-07-28,184.64756774902344,184.93718114385538,183.77871456688854,184.23868801764283,65035700
2016-07-29,184.9456787109375,185.3034386969352,184.1023919573851,184.38349187444857,79519400
2016-08-01,184.79237365722656,185.3971538028139,184.34091366202279,185.0053269756298,73311400
2016-08-02,183.60829162597656,184.6986112076172,182.77351853951552,184.5452781114556,92295500
2016-08-03,184.1449737548828,184.204606918532,183.25058028125014,183.54870710658165,53993600
2016-08-04,184.3408966064453,184.65606332927777,182.50097698624077,184.25571008791,46585500
2016-08-05,185.84860229492188,185.89119555549402,184.34090225224605,184.34090225224605,71892200
2016-08-08,185.7378692626953,186.1382225030644,185.47380925258756,186.03599608154948,39906500
2016-08-09,185.84860229492188,186.34265552275468,185.52492210937768,185.806022031988,51251700
2016-08-10,185.38868713378906,186.03606070595563,185.03944048403872,185.95940061141795,57941100
2016-08-11,186.24899291992188,186.49602608222528,185.65272614518395,185.9167862170221,72504300
2016-08-12,186.0871124267578,186.3000657210769,185.6867591936269,185.94229274869974,61313500
2016-08-15,186.62374877929688,186.97299530682014,186.44487528797663,186.45338874073167,49813500
2016-08-16,185.66119384765625,186.27448733786065,185.66119384765625,186.20635372599986,53213600
2016-08-17,186.01039123535156,186.1466844278851,184.8604515421397,185.69522460054773,75134300
2016-08-18,186.42779541015625,186.4618622115094,185.87412215413093,185.98484900675498,52989300
2016-08-19,186.15525817871094,186.33414467656135,185.47381799057598,185.95934477450407,75443000
2016-08-22,186.14674377441406,186.3767369854356,185.55047711402338,185.91675056339253,61368800
2016-08-23,186.52154541015625,187.0581919083206,186.4619122447431,186.76005207653185,53399200
2016-08-24,185.56753540039062,186.47045543237448,185.15014219795066,186.37675544805694,71728900
2016-08-25,185.43975830078125,185.85715150928922,185.03089154401502,185.1842117036874,69224800
2016-08-26,185.09051513671875,186.64933511037958,184.20463498108924,185.62716170076396,122506300
2016-08-29,186.001953125,186.26601316896983,185.18420663620492,185.21828644695944,70502200
2016-08-30,185.6953125,186.19787926302044,185.1416390149965,185.91677929447332,58114500
2016-08-31,185.16712951660156,185.48229619359975,184.39197650262852,185.3630428835759,85269500
2016-09-01,185.17562866210938,185.46524196441618,184.0171624552472,185.1585887626693,97844200
2016-09-02,186.01039123535156,186.43629771379318,185.4396781139559,186.0274311338268,79293900
2016-09-06,186.57266235351562,186.64932242955953,185.57604237202705,186.29156241038206,56702100
2016-09-07,186.5555877685547,186.73447424370875,185.9508077286711,186.41078109706655,76554900
2016-09-08,186.1297149658203,186.4960014346624,185.82306166539124,186.22341494644138,74102900
2016-09-09,181.67474365234375,184.86904359887217,181.64919029258272,184.81793687935007,221589100
2016-09-12,184.2812957763672,184.68164908797755,180.84848903883682,180.9166356660939,168110900
2016-09-13,181.63211059570312,183.26759025031527,181.01029064834364,183.0035302588737,182828800
2016-09-14,181.56399536132812,182.88430854433517,181.01032192860217,181.68324870057552,134185500
2016-09-15,183.3783721923828,183.76168559041375,181.22328551258488,181.40217203040726,134427900
2016-09-16,182.66952514648438,182.94348862446228,181.98464257813484,182.76369845912708,155236400
2016-09-19,182.70370483398438,183.96219630356973,182.3783765984122,183.32010935228303,80250500
2016-09-20,182.71224975585938,183.71390376903676,182.67801086846762,183.55980918083637,69665300
2016-09-21,184.76695251464844,184.94672955056805,182.72939235227372,183.41428773203177,110284400
2016-09-22,185.9312744140625,186.23092025195749,185.52891189540338,185.77717979797526,76678700
2016-09-23,184.91250610351562,185.67444884801776,184.81833281764258,185.5374671479672,73630900
2016-09-26,183.4142608642578,184.26180717888167,183.2173448169915,184.082030169297,89827300
2016-09-27,184.5529327392578,184.6470929586741,182.88349608546716,183.25163275907568,78494800
2016-09-28,185.468994140625,185.623101833831,183.81669631342595,184.77554217943597,87411000
2016-09-29,183.79100036621094,185.6658967386846,183.24308657792002,185.26352112161058,128070600
2016-09-30,185.17787170410156,185.87987994889195,184.37312066831626,184.62138853136247,117202900
2016-10-03,184.73272705078125,184.95531252922103,184.09919644758304,184.7669790094918,83512100
2016-10-04,183.79100036621094,185.0666180738813,183.20029122302313,184.84403258789584,119948100
2016-10-05,184.60433959960938,185.0323976977853,184.3475021280445,184.41599299134825,72816000
2016-10-06,184.73272705078125,184.95531252922103,183.8423720737274,184.38171632211893,62927400
2016-10-07,184.09921264648438,185.17792736477304,183.37152175103935,185.00670674603865,89788300
2016-10-10,185.0580596923828,185.52035663948527,184.91252152267842,185.0580596923828,51855000
2016-10-11,182.72085571289062,184.6984949069336,181.99316485487475,184.63000405030357,130367400
2016-10-12,182.9605712890625,183.48280261492656,182.3612795887013,182.85782847749783,73866100
2016-10-13,182.3612823486328,182.85783124494432,180.82028384808063,181.63359151521533,101357000
2016-10-14,182.45545959472656,183.79956814610816,182.37841228068805,183.33725813528716,93346200
2016-10-17,181.82191467285156,182.68658710349447,181.64212457052741,182.42974969872841,58275700
2016-10-18,182.9605712890625,183.47423309370768,182.58387812767933,183.4143117616483,76869700
2016-10-19,183.44859313964844,183.75679551912685,182.8664403469101,183.22600761241864,66519200
2016-10-20,183.1060791015625,183.66254923017698,182.4468661784142,183.09750958176414,73639800
2016-10-21,183.19171142578125,183.27732825736294,182.14724878429806,183.106107657494,89089100
2016-10-24,183.97079467773438,184.33893140659717,183.6197839291966,184.06496797457876,60146600
2016-10-25,183.35438537597656,184.04783733368188,183.19172122524665,183.79099988849228,66542300
2016-10-26,182.98626708984375,183.56841979028252,182.29280204849215,182.53252658412072,75705500
2016-10-27,182.49826049804688,183.73962618296824,182.42121318718085,183.70538728812593,77220200
2016-10-28,181.95889282226562,183.1488935654366,181.24832802261642,182.4725676586778,140623200
2016-10-31,181.96751403808594,182.5154279230453,181.80484985823438,182.2928293344916,61272500
2016-11-01,180.6490478515625,182.34416708158656,179.44193411679908,182.2927891440418,122781800
2016-11-02,179.56178283691406,180.72610117322677,179.12515529623803,180.34083850479635,103330800
2016-11-03,178.7399139404297,179.98984916370236,178.4659635880447,179.77582014393815,88939300
2016-11-04,178.54299926757812,179.690191603582,178.3974611112159,178.85120155849046,109122100
2016-11-07,182.48114013671875,182.51539209591,178.54301394389404,178.54301394389404,109794900
2016-11-08,183.30299377441406,183.86803345879056,181.82191678048162,182.08731064527544,106772100
2016-11-09,185.2464141845703,185.8628188492065,181.78769767041217,181.8133801094974,258429000
2016-11-10,185.708740234375,186.898741330434,184.25334518400967,186.03406859812992,172113300
2016-11-11,185.28067016601562,185.52038166177718,184.33895016503715,184.98959378734756,100552700
2016-11-14,185.42620849609375,186.00837431716855,184.6813915667905,185.80290172208976,94580000
2016-11-15,186.8730010986328,186.8730010986328,185.6059530650747,185.81141254639604,91652600
2016-11-16,186.5220184326172,186.75317344713747,186.1367687839471,186.25662452049548,65617700
2016-11-17,187.4808349609375,187.54075628400358,186.56478463203283,186.67608388481742,69797200
2016-11-18,187.0613555908203,187.720568602341,186.88156547375317,187.54934800622104,86265800
2016-11-21,188.47393798828125,188.49962042400998,187.48940978323023,187.63494794012425,72402600
2016-11-22,188.84207153320312,189.02184858031546,188.11436769753672,188.7821371419699,67429000
2016-11-23,188.94482421875,188.99618909559098,188.13151652107902,188.32841957006784,56620200
2016-11-25,189.6468505859375,189.6810894836144,189.2102229949598,189.28728337550007,37872300
2016-11-28,188.7564239501953,189.61253982287272,188.65369422572732,189.33858953652754,76572500
2016-11-29,189.12460327148438,189.5783437413918,188.49107267987097,188.7907185282828,69886700
2016-11-30,188.67088317871094,189.90369253700135,188.61094877723767,189.74102837676915,113291800
2016-12-01,187.9774169921875,188.97050173292382,187.61783673708024,188.97050173292382,79040500
2016-12-02,188.07154846191406,188.55954083115392,187.71198132508658,188.06299200507038,74840300
2016-12-05,189.20164489746094,189.5440860882473,188.70509602651484,188.9019990580523,67837800
2016-12-06,189.80096435546875,189.83521631989439,188.9106092298559,189.3900322254395,59877400
2016-12-07,192.28366088867188,192.34358221640227,189.5269662940269,189.6468220127813,110738100
2016-12-08,192.7545623779297,193.22542891322635,191.9926194620121,192.25802646430432,99714400
2016-12-09,193.91885375976562,193.93597973954576,192.94288192501824,192.9771338845785,88005800
2016-12-12,193.69619750976562,194.3040454685832,193.27669606983292,193.82460965296428,102016100
2016-12-13,194.98899841308594,195.48554731913939,194.33835487927195,194.35548085901033,110477500
2016-12-14,193.37953186035156,195.39139709678585,192.94290423688426,194.68938860416048,142501800
2016-12-15,194.17575073242188,195.03186709776094,193.38812524390585,193.61928032027112,124972600
2016-12-16,193.79591369628906,194.691529641135,193.4772879233699,194.63124198664173,156420200
2016-12-19,194.2178955078125,194.63986968501598,193.830375174617,193.97677116092234,90341100
2016-12-20,194.9670867919922,195.11349590689724,194.51929197797907,194.75179627515462,89838800
2016-12-21,194.424560546875,195.010144436063,194.424560546875,194.8379146533777,67909000
2016-12-22,194.08877563476562,194.39879460795373,193.69263517002176,194.2782324039525,56219100
2016-12-23,194.37289428710938,194.38150117720235,193.94231325723612,194.13175682131336,36697800
2016-12-27,194.85513305664062,195.25126022547312,194.62261563301922,194.63984255262181,42672500
2016-12-28,193.24481201171875,195.13075952333045,193.1328698497708,195.11354573859612,64095000
2016-12-29,193.2017059326172,193.66672764527488,192.76250488924578,193.31364806068328,48696100
2016-12-30,192.4955596923828,193.61507303026372,191.80662739674145,193.52895156569957,108998300
2017-01-03,193.96815490722656,194.476237389342,192.79697393302524,193.79591197608372,91366500
2017-01-04,195.12216186523438,195.26855788416668,194.28683335580735,194.29544024858183,78744400
2017-01-05,194.9670867919922,195.12210279706622,194.17481926686474,194.85514465863406,78379000
2017-01-06,195.6646270751953,196.12964878124782,194.53649379847863,195.07903007244784,71559900
2017-01-09,195.01876831054688,195.54407769928036,194.9843144691566,195.40628861430002,46939700
2017-01-10,195.01876831054688,195.87131035074572,194.63123486650335,195.03598209095162,63771900
2017-01-11,195.56993103027344,195.56993103027344,194.2695677639523,194.93266630385088,74650000
2017-01-12,195.07908630371094,195.2685430527143,193.72706838432492,195.05325248705532,72113200
2017-01-13,195.52684020996094,195.82823903423753,195.2168213556575,195.2512620548958,62717900
2017-01-17,194.83787536621094,195.2942901114259,194.45035514823618,194.88954297656923,61240800
2017-01-18,195.2684783935547,195.31153912048646,194.53648545658123,195.08762859655678,54793300
2017-01-19,194.54515075683594,195.48381437704683,194.1145696678997,195.34602527491714,66608800
2017-01-20,195.2598876953125,195.75074323022767,194.59678923838771,195.22543385479455,129168600
2017-01-23,194.7517852783203,195.32015536434764,193.9939716372401,195.25988085598757,75061600
2017-01-24,196.00045776367188,196.41381180496955,194.8551108360682,194.9670529499956,95555300
2017-01-25,197.69700622558594,197.69700622558594,196.78416328499497,196.94778620019798,84437700
2017-01-26,197.4903106689453,197.8175564796249,197.21473248304858,197.55058518442826,59970700
2017-01-27,197.18026733398438,197.71418357760163,196.99941752937463,197.56778761210302,59711100
2017-01-30,195.9574432373047,196.51719335976878,194.97571894509807,196.49135954736528,79737300
2017-01-31,195.9402313232422,196.00051898366206,194.89823243571473,195.4665894924151,75880800
2017-02-01,196.01768493652344,196.8530131051667,195.43210109969132,195.94018351228783,79117700
2017-02-02,196.14691162109375,196.43109671472556,195.32881018564632,196.0177294111019,69657600
2017-02-03,197.49891662597656,197.67976645215273,196.74110289892536,197.05112178644802,80563200
2017-02-06,197.14585876464844,197.49033153341225,196.81000602778656,197.094191134407,57790100
2017-02-07,197.1544189453125,197.77445660056662,196.96496226507992,197.53333230577763,57931200
2017-02-08,197.41278076171875,197.54194980504766,196.61189327221177,197.15442953477168,51566200
2017-02-09,198.583984375,198.8853832240936,197.4128034001183,197.4128034001183,65955200
2017-02-10,199.36766052246094,199.59157110911215,198.60122667342299,198.92847252142548,66015900
2017-02-13,200.45269775390625,200.71104900172796,199.83266001525024,199.85849382600338,55182100
2017-02-14,201.25357055664062,201.26219058701622,199.92738676753206,200.2718463350098,71109000
2017-02-15,202.30418395996094,202.49364065914128,200.98660709584573,201.03827471556946,86785800
2017-02-16,202.13197326660156,202.51088670074023,201.38276642928537,202.33003687434092,84722400
2017-02-17,202.4506378173828,202.4506378173828,201.45168641612025,201.4689133410506,77204100
2017-02-21,203.65625,203.828479809059,202.8123015971143,202.82092162875713,88946100
2017-02-22,203.4753875732422,203.6992849971404,203.08786724175664,203.251490149344,62115200
2017-02-23,203.6131591796875,204.00928636796786,202.85533236344304,203.99207258780973,74615900
2017-02-24,203.87149047851562,203.91453806498942,202.72614347613032,202.769204202893,82381600
2017-02-27,204.19012451171875,204.36235428548795,203.53564611528,203.78537731620193,56515400
2017-02-28,203.63897705078125,204.0523311271555,203.25145678291233,203.81120682091307,96961900
2017-03-01,206.4894256591797,206.95446050303505,205.27518407168895,205.29241099116604,149158200
2017-03-02,205.18910217285156,206.30861555778915,205.13743454805757,206.29999552679604,70246000
2017-03-03,205.31822204589844,205.48184491207374,204.724018222541,205.10293156730737,81974300
2017-03-06,204.70681762695312,205.05988404795863,204.10399373585008,204.52596783156446,55391500
2017-03-07,204.0954132080078,204.75851168969493,203.88872957805205,204.40543208279615,65103700
2017-03-08,203.71644592285156,204.6465023012895,203.5786568726488,204.3881511172311,78168800
2017-03-09,203.97488403320312,204.30212988182257,203.01038655132612,203.83709492427994,90683900
2017-03-10,204.68963623046875,204.97382132054474,203.74235259688214,204.93076058441957,81991700
2017-03-13,204.79290771484375,204.83596843756033,204.30205226868037,204.62928485269342,57256800
2017-03-14,204.00924682617188,204.3020518558803,203.39782924181011,204.25037110455224,59880800
2017-03-15,205.77467346191406,206.19664760561835,204.34514127577168,204.57765871334672,96081800
2017-03-16,205.3699188232422,205.9899565408601,205.04268618470874,205.91245511123034,78344000
2017-03-17,205.00930786132812,205.82232414995448,205.00930786132812,205.6320431803841,89002100
2017-03-20,204.7843780517578,205.2946708714881,204.3951718875136,205.0092494983875,52537000
2017-03-21,202.155029296875,205.5108779902165,202.0252983205672,205.38979134651112,131809300
2017-03-22,202.63070678710938,202.91612809757575,201.566873318973,202.18960832409007,97569200
2017-03-23,202.41452026367188,203.54754820347628,202.04261597089257,202.63074737271714,100410300
2017-03-24,202.26751708984375,203.2881028594989,201.48910466205444,202.7172732379335,112504900
2017-03-27,202.0598907470703,202.3193658995784,200.32142966093872,200.59819347881407,87454500
2017-03-28,203.53028869628906,203.95408544436285,201.6447811726046,201.75722350860326,93483900
2017-03-29,203.7205352783203,203.95406426057835,203.0199615290021,203.24484617764165,61950400
2017-03-30,204.36920166015625,204.56814009591145,203.48700458728308,203.65998362917261,56737900
2017-03-31,203.8935089111328,204.55947887025005,203.84160332179414,204.03188422367182,73733100
2017-04-03,203.5389404296875,204.14437380427063,202.31077181340237,203.94544852350572,85546500
2017-04-04,203.668701171875,203.7551973226387,202.87298673519567,203.2535486826205,56466200
2017-04-05,203.063232421875,205.32064431094852,202.8556496145903,204.34329340648705,108800600
2017-04-06,203.63404846191406,204.1529856156892,202.76048247725743,203.2015942350403,69135800
2017-04-07,203.4264678955078,204.11839730552617,202.9421212677317,203.3832198328587,74412300
2017-04-10,203.54759216308594,204.34330651252617,203.01999737517406,203.56489403083373,67615300
2017-04-11,203.3053741455078,203.40915893428013,201.81773058497976,203.16698562884116,88045300
2017-04-12,202.41452026367188,203.21889197199712,202.1896488213487,203.02861106024082,81864400
2017-04-13,201.09986877441406,202.81239709117327,201.09986877441406,202.07721959380586,92880400
2017-04-17,202.88156127929688,202.88156127929688,201.4198640325367,201.61878926097052,68405400
2017-04-18,202.2761688232422,202.81242112623795,201.59289684029733,202.1464378130178,83225800
2017-04-19,201.90420532226562,203.21021216665906,201.67932070713752,202.83830791464553,68699900
2017-04-20,203.54759216308594,203.98870400717547,202.19833682284133,202.5183487901547,92572200
2017-04-21,202.89891052246094,203.521645786266,202.50105994680993,203.46975338052528,110389800
2017-04-24,205.13038635253906,205.33796918308076,202.87297421055138,205.1390306880979,119209900
2017-04-25,206.32395935058594,206.66991752867415,205.68392220391834,205.77041834716968,76698300
2017-04-26,206.1941680908203,207.17151885724383,206.15093322651757,206.28930854770627,84702500
2017-04-27,206.3671875,206.66989757723962,205.83093521903572,206.5142203713662,57410300
2017-04-28,205.91741943359375,206.65258374786688,205.7876752387527,206.62663754838997,63532800
2017-05-01,206.4363250732422,206.86013492902634,206.02117274759829,206.4363250732422,66882500
2017-05-02,206.51422119140625,206.69584459897976,206.10771311117955,206.57475792811164,57375700
2017-05-03,206.2633819580078,206.60935328750722,205.588754362305,206.51421282157696,73137700
2017-05-04,206.50555419921875,206.64394273028756,205.65794754197145,206.5661041306076,61462700
2017-05-05,207.31858825683594,207.33589012408044,206.43637779177612,206.87748962303496,62001300
2017-05-08,207.2839813232422,207.50885278980158,206.86017139275205,207.3618199234985,48385700
2017-05-09,207.09365844726562,207.7423397129345,206.74768718710308,207.54341448674987,51363200
2017-05-10,207.46560668945312,207.46560668945312,206.842871486589,207.05045428669604,54293800
2017-05-11,207.04180908203125,207.20614381507636,205.96067341458388,207.01586288180906,62358300
2017-05-12,206.6958465576172,207.0850527749916,206.42772701225834,206.79098702830493,53912700
2017-05-15,207.8375244140625,207.9586110815385,207.10234687745015,207.11964874350585,61918900
2017-05-16,207.64723205566406,208.1575248978483,207.258025874294,208.13157869892072,51241800
2017-05-17,203.96273803710938,207.64724366280345,203.90218810458956,207.64724366280345,172174100
2017-05-18,204.7843780517578,205.63198464016048,203.625390695013,203.8848658703277,107047700
2017-05-19,206.11631774902344,206.7823009092626,205.21681882402052,205.26871121619024,115011400
2017-05-22,207.1628875732422,207.32722229980186,206.55745426285634,206.6266353290807,61010600
2017-05-23,207.62132263183594,207.78565738578942,207.15426457349884,207.53482648845247,48341700
2017-05-24,208.1056365966797,208.2094213944331,207.51749194867847,207.85481893629006,46927700
2017-05-25,209.10031127929688,209.3770883831444,208.40839491459548,208.61596454502242,64071700
2017-05-26,209.05703735351562,209.2213588810894,208.83215269928246,208.90999129615258,46629900
2017-05-30,208.8754119873047,209.12622965651605,208.58134625168944,208.73702345379505,35201900
2017-05-31,208.82350158691406,209.20406342253426,208.13157217646426,209.16945969341108,91796000
2017-06-01,210.484130859375,210.5014327244796,208.9964871993291,209.28190858500193,68962000
2017-06-02,211.1846923828125,211.34038276481593,210.2419453498353,210.5360110522851,88666100
2017-06-05,211.02903747558594,211.29715700891515,210.83009901105527,211.01173560965785,44698800
2017-06-06,210.3544464111328,211.02041659427644,210.2765945996635,210.46687556555,50375400
2017-06-07,210.74362182617188,210.96849329954466,210.02574614132465,210.69172942442873,54144300
2017-06-08,210.84738159179688,211.32308388038217,210.31978690763057,210.83873725835193,65950700
2017-06-09,210.52735900878906,211.91120454476018,209.26458692472863,211.11549039214944,132256400
2017-06-12,210.484130859375,210.53602325723256,209.63652423363692,210.28520560176892,86108100
2017-06-13,211.51333618164062,211.56522857020147,210.67437404003005,211.0203320954049,60067000
2017-06-14,211.24526977539062,211.79015318961186,210.42359609192093,211.78150885516482,78602300
2017-06-15,210.83876037597656,210.9598470447608,209.61923615628442,209.89600002888105,66464900
2017-06-16,210.8848419189453,211.04997806682266,210.00702897611282,210.99783260155976,84553100
2017-06-19,212.64044189453125,212.70127383885932,211.61486597329232,211.7104703959348,65123800
2017-06-20,211.20640563964844,212.29281365996601,211.18903265983135,212.28412717005747,56906400
2017-06-21,211.15426635742188,211.71050674963394,210.6849439141061,211.5975293302492,55977600
2017-06-22,211.05862426757812,211.65832352725792,210.8848016626108,211.1629284400103,44148100
2017-06-23,211.31065368652344,211.64091261892133,210.7370272213611,211.11944486480266,66986800
2017-06-26,211.44972229003906,212.39707999389566,211.2411404748748,211.9798898399386,56700500
2017-06-27,209.74624633789062,211.52795786080534,209.7288600990162,211.2324448471982,82247700
2017-06-28,211.62359619140625,211.82349155414153,210.5284884176897,210.7631562637456,70042600
2017-06-29,209.7636260986328,211.82345107085214,208.55554113955273,211.77130561765378,106949700
2017-06-30,210.15476989746094,210.94567811831612,209.96356102512635,210.57194686354703,86820700
2017-07-03,210.5111083984375,211.52798468158704,210.5111083984375,211.09342148732742,39153800
2017-07-05,210.99778747558594,211.2063692920283,210.06781600456577,210.8761103287231,54427600
2017-07-06,209.06829833984375,210.35460133041263,208.88577601287994,210.23292419970764,65400800
2017-07-07,210.42420959472656,210.571959502796,209.07706091762392,209.64200107863726,57972300
2017-07-10,210.65013122558594,211.0238624203301,210.119963666866,210.42416316812717,36663300
2017-07-11,210.4937286376953,210.8066146776675,209.32910242406086,210.6501650267731,50354600
2017-07-12,212.07553100585938,212.24066714602068,211.4584586799916,211.4584586799916,59610400
2017-07-13,212.43185424804688,212.54484491380276,211.85822769210736,212.0842090236191,39471600
2017-07-14,213.4226837158203,213.7790287344336,212.33627567991405,212.43188011754648,60262700
2017-07-17,213.39654541015625,213.72681759536513,213.22272283018782,213.34439996234698,33531900
2017-07-18,213.5095672607422,213.56171271617282,212.64912746069257,212.98808618280643,42742500
2017-07-19,214.66554260253906,214.6742290926207,213.81378914912898,213.82248890102755,51034300
2017-07-20,214.76109313964844,215.03920663244577,214.21353938014167,214.9175294927569,47135200
2017-07-21,214.56993103027344,214.5960037614684,213.96153193754682,214.18751329032523,82340800
2017-07-24,214.51773071289062,214.65678082310137,214.04839514776342,214.4916447265497,46622300
2017-07-25,215.0392608642578,215.3695331531979,214.81329276550863,215.26522896300702,54915600
2017-07-26,215.04791259765625,215.36079859402545,214.7871853188609,215.32603937745765,47575400
2017-07-27,214.84803771972656,215.54334147361757,213.52696191351524,215.50858225374023,70766600
2017-07-28,214.59596252441406,214.72632615533806,213.91804511998137,214.36998121506053,50088400
2017-07-31,214.47427368164062,215.0913458501037,214.26567862172752,214.99574143870353,65838700
2017-08-01,214.9523468017578,215.10878318749505,214.430865659001,215.07402396682556,55050400
2017-08-02,215.05661010742188,215.19567349587365,214.12663861669216,215.08268283502977,47211200
2017-08-03,214.63946533203125,214.96972435177045,214.36133851349652,214.9436516202599,40856000
2017-08-04,215.03057861328125,215.36083764691514,214.6481608526152,215.12618305344776,60191800
2017-08-07,215.43032836914062,215.43032836914062,214.99576522593466,215.10006939833806,31995000
2017-08-08,214.90016174316406,216.3342280791,214.52644380404467,215.11744331571666,61719400
2017-08-09,214.89151000976562,214.94365547372158,213.85724743524958,214.21359245470444,62632600
2017-08-10,211.85821533203125,214.18748063761373,211.80606987759083,214.05710373969825,120479500
2017-08-11,212.17111206054688,212.76212485168887,211.84953956734344,212.0842073860186,74869900
2017-08-14,214.2743682861328,214.491649836917,213.41394183258802,213.4487010455156,73291900
2017-08-15,214.24830627441406,214.67418290949976,213.9441200451935,214.65679667125985,55242700
2017-08-16,214.62208557128906,215.16963947317822,214.19620884072893,214.76983547491596,56715500
2017-08-17,211.2759246826172,214.32656670840692,211.2759246826172,214.013680686834,128490400
2017-08-18,210.94566345214844,212.23196674420893,210.5024005235471,211.11078631966924,136748000
2017-08-21,211.11077880859375,211.37151935817374,210.18082053799722,210.88481073859253,65469700
2017-08-22,213.31838989257812,213.47482628195309,211.6757414950578,211.693127736705,63140100
2017-08-23,212.5535430908203,212.97941978670568,212.205897847276,212.35364773887312,50203800
2017-08-24,212.05813598632812,213.0923851691312,211.84954089488582,212.93594879691088,50741700
2017-08-25,212.5535430908203,213.46612843239413,212.40579319922318,212.8490428740146,64445900
2017-08-28,212.5622100830078,213.10975059411498,212.14501994087084,213.08367786795816,40565600
2017-08-29,212.8056182861328,213.06634561376057,211.13688381841158,211.24987450159514,51135700
2017-08-30,213.81378173828125,214.08322206327634,212.60569656795954,212.7882189478831,62030800
2017-08-31,215.10008239746094,215.3434367114177,213.848538347503,214.43085140317208,103803900
2017-09-01,215.40426635742188,215.8301430332035,215.25651647279935,215.47379805521166,62007000
2017-09-05,213.85726928710938,215.126199840903,212.89253831989768,214.9002184582473,91398800
2017-09-06,214.58724975585938,214.91752194991508,214.00493680337013,214.53510430665335,57916900
2017-09-07,214.56121826171875,214.9088767595875,214.15272781535776,214.89149051924016,58034700
2017-09-08,214.30917358398438,214.76980948125174,214.06581927077957,214.27440110391774,63832800
2017-09-11,216.59500122070312,216.67321941576003,215.56073865778382,215.57811163769642,71364800
2017-09-12,217.32504272460938,217.3598019428115,216.77748888976458,216.960011255318,56896000
2017-09-13,217.4293212890625,217.4640937671046,216.92522645196908,217.03821711288396,59228000
2017-09-14,217.3597869873047,217.55969557911206,216.93392360000743,217.10774620268882,95446300
2017-09-15,217.65237426757812,217.73971021423142,217.1108460843923,217.2156545514275,95432400
2017-09-18,218.1153564453125,218.4647269838403,217.73104085635288,218.0192775480726,46235200
2017-09-19,218.333740234375,218.42108954237278,218.010571784523,218.3599423612477,47108100
2017-09-20,218.41233825683594,218.52588968736106,217.41661749087802,218.42108118388109,59574100
2017-09-21,217.8270721435547,218.3423982399205,217.6523869124714,218.25506228819327,48211400
2017-09-22,217.87083435058594,218.0367900514866,217.5039912195796,217.5301933483919,51214000
2017-09-25,217.42530822753906,217.9668498298664,216.68289258120123,217.61746600132773,57064400
2017-09-26,217.55628967285156,218.09781784178938,217.3204573005993,217.85325587338986,54082000
2017-09-27,218.4036102294922,218.7879258485287,217.37294440320042,218.25512707261586,81001400
2017-09-28,218.66558837890625,218.7441947367933,218.03671086055107,218.12404681566025,44778800
2017-09-29,219.43421936035156,219.51283905062218,218.4734438302756,218.65685867643668,85578000
2017-10-02,220.38629150390625,220.38629150390625,219.48663643311738,219.66133501937134,59023000
2017-10-03,220.8579559326172,220.88415805655924,220.30768467457054,220.3863043740284,66810200
2017-10-04,221.12001037597656,221.3645724398404,220.59594119476378,220.7094926271409,55953600
2017-10-05,222.43016052246094,222.44761972082654,221.15493267725822,221.45189898106148,63522800
2017-10-06,222.1768035888672,222.465040226087,221.7226246401837,221.9846458307206,80646000
2017-10-09,221.8100128173828,222.4650926032154,221.54797823752332,222.40395875357316,35803100
2017-10-10,222.39515686035156,222.7707427683473,221.83615612442787,222.37769766658715,43057400
2017-10-11,222.74459838867188,222.74459838867188,222.13319325771235,222.29913560726172,47674300
2017-10-12,222.4126434326172,222.77948643927715,222.1768110256109,222.43011595511425,47065100
2017-10-13,222.68338012695312,222.96288714195765,222.41261603593503,222.84933575115855,54800400
2017-10-16,222.9803924560547,223.1725502367093,222.56988810025342,222.91052901548102,38221700
2017-10-17,223.13760375976562,223.18127840295898,222.70961358067885,222.9279734690156,31561000
2017-10-18,223.35595703125,223.5568443908322,223.1637992689959,223.5131697489327,40888300
2017-10-19,223.4171142578125,223.45205930604234,222.15937240178653,222.5786196871285,61903800
2017-10-20,224.57005310058594,224.59628187884428,223.3996605089635,224.21196630472966,89176400
2017-10-23,223.69664001464844,224.91947698031515,223.61803363632967,224.89327485420893,63915300
2017-10-24,224.0896453857422,224.32546446473933,223.73153197709217,224.12459043068006,66935900
2017-10-25,222.9803924560547,223.87130459112328,221.85366122188066,223.75775317683716,103715300
2017-10-26,223.2686309814453,223.86256352467024,223.14634996797955,223.59181270302912,69798000
2017-10-27,225.0941162109375,225.2513555999806,223.27737353607554,224.01105961565028,85562500
2017-10-30,224.25558471679688,224.99801359997798,223.95861849457592,224.01102273054096,54285700
2017-10-31,224.60496520996094,224.85827013194742,224.307998974472,224.63116732911413,60304800
2017-11-01,224.90196228027344,225.7229976666513,224.5351325618353,225.38237007095873,54202700
2017-11-02,224.9893341064453,225.12908766017168,223.76652383042074,224.83212135422747,56449500
2017-11-03,225.74046325683594,225.7841245724056,224.73598644613577,225.14650410247782,59589700
2017-11-06,226.0897674560547,226.22077801961024,225.53949643386937,225.60935984934832,49652600
2017-11-07,225.9326629638672,226.52659557321505,225.426053001868,226.1946842164428,57502200
2017-11-08,226.31686401367188,226.41295620580357,225.47836967583913,225.75787667353487,50469600
2017-11-09,225.4958953857422,225.68805314872068,223.91494531222034,225.11157985978514,95085500
2017-11-10,225.42596435546875,225.60066289199727,224.797086941322,225.1115389760225,59984700
2017-11-13,225.63565063476562,225.86275347101255,224.7098067481224,224.74475179722094,50228600
2017-11-14,225.11158752441406,225.21639600683287,224.05470646441782,224.8320804677906,61315200
2017-11-15,223.98486328125,224.66614513383567,223.27737930569037,224.14207601909382,80811500
2017-11-16,225.88894653320312,226.2558028958665,224.8844963178253,224.9281576360003,67777000
2017-11-17,225.22511291503906,225.86273339190677,225.1465065530022,225.53956501844647,75756800
2017-11-20,225.6094207763672,225.80157853989257,225.22510524931647,225.4696939076753,48075500
2017-11-21,227.08558654785156,227.26902808267985,225.57455287648494,226.37810249998583,69176800
2017-11-22,226.88473510742188,227.22536277488294,226.7187794099798,227.09435213355175,45033400
2017-11-24,227.4087371826172,227.51357233228404,227.23406524369858,227.37381878799133,27856500
2017-11-27,227.2952117919922,227.749390818247,227.09431107476212,227.45242453316544,52274900
2017-11-28,229.60105895996094,229.62726108124528,227.66202201913927,227.75811423402223,98971700
2017-11-29,229.46127319335938,230.2648492252935,229.0158371941007,229.7320372936807,77512100
2017-11-30,231.47021484375,232.37857274930585,230.2998090900364,230.37841544790612,127894400
2017-12-01,230.9898223876953,231.7322513570046,227.75811195549682,231.25187025317766,164390900
2017-12-04,230.7103271484375,233.03365281038865,230.6578962545037,232.6056759761227,94040600
2017-12-05,229.8804931640625,231.59242674098863,229.74948259916422,229.8804931640625,77994500
2017-12-06,229.9242401123047,230.35224365740348,229.4613181737277,229.97664435778418,75898600
2017-12-07,230.64918518066406,230.9636106197974,229.66219423795215,230.64918518066406,77218600
2017-12-08,231.90696716308594,231.9156834339006,230.61426690101155,231.6012579582747,76563900
2017-12-11,232.60565185546875,232.6667990126684,231.8807088587994,232.60565185546875,83077500
2017-12-12,233.01622009277344,233.48788494970145,232.6406474545075,233.39179273103937,85195800
2017-12-13,232.99002075195312,233.6975047181604,232.9026714581071,233.26078490419235,102905400
2017-12-14,232.03797912597656,233.4005428387963,231.98557487973446,233.28699142018422,100666700
2017-12-15,233.97024536132812,234.43553349269078,232.98699699252464,233.0396690986028,144610300
2017-12-18,235.4539337158203,235.80509006221476,235.2607937065766,235.36613793134373,83653600
2017-12-19,234.54969787597656,235.74363483481503,234.47945053044936,235.69975033749483,82382900
2017-12-20,234.42674255371094,235.5680072245659,234.1282583596644,235.51533511923463,76751500
2017-12-21,234.9095458984375,235.62067280286735,234.66373384448187,235.05001375662707,67032300
2017-12-22,234.84808349609375,234.96221529101388,234.3125481795073,234.92709163299972,78720900
2017-12-26,234.5672149658203,234.78669100611233,234.3038544340734,234.44429552333253,45244400
2017-12-27,234.6813507080078,235.0412946350718,234.40920255682684,234.7340228152358,57751000
2017-12-28,235.16412353515625,235.20803480694806,234.79541888451618,235.18169876047378,45116100
2017-12-29,234.27748107910156,235.76114118823554,234.08436789215662,235.7435927507426,96007400
2018-01-02,235.95431518554688,235.98943885710432,234.75159065194177,235.13787066453907,86655700
2018-01-03,237.44674682617188,237.59600232641256,236.12110292886277,236.12110292886277,90070400
2018-01-04,238.447509765625,238.9303730753286,237.50817277946746,238.08759267620826,80636400
2018-01-05,240.03656005859375,240.15945270574503,238.7460399102112,239.23766408183238,83524000
2018-01-08,240.47557067871094,240.63358703131274,239.65033844866002,239.94003509509662,57319200
2018-01-09,241.01986694335938,241.6431715281476,240.61601165382154,240.89694747484407,57254000
2018-01-10,240.65109252929688,240.91447986147978,239.5976235750946,240.26481254196977,69574300
2018-01-11,242.4069061279297,242.4069061279297,241.03737770393656,241.20418164712254,62361500
2018-01-12,243.98709106445312,244.1538681759935,242.37172413060318,242.67023506663259,90816100
2018-01-16,243.15313720703125,245.89219413547542,242.45958535928062,245.2425535744117,106555100
2018-01-17,245.4708251953125,245.85710525696388,243.15317161691908,244.0837480950297,113258800
2018-01-18,245.05816650390625,245.7780275136728,244.56651555336,245.35665068678648,100728000
2018-01-19,246.1731414794922,246.1731414794922,245.05821269286884,245.6376059390425,140920100
2018-01-22,248.1747589111328,248.1747589111328,245.90975090331943,245.96244980743063,91322400
2018-01-23,248.701416015625,248.99111252913826,247.89373259817526,248.21855277109995,97084700
2018-01-24,248.60491943359375,249.93935104203206,247.42853095192575,249.34235578964626,134816100
2018-01-25,248.71026611328125,249.56183431704545,247.92015763767293,249.46527770838205,84587300
2018-01-26,251.5897979736328,251.63370926274965,249.28969303570867,249.544292779746,107743100
2018-01-29,249.9216766357422,251.45800846574423,249.76366036318794,251.01905651431508,90118300
2018-01-30,247.35830688476562,249.97444436968703,246.88423109421504,248.09574323033812,131796400
2018-01-31,247.48117065429688,248.71023108676374,246.41012653639544,248.20984609063984,108364800
2018-02-01,247.2001953125,248.49950287103297,246.41008707469774,246.75248249293085,90102500
2018-02-02,241.81874084472656,246.0151221655599,241.78361717245468,245.88341509241843,173174800
2018-02-05,231.70521545410156,242.16984378788024,231.16091921572408,240.0628793719165,294681800
2018-02-06,236.27027893066406,236.77069057946676,227.11374775969838,228.20234001337388,355026800
2018-02-07,234.98863220214844,239.1059783080259,234.90959724654337,235.71728090980616,167376100
2018-02-08,226.1744384765625,235.4275552292879,226.1393148107997,235.2870873577438,246449500
2018-02-09,229.5719451904297,231.42431016741446,222.0395256489663,228.95740154214974,283565300
2018-02-12,232.94308471679688,234.4091964404118,229.71240386406902,231.61744087262778,143736000
2018-02-13,233.52249145507812,234.06678771243006,231.16092727411035,231.74034719721283,81223600
2018-02-14,236.67422485351562,237.03416884340766,232.03010345121902,232.038891067794,120735700
2018-02-15,239.6941680908203,239.7029557055696,235.95428785276758,238.4124355383196,111200300
2018-02-16,239.7643585205078,241.70454573082915,239.0269223449148,239.07083362163766,160420100
2018-02-20,238.26318359375,240.25604318291386,237.47307520829037,238.8162675010244,86369700
2018-02-21,237.07797241210938,241.17779601748344,236.98141582880206,238.70210022472662,98883700
2018-02-22,237.38528442382812,239.71172513772538,236.71809546663133,237.9998280651637,110511300
2018-02-23,241.16905212402344,241.16905212402344,238.13151113340072,238.60558689681895,92766400
2018-02-26,243.96954345703125,244.06612683938735,241.65189057007407,242.2400713124447,86491400
2018-02-27,240.92324829101562,244.86505645092993,240.8617885657484,244.15392938564298,99099200
2018-02-28,238.482666015625,242.46835850910344,238.1666333695874,242.02061880237406,121907800
2018-03-01,235.01495361328125,239.8170904251165,233.52250582934735,238.2719705350681,176855100
2018-03-02,236.22642517089844,236.7882966589394,232.48657189571603,233.3469007734564,139083200
2018-03-05,238.9567413330078,239.57128497673156,234.9359251780348,235.04129618469474,97307400
2018-03-06,239.56246948242188,240.0102091362149,238.0700218307826,239.93117419254034,79213200
2018-03-07,239.4746551513672,239.82581139761658,237.2096745902801,237.4028145444429,87063500
2018-03-08,240.63356018066406,240.75645284402566,239.15868747125592,240.15069676846312,66901200
2018-03-09,244.82115173339844,244.82115173339847,241.72215083012168,242.03821028889664,113625300
2018-03-12,244.51382446289062,245.73412394284,244.1275445405689,245.11081957380026,71924800
2018-03-13,242.93360900878906,246.1730770862234,242.32785307291076,245.6726653493665,91968900
2018-03-14,241.68698120117188,244.07488135752644,241.13392413862624,243.89052900334457,105895100
2018-03-15,241.4236297607422,242.83704251505435,240.92321798909455,242.1961896626177,83433000
2018-03-16,241.68548583984375,242.73437827382625,241.63260276744262,241.94990120184937,100343700
2018-03-19,238.4153289794922,241.86168501139227,236.7670775944114,240.93620460870457,109208400
2018-03-20,238.82083129882812,239.4554549648832,238.14212048028443,238.81200848856804,59757300
2018-03-21,238.36245727539062,240.86568740550535,238.15092503585717,238.77672584368344,78709600
2018-03-22,232.40411376953125,236.98748341572107,232.1308487161802,236.14132741776228,148785900
2018-03-23,227.45046997070312,233.17090531261704,227.25655645235332,232.84478414512185,183534800
2018-03-26,233.67327880859375,233.95533970718193,228.6492001841799,231.0466640245638,141956100
2018-03-27,229.6980743408203,235.1364210790614,228.14676641865353,234.60759055905518,129941400
2018-03-28,229.01942443847656,231.49624022540982,227.91764906479978,229.83034294898033,146452300
2018-03-29,231.9457550048828,233.80556589293712,229.02825585763088,230.15647280673,111601600
2018-04-02,226.9392547607422,231.92809620608446,224.4712755675117,231.41685743848606,186286300
2018-04-03,229.84793090820312,230.32390533759397,226.38395605270182,228.1732379441203,119956900
2018-04-04,232.30714416503906,233.01226968208627,226.17246609052276,226.30467376261734,123715300
2018-04-05,234.14047241210938,235.02189260297175,232.97699130445676,234.06112092397936,82652600
2018-04-06,228.92250061035156,233.6733424388094,227.4064564911248,232.18376675366508,179521200
2018-04-09,230.05067443847656,233.43532481155327,229.11637116929023,230.37679561184027,105442900
2018-04-10,233.70855712890625,234.4930340065151,231.79589038705828,232.93290306078362,103529000
2018-04-11,232.48336791992188,234.14044196708517,232.1572467955175,232.22774856614302,91140200
2018-04-12,234.39602661132812,235.33915251720393,233.62919547435055,233.80549024324878,68890500
2018-04-13,233.70855712890625,235.81516428659432,232.70375210342695,235.7005753585113,85079200
2018-04-16,235.63003540039062,236.39689352112617,234.51946430947865,235.33917858817293,63405300
2018-04-17,238.15087890625,238.75023806803924,236.88163191728188,237.39284369673635,64682000
2018-04-18,238.32725524902344,239.12932407604146,237.86889946351178,238.59167058773116,57303900
2018-04-19,237.0050506591797,237.87764790291487,235.97377736301559,237.67491160741451,77655900
2018-04-20,234.99545288085938,237.15494337179408,234.11403258232485,236.93458829716045,99953100
2018-04-23,234.9601593017578,236.12364027357134,233.884825718501,235.56834131435096,65558000
2018-04-24,231.7958984375,236.2029995241592,230.2974733085117,235.98264446982625,112885500
2018-04-25,232.36880493164062,232.8095150189369,229.91845792222574,231.73418132998165,103840900
2018-04-26,234.73101806640625,235.559555230159,232.95055889473045,233.3912690074155,67731900
2018-04-27,234.95140075683594,235.6389075375341,234.01709735995928,235.33922785351837,57053600
2018-04-30,233.1444854736328,236.12369030599413,233.07395678832052,235.568391229111,82182300
2018-05-01,233.55874633789062,233.6645124635416,231.02904763828548,232.58035587799654,74203400
2018-05-02,231.98980712890625,234.17571200711808,231.60198008945386,233.36482048739748,86368900
2018-05-03,231.47862243652344,232.1308649285438,228.3319451352399,231.16132400218362,136311500
2018-05-04,234.4753875732422,235.15409832989712,230.18287558263515,230.50899674677927,91222100
2018-05-07,235.2687225341797,236.23826336253111,234.55474733145712,235.2422810006576,55304900
2018-05-08,235.2687225341797,235.63008119271018,233.70859135993757,234.89851416605737,67499200
2018-05-09,237.54275512695312,237.86887631255698,235.41852911669892,235.93856383142008,59666100
2018-05-10,239.7639617919922,240.0901099271998,238.17741586945073,238.28318201111145,72063900
2018-05-11,240.49551391601562,240.75992922415082,239.3760930143519,239.88733180849408,59871500
2018-05-14,240.61009216308594,241.57963284906248,240.06358905252702,240.9273905187562,54790600
2018-05-15,238.95306396484375,239.40257005534806,238.00993772791824,239.3849513317959,87036100
2018-05-16,239.95787048339844,240.41622628638353,238.9618611716067,238.9883296053002,53942600
2018-05-17,239.75515747070312,240.83049137123183,238.97950326064117,239.69345159062675,56536400
2018-05-18,239.15576171875,239.7727666974474,238.8031989732715,239.4113811412176,64368000
2018-05-21,240.953857421875,241.4915377795711,240.2487319580376,240.63655903279187,58025900
2018-05-22,240.28392028808594,241.7294621619401,239.95779915524992,241.47384280155237,52966400
2018-05-23,240.94500732421875,240.971475752457,238.85604580289476,239.01472187827835,64694200
2018-05-24,240.45143127441406,240.8216396115561,238.67097206902508,240.54840148842243,76043800
2018-05-25,239.87852478027344,240.50432564990533,239.3761087629519,239.87852478027344,56374800
2018-05-29,237.11965942382812,239.01473442804837,236.0090882306861,238.25669904659816,115908600
2018-05-30,240.28392028808594,240.72463033760636,238.3536350180888,238.4241367905371,69678400
2018-05-31,238.8119354248047,240.178125656547,238.2125762843502,239.87844608631977,93519900
2018-06-01,241.15655517578125,241.45623479489305,240.03713438510212,240.10766305948604,71258400
2018-06-04,242.30242919921875,242.55804861167155,241.73833420831608,241.97630799995767,45385200
2018-06-05,242.4786834716797,242.85768767237997,241.66776511550432,242.4345963258353,51135000
2018-06-06,244.50595092773438,244.6117170448222,242.4698724773669,243.08687735879116,62732200
2018-06-07,244.47950744628906,245.28160302621228,243.57164575012257,244.9907462065433,72969400
2018-06-08,245.2022705078125,245.2551535642236,243.85369877171357,244.02117074995135,72139700
2018-06-11,245.52838134765625,246.2423294780415,245.30802632225817,245.42261523927425,58892500
2018-06-12,245.8457794189453,246.2071380967235,245.2023328705508,245.9427227474188,72329000
2018-06-13,245.06117248535156,246.3392420934273,244.8584362258056,246.08362279205204,79070600
2018-06-14,245.67823791503906,246.2070684640839,245.08767460352945,245.92503447086239,77097600
2018-06-15,245.36485290527344,245.70130092797672,243.7888808670294,244.895603562976,120041600
2018-06-18,244.86013793945312,244.98410382907056,243.43469232640646,243.91277699312204,52917600
2018-06-19,243.9216766357422,244.1430211698944,242.17748062583885,242.59360943082888,97531500
2018-06-20,244.33779907226562,245.00183265741478,244.00135106598808,244.603401698487,53785500
2018-06-21,242.80612182617188,244.34669834937597,242.3103121693889,244.328973491891,71061400
2018-06-22,243.24880981445312,244.17847318128233,243.0274652537223,244.06336968656635,54898500
2018-06-25,239.93743896484375,242.25712501103698,238.25522616199765,242.0977634550983,137854200
2018-06-26,240.46873474121094,241.3186902838372,239.7515805303076,240.50415743620357,68547400
2018-06-27,238.47662353515625,242.47852327145034,238.32609735255744,241.05307733908927,105110700
2018-06-28,239.840087890625,240.60150009170255,237.7151588224368,238.42347751836468,76650500
2018-06-29,240.185302734375,242.2925063463622,240.07019929042124,240.92901688809027,97592500
2018-07-02,240.69888305664062,240.85827165334734,238.3791967022646,238.61826608752668,63554800
2018-07-03,239.84893798828125,241.69053969089012,239.4239737642924,241.59313404316126,42187100
2018-07-05,241.80552673339844,241.8675096663407,239.90196979847428,240.97329642932044,56925900
2018-07-06,243.85092163085938,244.22276541387367,241.4515268031284,241.83226003568575,66493700
2018-07-09,246.04660034179688,246.09972087308518,244.80707624573822,244.8513343486122,50550400
2018-07-10,246.93190002441406,247.0293056471973,246.2058836349034,246.49807348366292,51966800
2018-07-11,245.125732421875,246.17049896399453,244.82470715366816,245.38249959930695,77054700
2018-07-12,247.3480987548828,247.40121928431503,245.7809890974369,246.3830397774005,60124700
2018-07-13,247.54290771484375,247.84393308483635,246.71951240695805,247.17106397174726,48216000
2018-07-16,247.32159423828125,247.72886072892837,246.87890504682886,247.5872239649151,48201000
2018-07-17,248.32205200195312,248.71162061414097,246.49817487198345,246.5512954082271,52315500
2018-07-18,248.84434509277344,248.9505861324455,247.9589670693822,248.40165608107782,44593500
2018-07-19,247.90585327148438,248.561024380289,247.42774156040312,248.18031830461032,61412100
2018-07-20,247.62254333496094,248.33086203476083,247.4631817598543,247.70222412251422,82337700
2018-07-23,248.08291625976562,248.28653589889728,247.0735724116495,247.41888278692855,47047600
2018-07-24,249.3313446044922,250.1724647113452,248.46369125173717,249.49073321709503,68026900
2018-07-25,251.45619201660156,251.7749150987928,249.03910056495852,249.08335865317733,78882900
2018-07-26,250.86306762695312,251.54479914564217,250.64172306664634,250.73912872337314,57919500
2018-07-27,249.1630859375,251.2879877104607,248.2422852620333,251.19058208133256,76768700
2018-07-30,247.86154174804688,249.40209057216975,247.33914503544705,249.24272904269247,63742500
2018-07-31,249.08338928222656,249.69430228447183,248.24229636551306,248.62300243369685,68570500
2018-08-01,248.66732788085938,249.79177557602364,248.02101903646468,249.28710347754523,53853300
2018-08-02,250.0220184326172,250.190215469967,247.1622364840002,247.36588324231434,63426400
2018-08-03,251.0932159423828,251.14633646287567,249.96876854623287,250.14585496093795,53935400
2018-08-06,252.0140380859375,252.32389880862098,250.73909144654593,251.12865997633756,39400900
2018-08-07,252.8462371826172,253.22697025725319,252.54521190516917,252.67804022075435,43196600
2018-08-08,252.7400665283203,253.13849754684549,252.27967956747327,252.67811058599844,42114600
2018-08-09,252.39476013183594,253.1915950768919,252.2619588109262,252.80202652249167,35717000
2018-08-10,250.7036895751953,251.5005245360856,249.99537081693893,250.9604568137881,77076000
2018-08-13,249.76512145996094,251.58899784882067,249.47293160974718,250.97808491065413,65732900
2018-08-14,251.35887145996094,251.5979408721001,250.10164951750664,250.49121809619365,43842000
2018-08-15,249.48182678222656,250.15472274901578,248.0475186589918,250.01305901813416,102925400
2018-08-16,251.50050354003906,252.36818381411726,250.88072805575527,250.91615074561037,69967900
2018-08-17,252.3859100341797,252.82859913857132,250.88961869976814,251.2968851103208,65618500
2018-08-20,252.9259033203125,253.19150586855085,252.38580877944412,252.83736013103712,39807500
2018-08-21,253.51914978027344,254.37796757696117,252.96135728082962,253.43946899743776,67272000
2018-08-22,253.36856079101562,253.89093041742328,252.84616414502352,253.11179367987137,44993300
2018-08-23,253.0321807861328,254.05036006048783,252.7134306627465,253.1915423380301,49204900
2018-08-24,254.55502319335938,254.69668690778963,253.55454178616444,253.60766230162693,57487400
2018-08-27,256.5649108886719,256.6711519566475,255.5909893995617,255.75035100152513,57072400
2018-08-28,256.6888427734375,257.1315318443619,256.2284288471343,257.0252637708789,46943500
2018-08-29,258.0699768066406,258.3001567022933,256.6622290964166,256.9012714179143,61485500
2018-08-30,257.0252685546875,257.96376724094705,256.4320803195823,257.5919235454238,61229500
2018-08-31,257.0341491699219,257.4768382804098,256.1310731115822,256.6180203252793,66140800
2018-09-04,256.5914001464844,256.94554594826343,255.59091866725385,256.617960406128,57594400
2018-09-05,255.9008026123047,256.4408972432379,254.8914857411,256.23725057590366,72452400
2018-09-06,255.13052368164062,256.30806451437036,254.10348197555564,256.007039241489,65909900
2018-09-07,254.63473510742188,255.6086563759925,253.84673566570757,254.08580503411685,73524800
2018-09-10,255.07745361328125,255.90971124627146,254.88266933705808,255.64408158618681,50210900
2018-09-11,255.9185333251953,256.361222382682,254.0858211620934,254.43110457674317,50530500
2018-09-12,255.98065185546875,256.5827028078177,255.19267896599058,255.92753130200327,59810800
2018-09-13,257.4944152832031,257.68036407645906,256.7595635932611,257.0428909757199,51034200
2018-09-14,257.538818359375,257.88410181150124,256.75968121049704,257.698179952664,55079900
2018-09-17,256.17535400390625,257.52111929245183,255.9008888925555,257.4857236145753,68244000
2018-09-18,257.5653381347656,258.15852631195645,256.36120990681127,256.38777016818403,61930400
2018-09-19,257.8398742675781,258.2560031568843,257.4945637549275,257.61852968857704,49080600
2018-09-20,259.9292907714844,260.2480409377501,257.85750925934076,259.0970602153132,100360600
2018-09-21,259.6918029785156,260.78575750232153,259.5317200165653,260.6701329824998,105479700
2018-09-24,258.8290710449219,259.25598604173615,258.25097564679436,259.1136810427981,53409600
2018-09-25,258.5890197753906,259.3894618716786,258.3488952890775,259.2827398777616,44370000
2018-09-26,257.81512451171875,259.9140616823073,257.3971121576579,258.7311906737802,79739700
2018-09-27,258.53564453125,259.62069664612955,258.0109099954677,258.2866175118633,59249500
2018-09-28,258.56231689453125,259.060370917637,257.877499398238,257.9130552985251,70091400
2018-10-01,259.4606018066406,260.5278487801344,258.7935622699914,259.7985457060066,62078900
2018-10-02,259.3094177246094,260.0209157713873,258.9358907497197,259.3094177246094,47258200
2018-10-03,259.4517822265625,260.77695917771814,259.09603312163875,260.3589465154056,64694600
2018-10-04,257.42388916015625,259.02477312297555,255.840783146468,258.97141213367536,111545900
2018-10-05,255.98309326171875,258.16207274661025,254.56007018759942,257.6462407924696,105951700
2018-10-08,255.98309326171875,256.3388422447717,253.9197111613411,255.29824864888656,87742200
2018-10-09,255.60952758789062,256.9080235309674,255.04921007260296,255.6006521845047,74339000
2018-10-10,247.5160369873047,255.1736622111795,247.14251018139765,255.10249615355065,214731000
2018-10-11,242.064208984375,248.04975962653202,240.45439529116155,246.43107052946968,274840500
2018-10-12,245.42604064941406,246.43992642315365,242.24202404876104,246.1553164318959,183186500
2018-10-15,244.0474853515625,246.39547715394392,243.95854133324738,245.07027370742713,102263700
2018-10-16,249.38375854492188,249.7573125018681,245.5327301949024,246.00410355610893,118255800
2018-10-17,249.4283905029297,250.05094460734145,246.85805115219537,249.4194879548089,110626000
2018-10-18,245.82630920410156,249.0903680882972,244.55449361278917,248.49446746711695,134557500
2018-10-19,245.69293212890625,248.4055491200804,244.99921199445404,246.47559630970608,139901600
2018-10-22,244.59005737304688,246.6800928007739,244.05642033413275,246.3599268625698,82415800
2018-10-23,243.34490966796875,244.4655448019636,238.89797931644497,240.97916660583792,146352700
2018-10-24,235.97190856933594,243.47832885220126,235.42049357209595,243.0958722305184,177806700
2018-10-25,240.20538330078125,241.7440310079275,236.78126856701027,237.8040571423669,138061500
2018-10-26,235.9807891845703,241.02362004077827,233.27707512923888,236.50555084001812,201574600
2018-10-29,234.67340087890625,240.35659102695715,231.10698111147096,239.06697033859635,160749100
2018-10-30,238.15087890625,238.462169433922,234.01523944405503,234.50441802808442,157116000
2018-10-31,240.6945037841797,243.00691248842708,240.2409083023507,240.7122817306013,128296300
2018-11-01,243.25596618652344,243.4516321862805,240.47218374803228,241.55723572088397,99495000
2018-11-02,241.815185546875,244.78573168928202,239.76958135193883,244.3588166152821,122634100
2018-11-05,243.14923095703125,243.70064588758427,241.33487607109518,242.3043034718907,65622500
2018-11-06,244.6879119873047,244.84799497942296,243.0247642380611,243.08702778229969,60085900
2018-11-07,249.9263916015625,250.00643309191767,246.43108367126504,246.85799876173513,102752100
2018-11-08,249.4727783203125,250.11313733964522,248.33436530171073,249.12590474479975,65584900
2018-11-09,247.03590393066406,248.35217805236317,245.630658624312,248.1654145619431,98812600
2018-11-12,242.42001342773438,246.76909801815407,241.9041542101757,246.5289735049613,99673600
2018-11-13,241.9663848876953,244.87466772001525,241.2459843040756,242.88245150278644,98176600
2018-11-14,240.31214904785156,244.23431809199508,238.75572328236524,243.83411060887397,125335900
2018-11-15,242.82012939453125,243.2826274347736,237.4749385755685,239.04914185232997,135101400
2018-11-16,243.45167541503906,244.35883949759102,241.2104049940472,241.72626414950847,126668000
2018-11-19,239.3338165283203,243.14038813498033,238.41774988663542,242.84687550829725,103061700
2018-11-20,234.90463256835938,237.46606866293442,234.0419270384769,236.00746255389294,136021300
2018-11-21,235.70509338378906,237.599490110918,235.69621797932788,236.45217444737756,75563700
2018-11-23,234.13087463378906,235.527217228284,233.97079166091788,234.06861109703652,42807900
2018-11-26,237.91079711914062,238.1331436585043,235.989719762009,236.38105184264202,79981400
2018-11-27,238.71119689941406,238.71119689941406,236.27428794556133,236.8790639113208,75502400
2018-11-28,244.2075958251953,244.2075958251953,238.64893332775299,239.77847091805359,127629600
2018-11-29,243.67404174804688,245.07035745935582,242.29547684780206,243.43389010233471,82346400
2018-11-30,245.15927124023438,245.71958882183426,243.2026381197173,243.52280408525462,98204200
2018-12-03,248.405517578125,249.38384767989874,246.81353606087058,249.27712569459774,103176300
2018-12-04,240.3566131591797,248.00533967236856,240.04532257036914,247.57842453840732,177986000
2018-12-06,239.99191284179688,240.10753736347036,233.410461928897,236.50553495236963,204185400
2018-12-07,234.41543579101562,241.21923213813594,233.5794109178372,239.65390435143553,161018900
2018-12-10,234.86019897460938,235.8296265873571,230.01303376896047,234.23761783450223,151445900
2018-12-11,234.91354370117188,238.2398388706836,233.44606213473483,238.05307539835013,121504400
2018-12-12,236.0963592529297,239.24479274981599,236.01631778375912,237.88403349011207,97976700
2018-12-13,236.016357421875,237.90185139073836,234.90462492684645,237.03914588891996,96662700
2018-12-14,231.6583709716797,234.8245829393611,231.10695599803614,233.87293341160515,116961100
2018-12-17,227.1136016845703,231.81844749138895,225.48602373208445,230.7067150296598,165492300
2018-12-18,226.86460876464844,229.41715610831534,225.26371106517817,228.75011653111562,134515100
2018-12-19,223.4671173095703,230.70671867180351,221.76840039515483,226.9446197617869,214992800
2018-12-20,219.82952880859375,223.78729366508378,217.58827236195947,222.22197924177337,252053400
2018-12-21,215.32533264160156,223.3855045339363,214.6812341608542,220.72860171340417,255345600
2018-12-24,209.63583374023438,215.45060262563953,209.57322025034426,213.84035620425558,147311600
2018-12-26,220.22763061523438,220.22763061523438,209.1169520452067,211.093979247737,218485400
2018-12-27,221.91839599609375,222.1151909748024,213.76877426318353,216.998207573705,186267300
2018-12-28,221.6321258544922,224.89733637571823,220.46916948727355,223.26920838177477,153100200
2018-12-31,223.5733184814453,223.81485878090328,221.3816013239506,223.25126929890155,144299400
2019-01-02,223.80592346191406,224.72735303150918,220.02185547983245,220.04869177649815,126925200
2019-01-03,218.46530151367188,222.36566931905944,217.98222086036947,222.06150186504593,144140700
2019-01-04,225.782958984375,226.42705742914634,221.11325208488387,221.48897390263343,142628800
2019-01-07,227.563232421875,228.96771572413164,225.15681037989435,226.05139025273738,103139100
2019-01-08,229.70123291015625,230.18431361996602,227.22325682723428,229.74597827796512,102512600
2019-01-09,230.77471923828125,231.61562631457824,229.18236851303053,230.4079382964577,95006600
2019-01-10,231.58885192871094,231.8393332119918,228.5651674588411,229.24505692792303,96823900
2019-01-11,231.67820739746094,231.70504369028964,229.93376646239582,230.515237673951,73858100
2019-01-14,230.26478576660156,231.06990195416668,229.37916069032022,229.78170513390126,70908200
2019-01-15,232.90383911132812,233.2169474781809,230.6315989437874,230.64055347725395,85208300
2019-01-16,233.46737670898438,234.35300171188604,233.12743211785823,233.33316793850767,77636700
2019-01-17,235.23866271972656,236.09747886046176,232.55492370584037,232.59966906964814,96118400
2019-01-18,238.36976623535156,238.83496528240164,235.27452724724128,237.0458053793808,127900300
2019-01-22,235.1492462158203,237.1173328055578,233.53901340633362,236.9026423777357,115531200
2019-01-23,235.64126586914062,236.87579034797807,233.18117144550067,236.17801920347108,86030300
2019-01-24,235.76649475097656,236.34799345977734,234.451461356412,235.46234089582398,59204100
2019-01-25,237.76144409179688,238.58446960976903,235.8649390769533,237.60935349702385,96883400
2019-01-28,235.95437622070312,236.01697605824288,234.19205292689497,235.62338606355894,85613700
2019-01-29,235.64126586914062,236.6610726340007,234.80931321615319,236.09751029838282,66136300
2019-01-30,239.37168884277344,240.21259617219724,236.3927496484114,237.15314805911336,92473700
2019-01-31,241.47393798828125,241.95701876265906,239.0943522557528,239.309069989038,104012100
2019-02-01,241.59017944335938,242.61001335424547,240.80294497890085,241.67068833626018,85782500
2019-02-04,243.2899169921875,243.35254413085923,240.96400403080258,241.63493888694768,60744800
2019-02-05,244.3097686767578,244.61392255740444,243.2183801401264,243.71934268476923,79552800
2019-02-06,243.98760986328125,244.52436303605344,243.2540754042397,244.0323552195792,58347800
2019-02-07,241.6617431640625,242.92307635961063,240.00676546510306,242.37739591476807,95482000
2019-02-08,241.9569854736328,242.0553761416929,239.5952818353024,240.41830721543772,75788900
2019-02-11,242.09117126464844,242.86945129093857,241.56337248015748,242.61004281578042,68021400
2019-02-12,245.2042999267578,245.58000811053353,243.62983092699662,243.70141259084346,72270200
2019-02-13,246.00050354003906,246.8414107807634,245.61584075769358,246.03629437805574,65277200
2019-02-14,245.45480346679688,246.58198272142158,244.10397926802654,244.91805014076567,83234400
2019-02-15,248.1295166015625,248.16530742640353,247.02024673509356,247.22598255202874,97088700
2019-02-19,248.5589599609375,249.21198562989034,247.32443568208936,247.33339021467367,59120800
2019-02-20,249.0599822998047,249.51622676490462,248.02226638531727,248.52322892328903,76610800
2019-02-21,248.1742706298828,248.78257817143526,247.21706395983918,248.42475181172213,64214700
2019-02-22,249.71302795410156,249.90980930917786,248.15644047874292,248.7915845167354,78114600
2019-02-25,250.05291748046875,251.65422284883292,249.97240858043799,251.13537861516554,69030700
2019-02-26,249.87393188476562,250.75060225020997,249.49819651357697,249.70395960975142,56844100
2019-02-27,249.76663208007812,250.1155039234547,248.2279540955296,249.15829721146872,56921600
2019-02-28,249.3014373779297,249.9902811449562,248.9794018248287,249.55191857492036,69268300
2019-03-01,250.8579864501953,251.26948536139884,249.4266538411931,250.87586821141326,78880500
2019-03-04,249.9456024169922,252.1552157189455,247.6554802053009,251.91368898973167,106494600
2019-03-05,249.60556030273438,250.2675676918102,249.05987991620924,250.07075911133893,59114600
2019-03-06,248.0938262939453,249.73092276380123,247.7717906411017,249.7219682288629,75039800
2019-03-07,246.01844787597656,247.78969875576004,245.17754051470823,247.6465626835852,94885100
2019-03-08,245.52635192871094,245.6963242662043,243.701428884689,244.1666005291717,85795800
2019-03-11,249.08680725097656,249.24782506646932,246.21521367305095,246.24204997563308,65098900
2019-03-12,250.0260467529297,250.5449182155576,249.4535299980749,249.64138407228003,79667500
2019-03-13,251.68104553222656,252.6114160495917,250.75067501486143,250.91172010661697,80639200
2019-03-14,251.52008056640625,252.12838832842567,251.08174516442332,251.70793469576876,67518400
2019-03-15,252.7626190185547,253.57128140649104,251.88205968642623,252.07076859944303,81309000
2019-03-18,253.67919921875,253.9757262440812,252.75372449783706,252.97835455068642,62199800
2019-03-19,253.74212646484375,255.50321856970672,252.852600145159,254.73949825355814,90268100
2019-03-20,252.978271484375,254.73039628954794,251.87310953646286,253.5263828920967,84609200
2019-03-21,255.8356475830078,256.239965190846,252.11576106694608,252.1607035260337,79550400
2019-03-22,250.91175842285156,255.00001424357242,250.84885542975505,254.47888460808878,122659300
2019-03-25,250.7230682373047,251.7563609170328,249.46514552195487,250.57030774799213,85575200
2019-03-26,252.5919647216797,253.54439382873687,251.19027556711794,252.47515272202335,68125900
2019-03-27,251.27117919921875,253.16707116109836,249.7257232922533,252.58301106957472,72224700
2019-03-28,252.22360229492188,252.6728624031701,250.75004339861144,251.90014817890042,56238500
2019-03-29,253.81399536132812,254.1374494706387,252.60998158668255,253.73313183400046,82186800
2019-04-01,256.82403564453125,257.12056268797323,255.5391582447158,255.808730776996,77617900
2019-04-02,256.9497985839844,257.1834225886773,256.1590964948618,257.01270157304134,40070400
2019-04-03,257.3540954589844,258.5581088983009,256.7520750289998,258.1627579277011,68243200
2019-04-04,258.0369873046875,258.2885718276397,256.9857341776094,257.67758476056383,48997500
2019-04-05,259.2860107421875,259.33991976678186,258.4144449503601,258.70197802863925,58621700
2019-04-08,259.4836730957031,259.59149113940293,258.2077622637104,258.8636919237671,53566300
2019-04-09,258.15386962890625,258.8457204003386,257.6057853984204,258.52226624870707,66142300
2019-04-10,259.0344543457031,259.1243118700279,258.153894480387,258.567206187481,52601500
2019-04-11,258.96246337890625,259.528535413988,258.3963913438245,259.5195414386195,55093100
2019-04-12,260.71466064453125,260.99319975147006,259.0074775121329,260.57089410213314,69727800
2019-04-15,260.5439453125,260.88538743061287,259.74424904421835,260.78653593400213,49596700
2019-04-16,260.71466064453125,261.47840840448066,260.12163393988806,261.4244993786644,52153200
2019-04-17,260.07666015625,261.8557124477344,259.6633211574548,261.8287579409137,58268300
2019-04-18,260.5888671875,260.85843975022857,259.3668926492603,260.6607641724938,68708500
2019-04-22,260.81341552734375,260.9661760070736,259.7352078763909,259.8250653691345,40160100
2019-04-23,263.1585998535156,263.39222387949684,260.9482478452623,261.1818444505832,52246600
2019-04-24,262.574462890625,263.4100797614292,262.4306964256507,263.0776318077103,50392900
2019-04-25,262.412841796875,263.06877148518953,261.22681584442034,262.4757447986305,57770900
2019-04-26,263.6347961425781,263.7066656882998,261.68499538422964,262.4577369591944,50916400
2019-04-29,264.0480651855469,264.56922213553327,263.6347536677554,263.72461115092415,57197700
2019-04-30,264.1828918457031,264.47042488251304,262.29602141570473,263.7066772500253,81111700
2019-05-01,262.1971435546875,265.0185097807534,262.1881495792361,264.8118402899683,71671900
2019-05-02,261.6310729980469,262.99684108288136,260.1395263594633,262.0803330426567,65030200
2019-05-03,264.1919250488281,264.4704641506386,261.7389547366939,263.1047231539981,56543700
2019-05-06,263.1046447753906,263.54491082051743,259.58243415240935,259.89692165063803,107198100
2019-05-07,258.7108154296875,261.29855700099677,256.80595772320976,260.7055306058509,144729900
2019-05-08,258.3515319824219,260.0587150102727,257.7585053140955,258.3515319824219,91568300
2019-05-09,257.56976318359375,258.17175626704255,254.55072152918922,256.2848860812778,103471100
2019-05-10,258.8635559082031,259.6183092381913,253.65212469545477,256.635216966823,112429300
2019-05-13,252.35841369628906,254.7215266168045,251.52279634725463,253.7601306768394,127290500
2019-05-14,254.64060974121094,256.1681049927601,253.24791445118507,253.37369301577155,77003200
2019-05-15,256.13214111328125,256.77008271546595,252.80760572827901,253.01427522562122,73956400
2019-05-16,258.5041809082031,259.86092728339565,256.7610501442226,256.83291966966533,76749600
2019-05-17,256.8329772949219,259.312901499198,256.1860417381828,256.2040296890674,100353000
2019-05-20,255.1348419189453,256.9408490176064,254.3890547384436,255.23366598683737,62877600
2019-05-21,257.4350280761719,257.8123911999107,256.57242895202023,256.8240135080661,46847100
2019-05-22,256.6443176269531,257.59674680267347,256.16810303909295,256.48259057914987,49482500
2019-05-23,253.5084228515625,254.46981832422244,252.09773999920623,254.4249032965787,98733800
2019-05-24,254.08355712890625,255.3594679586929,253.46357595804218,254.94612889767544,55268100
2019-05-28,251.720458984375,255.314540218978,251.70249844964093,254.3621108854613,70029400
2019-05-29,250.03114318847656,251.0105266692466,248.62945422327786,250.6062091335086,104972900
2019-05-30,250.71409606933594,251.62161026679743,249.6179003033244,250.78596562189657,62523800
2019-05-31,247.3356475830078,248.9979154505843,247.30869307361624,248.1712922154684,86862800
2019-06-03,246.70669555664062,248.48574798655588,245.37687580180707,247.37159172372733,96428000
2019-06-04,252.06182861328125,252.1966011366948,248.54861192613726,248.99787195128627,77231900
2019-06-05,254.24526977539062,254.2722242847403,251.87319069063545,253.67919765838639,71169700
2019-06-06,255.89849853515625,256.5723885707165,253.8948163786434,254.54175190960748,69430400
2019-06-07,258.4593505859375,259.5375858798903,256.7431735770717,256.9138946222919,74272200
2019-06-10,259.6452941894531,261.307561473152,259.5554367161571,260.00469666198643,60799100
2019-06-11,259.58251953125,261.82882037077394,258.93558379264056,261.46042374261225,58641300
2019-06-12,259.1242370605469,259.9059451972257,258.61207399835774,259.3488670961745,47096300
2019-06-13,260.1934509277344,260.55288092143763,259.3308792682955,260.0317238829631,48945200
2019-06-14,259.9058532714844,260.50784619847957,259.1421059363474,259.9058532714844,52324700
2019-06-17,260.0047607421875,260.7685083224592,259.83403972704474,260.13953327502185,39205700
2019-06-18,262.7272644042969,263.7785449569694,261.4603478082686,261.81977777473696,85434800
2019-06-19,263.3203125,263.85043609708407,261.8916687545038,262.862058449699,78674400
2019-06-20,265.83612060546875,266.24046558371964,263.3831784940885,265.9978750491621,116570000
2019-06-21,265.4497985839844,266.822182181022,265.23311368814433,265.5671787539079,83309500
2019-06-24,265.1247253417969,265.97341688825486,264.9712218644644,265.6574273212025,47582700
2019-06-25,262.5242614746094,265.20584542995545,262.4159191013043,265.1787598366292,82028700
2019-06-26,262.2625427246094,263.92385754593755,262.1542002988309,263.41824118962137,51584900
2019-06-27,263.1924743652344,263.6980906365372,262.64172460878746,263.02092303525444,40355200
2019-06-28,264.5467834472656,265.04336195090093,263.65293111911507,264.167557504222,59350900
2019-07-01,266.948486328125,268.08613665460155,265.74762708261784,267.86942429707057,78705600
2019-07-02,267.643798828125,267.6979700486466,266.06374060351243,266.9034220756254,61504500
2019-07-03,269.78369140625,269.8017668522389,268.17654729314495,268.32101309088887,40898900
2019-07-05,269.47662353515625,269.63916472557844,267.2645588956779,268.5556853748782,51677300
2019-07-08,267.9958190917969,269.29598290911434,267.45407957557853,268.16737039783294,45841800
2019-07-09,268.3299255371094,268.6278671624564,266.7859910977244,266.8401623023329,41101300
2019-07-10,269.61199951171875,270.56005064904815,268.8626128525521,269.3953147050236,58448500
2019-07-11,270.244140625,270.48791112906963,269.241945443128,270.25317834686444,50826100
2019-07-12,271.4539794921875,271.526226150782,270.42469881644513,270.7316782304043,40326000
2019-07-15,271.5443115234375,271.88741431405714,271.03869505958664,271.88741431405714,33900000
2019-07-16,270.66839599609375,271.6615806276131,270.3614166652641,271.4539059829256,36650100
2019-07-17,268.8265380859375,270.80386996621183,268.8265380859375,270.64135633183906,36036300
2019-07-18,269.8106689453125,270.18989495674094,267.8875359461371,268.3299433311183,51392600
2019-07-19,268.3119201660156,270.9302965017042,268.1403688062337,270.90321089510843,58678600
2019-07-22,268.970947265625,269.51268682028854,268.194475028688,268.7091014293009,43638100
2019-07-23,270.8941650390625,270.8941650390625,269.259935864137,270.090607031503,44564500
2019-07-24,272.167236328125,272.167236328125,270.04543875193104,270.13573328679485,47213200
2019-07-25,270.8670349121094,271.76992502848304,270.0634494826073,271.7157538258222,55394100
2019-07-26,272.68194580078125,272.88058279624516,271.4269148853435,271.5533327706519,45084100
2019-07-29,272.1852111816406,272.6818172131321,271.6344615085866,272.56443710470654,38126500
2019-07-30,271.51715087890625,271.9234625037329,270.4065859773304,270.7858119974368,45849000
2019-07-31,268.54669189453125,271.9506064237515,266.53326388586026,271.76097959602436,104245200
2019-08-01,266.2082214355469,271.652649838183,265.41367341757837,268.7002079366244,142646600
2019-08-02,264.20379638671875,265.55813204796215,262.6508237263318,265.314361548389,116749700
2019-08-05,256.25823974609375,260.2219124148856,254.3621652846192,260.11357002634685,178745400
2019-08-06,259.8517150878906,260.06842741136916,256.6735524016881,258.14526742033206,120711700
2019-08-07,260.00537109375,260.77283350802816,254.65123719190635,256.7820454862,140572300
2019-08-08,265.1065979003906,265.1065979003906,260.94428759030563,261.495037348534,87713900
2019-08-09,263.3009033203125,264.7635814112252,261.5222080674551,264.1676704197368,93730000
2019-08-12,260.0955810546875,263.29179245654484,259.1475298322207,261.80202916869314,65527600
2019-08-13,264.1404724121094,265.5851019991185,259.4544708605961,259.79757348733773,94299800
2019-08-14,256.33056640625,260.7005524202266,256.20417608457865,260.09563131231886,135622100
2019-08-15,257.007568359375,257.9014479713216,254.96705620923458,257.2152429265968,99556600
2019-08-16,260.79986572265625,261.23323542718947,257.06188669690755,258.6600201444486,83018300
2019-08-19,263.9420166015625,264.6191846019183,263.13845823590594,263.8156262362617,53571800
2019-08-20,261.91943359375,263.9689845752752,261.7930432847781,263.43628262555785,51596400
2019-08-21,264.0502624511719,264.4204232030708,263.39114265467236,264.077348056287,49524700
2019-08-22,263.968994140625,265.3865385206094,262.1993368727227,264.75453184479977,51666400
2019-08-23,257.1883239746094,264.33019001252563,255.94233087198558,262.66887506036954,149161500
2019-08-26,260.03240966796875,260.03240966796875,257.84740299073746,259.37328982123614,72423800
2019-08-27,259.0120849609375,261.7930019677156,258.2536605647307,261.42281371111113,66668900
2019-08-28,260.83599853515625,260.9985121802663,257.5494645347921,258.35305014787957,59696700
2019-08-29,264.1675720214844,264.6912637071327,262.3888774311626,263.39109976527214,57899400
2019-08-30,264.0502624511719,265.66641614641384,263.12028660352104,265.64836826101157,62901200
2019-09-03,262.50628662109375,263.26471107882736,261.1790369315544,262.35281071811187,69101400
2019-09-04,265.48583984375,265.50388772814705,263.9238298917129,264.6732441815311,46887300
2019-09-05,268.8988037109375,269.81070420416734,265.44975604997495,267.9688277765969,83258100
2019-09-06,269.1064147949219,269.7474866798832,268.53761711069353,269.21478476498777,49584300
2019-09-09,269.2418518066406,270.1808377169626,268.3028383422982,270.09057074583126,51260300
2019-09-10,269.17852783203125,269.241736728023,267.22828264920594,268.48328508413925,57947100
2019-09-11,271.0928649902344,271.17412182646217,268.83563880380444,269.4857210476575,68821100
2019-09-12,272.0318298339844,273.0881960688336,271.23728195073244,271.99570650637503,72908700
2019-09-13,271.8511962890625,272.82633309685326,271.4810080151809,272.47419270681183,62104800
2019-09-16,271.0115051269531,271.8963473751053,270.3704608488334,270.7225736719622,58191200
2019-09-17,271.69775390625,271.7880208906066,270.64136015983695,270.8129115165538,41475500
2019-09-18,271.8603515625,271.96869402043126,269.2780702476614,271.30957399597196,73375800
2019-09-19,271.8422546386719,273.2417514204653,271.50818956843375,272.24856637784467,76560500
2019-09-20,270.55780029296875,272.7256865360811,269.7686626835575,272.4444725268905,89565000
2019-09-23,270.4942932128906,271.21087820036234,269.64165479267564,269.89563042755236,43476800
2019-09-24,268.3717956542969,271.9728243964235,267.41031441968806,271.5827953011382,94869400
2019-09-25,269.95916748046875,270.4036179808236,266.97493260928337,268.4534446997761,71854000
2019-09-26,269.39678955078125,270.1768477756016,267.99085778219984,269.9682417151954,56179700
2019-09-27,267.94549560546875,270.258515016911,266.394430888546,270.1496445739282,84746600
2019-09-30,269.1882019042969,269.8957076382301,268.4172230044374,268.462564934567,51662400
2019-10-01,265.9861755371094,270.72102824217234,265.76849006877796,270.06794415591315,88242400
2019-10-02,261.28759765625,264.41696448642426,259.99958846909385,264.4078850320209,122539500
2019-10-03,263.42822265625,263.45543333301697,258.3486841034417,261.0607830524935,85278800
2019-10-04,266.9930725097656,267.2470481606347,264.02696908285304,264.081418140647,65091200
2019-10-07,265.841064453125,267.81847578384463,265.55987813972894,266.19483104942367,59610500
2019-10-08,261.7139587402344,264.7254038708757,261.67766859806807,263.9906876592985,95708100
2019-10-09,264.1993103027344,265.13358083305707,263.1017756443016,263.72764914999317,62359400
2019-10-10,265.9861755371094,266.86602454663546,263.954370682643,264.1176347838915,55296300
2019-10-11,268.74365234375,270.9750115009524,268.61667837739276,268.7345728885581,98720400
2019-10-14,268.44427490234375,269.09735886128357,268.0995878571728,268.42611599601287,40394800
2019-10-15,271.10205078125,271.8458464973218,269.3695631563232,269.4874853651235,46754500
2019-10-16,270.6665954589844,271.35596965464424,270.2312245406846,270.63938477659065,48928200
2019-10-17,271.46484375,272.3356133684746,270.77546947468795,271.8276621175921,45736600
2019-10-18,270.27655029296875,271.5736388782995,269.4239120539197,270.929634312639,64304000
2019-10-21,272.10882568359375,272.3083799212792,271.1564240881151,271.5918227015919,39048600
2019-10-22,271.2200012207031,272.93433011116593,271.1292896905478,272.6440642871781,48594700
2019-10-23,272.00909423828125,272.0635156111766,270.7573472991516,270.9659810160959,34352200
2019-10-24,272.4535217285156,273.0884746005034,271.62809406743776,272.94334172458434,35453100
2019-10-25,273.5692138671875,274.1134552290327,271.82764704553614,271.8820684135941,45205400
2019-10-28,275.1112060546875,275.6101055167936,274.7574671529367,274.7846778376868,42147000
2019-10-29,275.0295104980469,275.95472892845504,274.71203412842175,274.83903574877576,44284900
2019-10-30,275.8731994628906,276.24506964645207,273.92299861636155,275.22916703094626,49643900
2019-10-31,275.1384582519531,275.8641227568858,273.68718460462867,275.8641227568858,69053800
2019-11-01,277.68731689453125,277.7326588147076,276.41741095435447,276.5807027657832,71141500
2019-11-04,278.8028564453125,279.3743083231565,278.43095875209247,279.23825494301684,60606900
2019-11-05,278.49468994140625,279.30198680016724,278.2044240361475,279.002641434969,42933200
2019-11-06,278.55804443359375,278.83015127599856,277.61469457781413,278.494543609944,46487100
2019-11-07,279.5376281738281,280.8710069278483,279.0659671347833,279.89139471405895,54272300
2019-11-08,280.2270202636719,280.28144163006976,278.49453294996727,279.19295893958304,49032100
2019-11-11,279.6918640136719,279.8642075711623,278.71222403622494,278.8483051362286,35797300
2019-11-12,280.281494140625,281.17947453569053,279.5104877305214,280.05472917772806,46484600
2019-11-13,280.3721923828125,280.77130091310977,279.0660240438884,279.29278899604503,53917700
2019-11-14,280.7803039550781,280.8619636831978,279.4560046150865,280.09095744342886,51219900
2019-11-15,282.81219482421875,282.85753674364037,281.4243943784293,282.11374103249324,62023600
2019-11-18,283.020751953125,283.25659632840035,282.1227717261377,282.5763015670428,49228000
2019-11-19,282.9390869140625,283.6284610498649,282.29508236581955,283.6193815961007,67804700
2019-11-20,281.88690185546875,282.8665417247279,280.33583769061437,282.34951110935566,79406200
2019-11-21,281.4333801269531,282.1046230732926,280.63519090852355,281.99578034720054,54664700
2019-11-22,282.05926513671875,282.3132407351811,281.0524421975064,282.17718732194487,44850200
2019-11-25,284.2452697753906,284.2452697753906,282.9844712930347,282.9844712930347,48647200
2019-11-26,284.8893127441406,285.07073576578375,283.9641217688007,284.2815982160428,37569000
2019-11-27,286.1591796875,286.1591796875,285.1523291122122,285.3700145636202,44444600
2019-11-29,285.09796142578125,285.84175709981287,284.87119647744976,285.59683323960326,36592700
2019-12-02,282.6761169433594,285.4154274537873,282.2497977488334,285.351926627072,75767800
2019-12-03,280.7803039550781,280.8619636831978,278.5852351006926,279.9639558052549,73941700
2019-12-04,282.5128479003906,283.11151071206064,281.4788140847929,281.82350125041523,49080000
2019-12-05,283.020751953125,283.2293856451966,281.7145837968173,283.21125441681573,40709000
2019-12-06,285.6059265136719,286.0050350565463,284.9165521793852,284.9256316357635,48927000
2019-12-09,284.7079772949219,285.88714413985167,284.63539699848997,285.21592864485524,34838500
2019-12-10,284.3905029296875,285.31569410664116,283.73741866322825,284.6535580640139,52649800
2019-12-11,285.1977233886719,285.4516989977195,284.3087949163725,284.8439568182491,53429100
2019-12-12,287.6558837890625,288.4359419435748,284.97099448527933,285.2068112141044,96389600
2019-12-13,287.8282470703125,289.0527834416107,286.6490526203965,287.42005905278955,81503900
2019-12-16,289.80560302734375,290.39518635483904,287.7647184989822,289.5516273932872,82749700
2019-12-17,289.86907958984375,290.48587355216506,289.7874475372953,290.18655602615394,61097700
2019-12-18,289.8871765136719,290.4858391761142,289.8327551517464,290.25907427433737,48133000
2019-12-19,291.0755310058594,291.1481113030199,289.8237838519317,290.077759529448,85310500
2019-12-20,292.3517150878906,293.48199058221354,291.1302820626833,292.10558697276537,147142100
2019-12-23,292.7982177734375,293.19016437902224,292.6523713537724,293.1354754488179,52990000
2019-12-24,292.807373046875,293.0716936318886,292.50655608135855,293.02612879098643,20270000
2019-12-26,294.36602783203125,294.37515192605576,293.1810639379538,293.1901602146185,30911200
2019-12-27,294.2931823730469,295.1500129574212,293.7645132848047,295.0953240109606,42528800
2019-12-30,292.6706237792969,294.511910689044,292.18751963133974,294.37518834855865,49729100
