Price,Close,High,Low,Open,Volume
Ticker,SPY,SPY,SPY,SPY,SPY
Date,,,,,
2000-01-03,91.13272857666016,92.8950718452247,90.15364898301318,92.8950718452247,8164300
2000-01-04,87.5688705444336,90.27112996642192,87.50033497938317,89.93824293617699,8089800
2000-01-05,87.72555541992188,88.68505368232726,86.00237486703055,87.68639222553797,12177900
2000-01-06,86.3156967163086,88.66548882292317,86.3156967163086,87.49059276961587,6227200
2000-01-07,91.32855224609375,91.32855224609375,87.76470222276848,87.92135497104651,8066500
2000-01-10,91.64189147949219,92.0531050951053,90.87820905049642,91.64189147949219,5741700
2000-01-11,90.54530334472656,91.54396477867576,89.9186922489153,91.36773040797884,7503700
2000-01-12,89.6445083618164,90.60400615773798,89.52701883578519,90.60400615773798,6907700
2000-01-13,90.85863494873047,91.32859340536183,89.78164681895025,90.52574770861658,5158300
2000-01-14,92.09223175048828,92.40553723805107,91.4656207753627,91.81808944887084,7437300
2000-01-18,91.36767578125,91.87679699220425,90.97604408051596,91.07395200569947,6488500
2000-01-19,92.11183166503906,92.11183166503905,90.85860946551472,91.05442543419039,6157900
2000-01-20,90.70193481445312,92.09222785672993,90.11448705011082,92.09222785672993,5800100
2000-01-21,90.50614166259766,91.17191596301487,90.27116249774453,91.17191596301487,6244800
2000-01-24,87.94093322753906,91.38729355887882,87.35348544378796,91.26980400212861,7896900
2000-01-25,88.93962097167969,88.93962097167969,87.09895070057931,88.04865823407259,9942500
2000-01-26,88.23468017578125,88.69484772663141,87.78430342388533,88.35216976323235,5158100
2000-01-27,87.8822021484375,89.11584268661744,86.55065363103692,88.88086353648792,10922700
2000-01-28,85.14081573486328,87.76475071841243,84.92541808696,87.37311863131553,11916200
2000-01-31,87.4513931274414,87.5199287019927,84.59248058901632,85.10160199996874,10768700
2000-02-01,88.31299591064453,88.78295420373887,86.80521305363352,87.56889527991183,8419900
2000-02-02,88.39138793945312,89.13548912281583,87.9605925175063,88.52845921007257,6205900
2000-02-03,89.722900390625,89.76206359463663,87.72557698603231,88.273861842195,7997500
2000-02-04,89.3508529663086,90.23202508629191,89.05712892631415,89.72290341696821,4925400
2000-02-07,89.21372985839844,89.46829054500054,88.62628212008589,89.33121940606094,5845800
2000-02-08,90.42778015136719,90.58443286709064,89.99698518312766,90.21238266724743,4936400
2000-02-09,88.52837371826172,90.52569601847466,88.51858292267245,90.52569601847466,8511500
2000-02-10,88.70465087890625,89.3312620992429,88.27385566492481,88.7438140801773,6690600
2000-02-11,86.90312957763672,88.93961571465209,86.49191603073939,88.88087092223819,9849800
2000-02-14,87.41221618652344,87.5884504933511,86.66811577991773,87.5884504933511,8528800
2000-02-15,88.40116882324219,88.48928605875102,86.34509999470295,87.25564476162747,11078300
2000-02-16,87.09896087646484,88.31302013328607,86.97168047050778,87.96055131678959,8845400
2000-02-17,86.64855194091797,87.99968190338652,86.60938875360004,87.99968190338652,7584200
2000-02-18,84.78827667236328,87.0205777210121,84.35748173315035,87.0205777210121,9409200
2000-02-22,84.57291412353516,85.43450435771797,83.67216069688949,84.70998529715514,16415400
2000-02-23,85.57156372070312,86.1394299330373,84.27917854780463,84.98411591484017,12119000
2000-02-24,83.84838104248047,85.86528511706605,83.3980044044662,85.6498875945375,17375000
2000-02-25,83.54491424560547,85.66951829943136,83.41763381841774,84.71001969447774,10559900
2000-02-28,85.2974624633789,85.64993131653337,83.16306774149913,83.57428140351267,13397800
2000-02-29,86.1198501586914,86.1198501586914,85.0624440858016,85.25826002522564,8242500
2000-03-01,86.7464828491211,87.09895162819201,85.98280049446743,86.23736127935199,6868000
2000-03-02,86.80522918701172,87.17727957152631,86.06112841798252,86.90313718293662,7600200
2000-03-03,88.43048858642578,88.80253891484519,87.54931675595873,87.99969346930855,12770300
2000-03-06,87.5688705444336,88.56753163516841,86.94225966397254,88.23464460492347,11967100
2000-03-07,85.8750991821289,87.82346820929156,84.72957568374683,87.72556021797685,20062000
2000-03-08,85.76741027832031,86.3744398944454,84.61209584763061,85.51284947155817,11808500
2000-03-09,88.27381134033203,88.27381134033203,85.29740953826227,86.00234680717354,5500900
2000-03-10,87.80390167236328,88.97879776967412,87.43185124154817,87.84306487560697,7924600
2000-03-13,86.8443832397461,88.01927906711582,85.023294707323,85.64990581525353,10540500
2000-03-14,85.6107406616211,87.78429789250855,85.31701671150117,87.27517637896734,8263900
2000-03-15,87.6080551147461,87.99968701065465,85.2582637392947,85.76738520397583,10300800
2000-03-16,91.70059967041016,92.01390515721917,88.27382090843669,88.7437791386502,25601400
2000-03-17,92.30670928955078,92.97417592414133,91.36440345248178,91.59997991174903,10272900
2000-03-20,91.83549499511719,92.56185525908028,90.95208386327019,92.26738488179795,12502300
2000-03-21,93.72013092041016,94.07349546933503,90.77542634603614,91.42326135239843,13612600
2000-03-22,94.28943634033203,94.76058905158916,93.40602500672493,93.95570316985824,8260000
2000-03-23,95.89923858642578,96.40965418586222,93.7005252350072,93.7005252350072,11654500
2000-03-24,96.46853637695312,97.8427320518385,95.31028573669259,96.03664630770344,11462900
2000-03-27,95.44774627685547,96.60599741431628,95.36922077601066,96.35078953657067,8798600
2000-03-28,94.89797973632812,96.10530819180686,94.60350938133331,95.01576787832606,6334400
2000-03-29,94.99617004394531,95.79124028299879,94.014601847583,95.21211504714502,6747500
2000-03-30,93.40599822998047,95.43784371480665,92.42443036291468,94.3286720250223,9491900
2000-03-31,94.46614074707031,95.68328553641328,93.24899595772735,93.99498792538917,9249100
2000-04-03,95.01581573486328,95.01581573486328,93.40604365009906,94.30908652691802,8508200
2000-04-04,94.30907440185547,96.11515992328984,88.8221080622804,95.32990534875316,19585500
2000-04-05,93.72013092041016,94.74096183952648,92.73856272895215,92.89561363958543,8387200
2000-04-06,94.53484344482422,95.29065103959647,93.60235355517017,94.38760819908937,6378500
2000-04-07,95.13358306884766,95.56547304563566,94.54464219140947,95.21210851917274,6023600
2000-04-10,94.76054382324219,96.18381695918274,94.42681081205612,95.32985307761841,9624200
2000-04-11,94.48576354980469,95.25138681563523,93.20972477342046,94.23055579452785,9006400
2000-04-12,91.8944091796875,94.95690177358438,91.81588372856194,94.46611770404962,10779200
2000-04-13,90.61840057373047,93.07232173311442,90.3239300346044,92.64043160906284,12225800
2000-04-14,85.4356918334961,89.71532897037618,83.86518279243917,89.59754079229691,29604000
2000-04-17,88.41969299316406,88.41969299316406,84.611207104915,84.92530903384275,23918200
2000-04-18,90.75578308105469,90.75578308105469,87.81107889283098,88.30186292420159,11069200
2000-04-19,89.91165924072266,91.1680667060952,89.53866327444018,90.77543937316628,6553700
2000-04-20,90.34355163574219,90.42207710435213,89.44050874672782,90.1865006985223,8537600
2000-04-24,89.3619613647461,90.02942768425432,88.2626050737914,88.89080866862265,12893100
2000-04-25,93.07229614257812,93.07229614257811,90.73616384117192,90.8539520244361,14102000
2000-04-26,92.02201843261719,93.44529231770834,91.71773229166666,92.95450821940103,7711100
2000-04-27,91.71771240234375,92.5618608683756,89.83310187352846,89.83310187352846,15595300
2000-04-28,91.14842987060547,92.88580571457457,91.12879850513688,92.3459431641887,8743400
2000-05-01,92.3852310180664,93.27845838978804,91.61960755659072,92.0711290851533,7328300
2000-05-02,90.5398941040039,92.4245059500543,90.5398941040039,91.40367453344366,9411900
2000-05-03,88.41969299316406,90.4613555311945,87.81112050586654,90.4613555311945,12630700
2000-05-04,89.08712005615234,89.4306688884535,88.41965375339579,89.20490822722702,5963600
2000-05-05,90.16682434082031,90.4612947011757,88.53742168018715,88.61594710961526,7862400
2000-05-08,89.48959350585938,90.06871887789467,89.10678181925978,89.67609150702329,5064100
2000-05-09,88.77302551269531,90.08832686372375,88.1153748371811,89.8723818657937,5620300
2000-05-10,86.77062225341797,88.55707624098834,86.5350459034087,88.26260580347675,10293900
2000-05-11,88.75337219238281,88.89079170252364,87.39880844956609,88.02701192449558,7091100
2000-05-12,89.71534729003906,90.12760599749876,88.96935534320723,89.08714354533856,5960800
2000-05-15,91.26619720458984,91.4723264948992,89.2049043014963,89.67605696506054,4441300
2000-05-16,92.14962768554688,92.79746273318706,91.28584762202662,92.07110222522685,8192200
2000-05-17,91.18766784667969,91.83550273127398,90.75577792361683,91.52140096904644,5907200
2000-05-18,90.06868743896484,91.91403543793231,90.06868743896484,91.48214548072716,4325600
2000-05-19,88.65522766113281,89.9803445493362,88.20370635107832,89.55827028124178,6518400
2000-05-22,87.98773956298828,88.87115060277732,86.06386663189215,88.73373110769903,10839400
2000-05-23,86.69212341308594,88.4589465804722,86.41728425371474,88.22337015815404,7979200
2000-05-24,88.10557556152344,88.3804147009756,85.7498115090763,86.69211713005515,11081500
2000-05-25,86.59394073486328,89.0871237938811,86.51541528418555,88.38039473778156,8278900
2000-05-26,86.69212341308594,87.7522173135177,86.27004898976588,87.20253899477531,4814000
2000-05-30,89.51901245117188,89.79385152448688,87.6147703003465,87.94850346080044,5362700
2000-05-31,89.71534729003906,90.4613392368709,89.26382584853559,89.55829635386394,6056500
2000-06-01,91.285888671875,91.36441416750672,89.83316700268817,90.26505722866263,8961600
2000-06-02,92.87601470947266,93.66126953686198,92.65025394659823,93.56311268343832,8962200
2000-06-05,92.42450714111328,93.11160521884034,92.26745615191852,92.64045225125606,6998100
2000-06-06,92.01222229003906,92.83673975028691,91.65885766421856,92.11037913054476,4858900
2000-06-07,92.65021514892578,92.97413262958206,91.717725431885,92.11035268116532,4919500
2000-06-08,92.28704833984375,92.81709520331445,91.75700147637303,92.66004428080461,5723100
2000-06-09,92.0907211303711,92.95450107702135,91.48214889523115,92.66003064066331,3085300
2000-06-12,91.01097106933594,92.32627198858648,91.01097106933594,92.32627198858648,3678900
2000-06-13,92.71893310546875,92.81708992645696,90.85395350669265,90.9717416918785,6558700
2000-06-14,92.87601470947266,93.52384994206885,92.46375592509325,93.13122252837418,6420500
2000-06-15,93.07229614257812,93.44529205624802,92.24777885972887,93.05266477870076,5881200
2000-06-16,92.30754089355469,93.3898079473056,91.85495648925885,93.3898079473056,5567900
2000-06-19,93.48815155029297,93.92105816660668,92.09104383400782,92.22878684828945,5106900
2000-06-20,93.15370178222656,93.74402942343205,92.56337414102107,93.31112248654803,6480000
2000-06-21,93.11434936523438,93.46854596045294,92.4945053236019,92.52402170653679,3115000
2000-06-22,91.69754028320312,92.99626081081931,91.30398860816791,92.91755047581226,7490500
2000-06-23,90.91047668457031,92.0124218565045,90.59563520687483,91.81564593294482,4863300
2000-06-26,92.08123779296875,92.091076583202,91.22526304267618,91.54010433014011,5201300
2000-06-27,91.40238189697266,92.38626114236526,91.31383276488732,91.92383789703074,4159500
2000-06-28,91.65812683105469,92.55345632242715,91.50070626114304,91.69748197353259,5347700
2000-06-29,90.79238891601562,91.77626829308558,90.36932078387554,91.1465854917608,6345700
2000-06-30,91.48107147216797,91.67784727658218,90.60541914252472,90.63493551318686,7420200
2000-07-03,92.74042510986328,92.8388129998589,91.4220273839221,91.57944800791508,1436600
2000-07-05,91.06787872314453,92.34692196363814,90.91045801662224,92.16982366880056,2748200
2000-07-06,91.77629852294922,92.22888318547662,90.81209641582561,91.26468107835302,5963200
2000-07-07,93.25208282470703,93.68498972956957,92.09110521621206,92.3665914283973,3034800
2000-07-10,93.09467315673828,93.76371117984736,92.89789726758855,93.11435074565325,2816100
2000-07-11,93.29143524169922,93.90144040780187,92.66175248959325,92.85852834962637,5431600
2000-07-12,93.90142059326172,94.53110321249565,93.62593444734686,93.99980850251701,5883000
2000-07-13,94.31464385986328,94.68851789143795,93.94076982828861,94.44254813382304,5356000
2000-07-14,95.23946380615234,95.23946380615233,94.24574626024103,94.72784685182177,5341900
2000-07-17,95.08207702636719,95.70192086459785,94.88530120470666,95.07223823528416,4208300
2000-07-18,94.30484008789062,94.84597375558326,94.03919265102331,94.84597375558326,4262100
2000-07-19,93.5472412109375,94.39337738512141,93.35046535647614,94.11789118887549,8506800
2000-07-20,94.84600067138672,94.84600067138672,93.70470024837003,93.82276580937176,4538900
2000-07-21,92.99625396728516,94.29497439932935,92.99625396728516,94.29497439932935,5656900
2000-07-24,92.46501159667969,93.73421637386332,92.28791325567732,93.2717929279127,5628500
2000-07-25,92.7601318359375,93.09465076703867,92.42561290483633,93.0356180144914,4757100
2000-07-26,91.85491943359375,92.66170000274057,91.70733762216446,92.54363455359713,12062500
2000-07-27,91.54010009765625,92.3272032799233,91.10719334740939,91.89429652967642,7652600
2000-07-28,89.47396087646484,91.87462576032864,89.10992562768222,91.75656027423697,6229500
2000-07-31,90.04463958740234,90.75303273100954,89.4543119677297,90.0052844127575,5265500
2000-08-01,90.5956039428711,91.12689875313555,90.1233418893027,90.4381832583483,3946600
2000-08-02,91.04816436767578,91.55978145727154,90.4381593762347,90.59558001918722,7439800
2000-08-03,91.67787170410156,91.81561480389308,89.80850106407374,89.96592174954976,4607100
2000-08-04,92.16980743408203,92.38626086742424,91.559802303754,92.13045226438345,3686600
2000-08-07,93.27173614501953,93.46851195967147,92.16979158296867,92.3862449790858,4159800
2000-08-08,93.62599182128906,93.70470219692697,92.87824325272895,92.87824325272895,3658700
2000-08-09,92.83887481689453,93.96049750968025,92.79951963469152,93.91130353192649,5383800
2000-08-10,92.38626861572266,93.10450052295883,92.11078240472796,92.8978858647128,4193400
2000-08-11,92.81918334960938,93.1930575246449,91.65820564818327,92.32724364561525,5089400
2000-08-14,93.99981689453125,94.17691514700158,92.6027084583764,93.05529288135614,2966700
2000-08-15,93.92109680175781,94.33432601458767,93.54722275205461,94.03916229113777,5564600
2000-08-16,93.58659362792969,94.4130521923479,93.09465400625217,94.01950049500589,5191600
2000-08-17,94.57052612304688,94.7279468906258,93.4095479621522,93.62600151757324,5652200
2000-08-18,94.25563049316406,94.68853735555439,93.96046672335248,94.68853735555439,4626400
2000-08-21,94.76716613769531,94.90490911173266,94.07845126750857,94.472002621901,2380600
2000-08-22,94.60982513427734,95.2788629992036,94.51143721296467,94.80660097690271,3075300
2000-08-23,94.98368835449219,95.25917450260962,93.99980925407274,94.33432814821535,5483200
2000-08-24,95.27886962890625,95.39693514269672,94.7672524024809,95.18048170074754,4529000
2000-08-25,95.23946380615234,95.47559470815106,95.04268805448673,95.18043108065265,2822200
2000-08-28,95.56424713134766,96.28247940156163,95.23956679001805,95.23956679001805,5518700
2000-08-29,95.5838851928711,95.63307916363429,95.02307392617078,95.35759292736044,3561900
2000-08-30,94.66883850097656,95.39690896959766,94.66883850097656,95.27884348819964,3964800
2000-08-31,95.92822265625,96.40048467548078,95.0230537860577,95.12144170673078,4863100
2000-09-01,96.02664184570312,96.71535751467846,95.71180039702868,96.49890401871478,3191200
2000-09-05,95.2591781616211,95.83966685316578,94.9640144201577,95.6330522341414,3470800
2000-09-06,94.17693328857422,95.68226872454912,94.15725570117584,95.20016783328919,4322200
2000-09-07,94.98368835449219,95.13127021955509,94.34416693921955,94.6098142963328,4265500
2000-09-08,94.33438110351562,94.76728815071574,94.0293784111701,94.62954499933389,3518200
2000-09-11,94.1965560913086,95.20011246495737,93.62590638864555,94.29494397107807,3937500
2000-09-12,93.50788116455078,94.60982589207916,93.4685259957105,94.29498454135677,4769100
2000-09-13,93.75386047363281,94.03918547664837,92.97659581024557,93.1930492608091,7691600
2000-09-14,94.2260971069336,94.4130341274026,93.29141200458852,94.3736789651986,3397100
2000-09-15,92.16462707519531,93.58497235546373,92.16462707519531,93.54551831990072,4085700
2000-09-18,91.31639862060547,92.77619846893661,91.03035675843249,92.4013849943651,5109300
2000-09-19,92.14494323730469,92.361940534588,91.34599864276159,91.61231350760929,6588200
2000-09-20,91.46436309814453,92.18439960263764,90.36951307076461,91.96740229991369,6508100
2000-09-21,90.07359313964844,91.88847937899308,90.03413909096703,91.19803352706849,5972300
2000-09-22,91.71090698242188,91.7306340004865,89.90588482950908,90.03411044692912,7791300
2000-09-25,91.0599136352539,92.20408066100016,90.72455433460414,92.12517259025904,9726300
2000-09-26,89.89602661132812,91.53336920705783,89.89602661132812,91.13882882254464,5302400
2000-09-27,90.36949157714844,90.88239417068824,89.71849982380945,90.62594287391835,7186200
2000-09-28,91.53340911865234,92.37180780131241,90.20183474030988,90.38924150466919,7036400
2000-09-29,90.66541290283203,92.14493987578948,90.66541290283203,91.82930745489189,9333600
2000-10-02,90.8034439086914,91.47416237336564,90.3595861011864,91.07962210002786,5517800
2000-10-03,89.95518493652344,92.00679441753186,89.81709583684018,91.2374408621537,9347200
2000-10-04,90.70482635498047,91.05991266954976,89.48175127146398,90.19192390060259,6148900
2000-10-05,91.02046966552734,91.43473708273065,90.46811310925627,90.52729416885674,4566900
2000-10-06,89.04778289794922,91.30652705874124,88.21924792193818,90.82321498940146,10014900
2000-10-09,88.3770751953125,89.20561027526855,87.98253468104771,89.20561027526855,4508000
2000-10-10,86.91726684570312,89.16614755846076,86.91726684570312,88.43624767800434,6104700
2000-10-11,86.18734741210938,87.50905770659584,85.29963154267817,86.87779308833365,10346000
2000-10-12,84.0371322631836,86.85809703164259,83.82013497330215,86.66082676811398,12336900
2000-10-13,86.83833312988281,86.89751418381049,83.87928043349879,83.91873446945058,11778800
2000-10-16,87.23289489746094,87.26248543168666,86.28599780223747,86.73971932703205,5659000
2000-10-17,85.06295013427734,87.46964770301153,84.84595281250623,87.39073958600386,7831700
2000-10-18,84.74728393554688,85.93090521956289,82.1630441321119,83.72147882273299,10897300
2000-10-19,87.9430923461914,88.03186397372794,86.12820573877785,86.38465710721673,8767300
2000-10-20,88.31790161132812,89.12670973419264,87.35127726936808,87.35127726936808,7373500
2000-10-23,88.71239471435547,89.02802698374165,87.70631685568699,88.33758139445936,5290000
2000-10-24,88.12061309814453,89.60013984593071,87.74579965537204,88.98860212351242,5750700
2000-10-25,86.04927062988281,88.10088093375897,85.93090849696688,87.58797835778992,9137600
2000-10-26,86.28597259521484,86.89751012389605,84.60917614560503,86.5621508339741,9345800
2000-10-27,87.9233169555664,87.9233169555664,86.24652046886614,87.03560116848979,9762900
2000-10-30,88.71239471435547,89.06748101741492,87.21314143477107,87.3906845863008,10154100
2000-10-31,90.24125671386719,90.70484170299733,88.41650728856764,89.01818142339614,7752400
2000-11-01,89.9354476928711,90.42862299278812,89.14636721300383,89.79735860889431,6753600
2000-11-02,90.08345031738281,90.84294070109446,89.96508817966152,90.36949215020927,11395100
2000-11-03,90.13270568847656,90.74424297811166,89.87625456701667,90.56669989402404,5187100
2000-11-06,90.76407623291016,91.08957226808577,90.2906274544729,90.36953558421243,4042500
2000-11-07,90.74430847167969,90.90212466032608,89.99468157560929,90.35963151185409,5231300
2000-11-08,88.73217010498047,90.94159719518896,88.73217010498047,90.94159719518896,6123300
2000-11-09,88.39675903320312,89.14638564406269,86.64105460250572,88.37703201712787,10635300
2000-11-10,86.24654388427734,88.04170296329593,86.18736281573827,87.74579762060056,8569500
2000-11-13,85.5758285522461,86.4734081278863,83.96807612554991,85.61528259952699,17285300
2000-11-14,87.8246841430664,88.1403164310918,86.48324691895847,86.77915218898228,7668900
2000-11-15,88.1008529663086,88.44607574438974,86.95668604466823,87.78522071206298,8837700
2000-11-16,86.71997833251953,88.29813990362999,86.68052429324176,87.47946858861643,6684100
2000-11-17,86.25639343261719,87.74578341641653,85.6941733725075,86.68052435515608,6551100
2000-11-20,85.02345275878906,86.08871179567413,84.78672852837016,85.69417141164261,5458500
2000-11-21,85.45745849609375,85.97036106324482,84.28370069819034,85.14182614707771,7684300
2000-11-22,83.4157485961914,85.1418637675682,83.4058850809264,84.80650424855784,5736900
2000-11-24,85.12208557128906,85.20099364597856,84.35273184306652,84.35273184306652,3411600
2000-11-27,85.87173461914062,86.28600211902621,85.41801307164688,86.14791295239768,5992000
2000-11-28,84.39219665527344,86.22680962604025,84.36260612348688,85.29963963006132,5336100
2000-11-29,84.23438262939453,85.7928173431468,84.12588401008267,84.82619328018653,6914100
2000-11-30,83.50446319580078,84.27381686096408,81.90657481430777,83.64255231518906,11201600
2000-12-01,83.46502685546875,84.62892110847575,82.69567302720988,84.07656451382836,7587200
2000-12-04,84.17520904541016,84.51056844399744,83.0113146620778,83.24803894343353,6996600
2000-12-05,86.93694305419922,87.27230226271327,84.84587975405285,85.14178493803581,8883400
2000-12-06,85.54622650146484,87.33152190060761,85.24045767619731,86.97643552287755,12888000
2000-12-07,84.37247467041016,85.77309325857924,84.37247467041016,85.14182854278472,6529100
2000-12-08,84.56973266601562,88.04168810086954,84.51055160746698,86.52270759812095,10276300
2000-12-11,87.50904846191406,88.10085897901446,86.30570041047656,86.71996777244684,6405600
2000-12-12,87.13426971435547,87.6274453409932,86.72000218797977,87.23290483968302,5022900
2000-12-13,85.94076538085938,88.00223903684464,85.87172080864934,87.90360393368745,6070500
2000-12-14,84.84587097167969,86.16758065666052,84.60914684899656,85.77304045218862,7678400
2000-12-15,82.9295425415039,84.29488218248787,82.67230463813013,84.29488218248787,9065300
2000-12-18,84.03765869140625,84.51255951754088,83.43413889152683,83.62212046853845,7235400
2000-12-19,82.32601928710938,85.46234281961912,82.32601928710938,83.87934040573408,9616600
2000-12-20,79.94164276123047,81.64337080020717,79.84270508454578,81.44549544683778,9994300
2000-12-21,80.49568176269531,81.5938898103427,79.48651761080312,79.78333059665376,14331500
2000-12-22,82.90975189208984,83.01858330865464,81.58398736302779,81.68292501445033,10182900
2000-12-26,83.80016326904297,83.80016326904297,82.49418669861632,82.8503621269145,4665300
2000-12-27,84.41355895996094,84.68069047565702,83.10758266100233,83.42418297590139,4854100
2000-12-28,84.67084503173828,84.76978268660126,83.95849391672482,84.09700663353298,8358700
2000-12-29,83.06803894042969,85.02700412744792,83.06803894042969,84.88849143745674,8774600
2001-01-02,81.564208984375,83.68147496237795,80.77270768418698,83.58253729985444,8737500
2001-01-03,85.48212432861328,86.11532524956597,80.83205506536696,81.24759316974216,19431600
2001-01-04,84.56201934814453,85.77895258551692,84.21573753263206,85.44256453616195,9219000
2001-01-05,81.80165100097656,84.61148032902172,81.80165100097656,84.51254267662576,12911400
2001-01-08,82.43486022949219,82.43486022949219,80.85185763267044,82.23698490488947,6625300
2001-01-09,82.21717834472656,83.265917322409,81.95004671833576,82.97899816813738,5702400
2001-01-10,83.66165924072266,83.66165924072266,81.56418150195336,81.68290665697803,8746100
2001-01-11,83.74082946777344,84.52243692618012,83.0086908358482,83.0086908358482,7245100
2001-01-12,83.58251190185547,84.67082585891089,83.1273987925414,84.01783748467764,7244000
2001-01-16,84.11677551269531,84.33443830512995,83.2758056328342,83.5825122949012,8542200
2001-01-17,84.50267028808594,85.51183459781369,83.98819436547963,85.38321561716212,7851400
2001-01-18,85.34357452392578,85.92730636915087,84.1761108334756,84.49271115630955,8107000
2001-01-19,84.85881805419922,86.23405131868957,84.76977417376459,86.23405131868957,7782500
2001-01-22,85.42276000976562,85.9768108043622,84.5718962894923,85.00722191381819,7050900
2001-01-23,86.09554290771484,86.53086856709653,84.94786616934493,85.14574146906389,8463100
2001-01-24,86.352783203125,86.94640911882017,86.01639518423107,86.27363308103232,6199900
2001-01-25,86.1351547241211,86.90686872233859,85.8977042631311,86.27366749303192,10818300
2001-01-26,86.0361557006836,86.19445589516508,85.13582334457018,85.58104264154935,7136800
2001-01-29,86.4952621459961,86.68521472018388,85.71641794430342,85.79873716770524,6705900
2001-01-30,87.25509643554688,87.33107746087427,85.98235629003231,86.30529497143398,7069100
2001-01-31,86.76119995117188,87.8249729471946,86.4952567021662,87.0018097506265,9706900
2001-02-01,87.3373794555664,87.35004617656566,86.27360677668159,86.81183130756222,8239100
2001-02-02,85.35551452636719,87.37542768335764,85.32385253739055,87.00183167244522,8276600
2001-02-05,85.98236083984375,86.07734678840936,85.32383604110647,85.35549802396167,4352900
2001-02-06,85.72908020019531,86.55857193717016,85.62143719314088,85.67209443091005,7106700
2001-02-07,85.28582763671875,85.7353948485664,84.64628856758874,85.30482289007126,5748700
2001-02-08,84.29175567626953,85.73545389664207,84.2790986065697,85.35553890605655,5943300
2001-02-09,83.48123168945312,84.4373715453312,83.11397388769704,84.4373715453312,9913000
2001-02-12,84.43733978271484,84.53231604835486,83.39255255128224,83.39255255128224,5804400
2001-02-13,83.74716186523438,84.95657810973297,83.5825330813814,84.65897286293216,6587600
2001-02-14,83.62053680419922,83.9941231391909,82.73405911745927,83.9941231391909,8400100
2001-02-15,84.4310073852539,84.54498857372339,83.57619195018894,84.11440692888632,5929800
2001-02-16,82.56937408447266,83.13292236651606,81.87285905533989,82.94929839990994,6434900
2001-02-20,81.29667663574219,83.03797939928371,81.11305259554162,82.97465543403906,5760000
2001-02-21,79.54271697998047,81.58162028606863,79.46673111547248,80.98641458904812,10910800
2001-02-22,79.66301727294922,80.1252561344167,77.89638588086382,80.00494639699222,21281600
2001-02-23,79.12474822998047,79.49200574591647,77.12383679969727,79.2007340428788,20173000
2001-02-26,80.80908203125,80.80908203125,78.83349393800319,79.6566568512573,11503700
2001-02-27,80.06194305419922,80.94842066771002,79.47306587897236,80.28989582079933,11415000
2001-02-28,78.48521423339844,80.31516362279343,78.05463762230919,80.25817788633944,14825800
2001-03-01,78.89688873291016,78.89688873291016,77.09226581753832,78.54863088240289,14672000
2001-03-02,78.26995849609375,79.56168882698857,77.44046691746067,77.56710515676951,12564300
2001-03-05,78.98546600341797,79.01079461499083,78.39658906943042,78.61187985233038,5293200
2001-03-06,79.83396911621094,80.89141343971562,79.460378080213,80.00493123035278,6917000
2001-03-07,80.40383911132812,80.44182961314505,79.63133336812614,80.35318188827976,6371700
2001-03-08,80.49252319335938,80.56850423131262,79.8719840080763,80.16325592575909,6055000
2001-03-09,78.11165618896484,79.84662514190197,77.95335597859989,79.84662514190197,10020300
2001-03-12,74.76832580566406,77.56707121582231,74.55936845439247,77.46575680395594,13972900
2001-03-13,75.9968032836914,76.26275145005712,74.42013370260092,75.60422164500103,12888000
2001-03-14,74.49609375,75.53454293569185,73.29301096239898,74.11617414100493,19883400
2001-03-15,74.51506805419922,75.2622451685443,74.31244399764489,75.00263052964794,10370300
2001-03-16,73.02050018310547,74.53792429951167,72.89351614670275,74.36649706135442,58514600
2001-03-19,74.50617980957031,74.72205025739227,72.89986923079466,73.49668211389235,10067800
2001-03-20,72.50624084472656,75.21094092478494,72.44910164748825,74.85539522477708,15083900
2001-03-21,71.2745132446289,73.17923029135055,71.04594681150664,72.49353099198373,19004600
2001-03-22,70.55074310302734,71.49040109246523,68.59523183081153,71.12215451965561,28624800
2001-03-23,72.68404388427734,72.79832716255248,70.7920217981552,71.90310734207245,12861700
2001-03-26,73.61100006103516,73.8205153507284,72.8681563912109,73.45861913986968,9943800
2001-03-27,75.11570739746094,75.33157789908883,73.1919435024646,73.40781400409249,12880700
2001-03-28,73.03955841064453,74.25222588009294,72.95067199273508,74.22048349880897,10953300
2001-03-29,73.3189468383789,73.96654882551394,71.1983582845282,72.82371609063053,12060300
2001-03-30,74.08714294433594,74.08714294433594,72.69669800020817,73.36335088014647,9183600
2001-04-02,72.50624084472656,74.5252414942439,72.25228239840487,73.83954690764973,10561000
2001-04-03,70.08721160888672,72.47445743576334,69.87769164972076,72.36652467277874,12836000
2001-04-04,70.37930297851562,71.17293518360476,69.39520195057304,70.20153013960712,14884300
2001-04-05,73.04586791992188,73.32522300094,71.42685721872004,71.93478347429733,21522800
2001-04-06,71.93482971191406,72.63322512928328,71.14754302532988,72.3729114238933,14937800
2001-04-09,72.73477172851562,73.00778128426526,71.604640725999,72.37922620249543,9034300
2001-04-10,74.06175994873047,74.7601553355171,73.12209726625538,73.29987010900687,17873600
2001-04-11,74.11255645751953,75.54744008353472,73.73795951519035,75.4141104462827,12722300
2001-04-12,75.45854949951172,75.51569353743965,73.62367221892993,73.8395426987348,9233200
2001-04-16,74.66495513916016,75.48398457569982,74.22687323139172,75.10304189087763,7350000
2001-04-17,75.7188491821289,75.97281241094093,74.29665703835983,74.4807802581499,10924700
2001-04-18,78.72830963134766,79.99812107701455,76.62677323883173,76.86168525615452,32481600
2001-04-19,79.77593231201172,79.89656114670026,78.46167721026252,78.88706302742023,13809900
2001-04-20,79.04579162597656,79.61720795591782,78.5124729473301,79.29975497750024,7626700
2001-04-23,77.61087799072266,78.6584734533159,77.4013627733612,78.50609742870398,8451800
2001-04-24,77.19184112548828,78.50609581512646,76.88708423858178,77.78864922792951,10044700
2001-04-25,78.20135498046875,78.51880791601725,76.79186317160186,77.09026970604903,8249000
2001-04-26,78.55050659179688,79.50286480974991,78.41082661146599,78.55685700288765,10590400
2001-04-27,79.85843658447266,79.89652937565315,78.85528443585457,79.31241730580437,7938700
2001-04-30,80.41719055175781,80.80447872771364,79.15372421419373,80.28385603858932,10766900
2001-05-01,80.66483306884766,80.7283227188151,79.10931000292165,79.40771668611336,10578000
2001-05-02,80.51874542236328,81.07111515771547,79.99812291145925,80.89334232627698,9572900
2001-05-03,79.49655151367188,80.09336449228883,78.86799615267005,80.08066366417755,9926200
2001-05-04,80.8488998413086,80.85525025542476,78.37277117014138,78.50610080290063,12145300
2001-05-07,80.15049743652344,80.87428957612929,80.14415186690931,80.54414073018214,7185200
2001-05-08,80.1124267578125,80.69653902400918,79.7187833554899,80.54416296412039,6952600
2001-05-09,79.77593231201172,80.34734862667396,79.40133528864229,79.52196896727874,9507400
2001-05-10,80.01081085205078,80.95047338027169,79.85208443365809,80.79809737491955,6872400
2001-05-11,79.45844268798828,80.30921392984384,78.98226345275536,79.99811151912978,7734400
2001-05-14,79.6171646118164,79.6425614175374,79.02035178723678,79.2997118062222,7914000
2001-05-15,79.98544311523438,80.31559203415652,79.26799638666067,79.71243339914693,9782200
2001-05-16,81.8711166381836,82.02984311855538,79.12197767954471,79.26165291335576,14909000
2001-05-17,81.99807739257812,82.58854480410376,81.6234853084742,81.90284540099013,11824600
2001-05-18,82.3726806640625,82.3726806640625,81.33143555620804,81.95998608791746,6683100
2001-05-21,83.58534240722656,83.70597605598797,81.9980779506678,82.43616449074098,11531500
2001-05-22,83.47740936279297,83.8647022766701,83.21710535541462,83.69963026127243,8342700
2001-05-23,82.06159973144531,83.20443245832136,82.06159973144531,83.20443245832136,12330800
2001-05-24,82.3028335571289,82.53774557903589,81.61713420054056,82.20124631439892,7902800
2001-05-25,81.33146667480469,82.34731051452094,81.20448256187869,82.31556327530228,7425000
2001-05-29,80.68386840820312,81.49020186839083,80.5695851163635,81.40766097520441,9003900
2001-05-30,79.5537109375,80.69018823196787,79.3632372305676,80.37273528304559,10041800
2001-05-31,79.96640014648438,80.48067724495876,79.52831834757015,79.63625119339338,9874200
2001-06-01,80.46161651611328,80.69652856885052,79.43941776073285,80.1251123633666,8848300
2001-06-04,80.8488998413086,80.90604388046067,80.04892204475304,80.5060549821829,5623500
2001-06-05,81.77590942382812,82.04891440266704,80.80449900045456,80.94417912057163,9115400
2001-06-06,81.09654235839844,81.79493796245595,80.86162540371032,81.79493796245595,12064900
2001-06-07,81.38858032226562,81.49016758069008,80.63304083056187,80.66478805980627,7355300
2001-06-08,80.6330337524414,81.18540352275531,80.08701439620836,81.07746585916753,8170600
2001-06-11,80.06163787841797,80.62670377618377,79.62355607472463,80.4489308884302,7012200
2001-06-12,79.92195892333984,80.4679784256774,78.75373430509536,79.2743569882605,9364400
2001-06-13,79.2362289428711,80.36636025172936,79.14099212431596,80.10604660394169,7629400
2001-06-14,77.45851135253906,78.91879670086249,77.29978489484944,78.84260625735051,12603000
2001-06-15,77.58328247070312,77.93347568086831,76.66005289150027,76.98477706295141,16821100
2001-06-18,77.20767974853516,77.9589999205638,76.98483157414655,77.45599697967187,11368300
2001-06-19,77.54510498046875,78.2454867565822,76.97206357902178,77.9207624861416,7732300
2001-06-20,77.95259094238281,78.22637708802452,77.10576346194178,77.16307002428339,8787200
2001-06-21,78.83761596679688,79.14960323463424,77.77430895150806,77.81887856119911,12259100
2001-06-22,78.22000122070312,78.6911663369124,77.78067362031081,78.62749616300135,12212000
2001-06-25,77.50052642822266,78.59567101189693,77.36044911760524,78.4937948377303,8406800
2001-06-26,77.3923110961914,77.92714660643003,76.76833147652145,76.97844750885444,8005800
2001-06-27,77.34770965576172,77.83160686378204,76.98478432088504,77.42411192138447,10105100
2001-06-28,77.77433776855469,78.914052333198,77.63426041256028,77.67883003876533,10269300
2001-06-29,78.06079864501953,78.95856384344157,77.84431915070921,78.18814381025032,9824200
2001-07-02,79.03498077392578,79.15595748894886,78.07355010078342,78.18815834193101,8522200
2001-07-03,79.015869140625,79.015869140625,78.34732520902283,78.93946689571136,3303100
2001-07-05,77.47505187988281,78.7293742532771,77.4623197878783,78.36008043474745,5517900
2001-07-06,75.8005142211914,77.35408714606666,75.8005142211914,77.23947886935487,11665900
2001-07-09,76.21437072753906,76.74921095650713,75.89601495197253,76.08066188472796,8339300
2001-07-10,75.29747009277344,76.81284104468398,75.26563258874613,76.58999308965612,8630700
2001-07-11,75.37394714355469,75.69867154760281,74.55258827315407,75.19566860257953,15328600
2001-07-12,77.16305541992188,77.34133383306772,75.96603488984702,76.08701160921989,12002800
2001-07-13,77.83161926269531,77.88255735304038,76.80014965068762,76.94022211255108,10433800
2001-07-16,76.85747528076172,77.85711254073149,76.59005750980232,77.53238818586641,6915300
2001-07-17,77.57691192626953,77.64695056643342,76.29712555466895,76.53270565547267,7469800
2001-07-18,77.0484619140625,77.44958842037636,76.44358305920697,76.7619388172183,7709300
2001-07-19,77.72338104248047,78.30279090204466,76.88929044146593,77.79341970369644,10082900
2001-07-20,77.25858306884766,77.64061391431754,76.99116536319792,77.13761116832458,6705800
2001-07-23,75.73681640625,77.6023809365283,75.73681640625,77.55144771820014,8065200
2001-07-24,75.004638671875,75.89603114749748,74.33608945743349,75.76869075318703,12269000
2001-07-25,75.83232879638672,76.0742822437995,74.78812246108004,75.0810091299858,12088500
2001-07-26,76.62824249267578,76.94659830266424,75.48852810999023,75.80688391997869,12898200
2001-07-27,76.92112731933594,77.26495216839855,76.34809076195563,76.9338642717405,8478800
2001-07-30,76.94659423828125,77.26495003145389,76.59640578042568,77.16307870365507,8547700
2001-07-31,77.2649154663086,78.11174266316588,76.91472716511288,77.04206748232555,11918100
2001-08-01,77.74887084960938,78.12452844396788,77.39231383018773,77.65973159475396,11940800
2001-08-02,78.06724548339844,78.47474070574731,77.60881214382441,78.46200860530412,11070100
2001-08-03,77.640625,77.90804274383215,76.9784442597551,77.90804274383215,10816300
2001-08-06,76.59640502929688,77.3668254582928,76.46905979864228,77.26494927376912,8550100
2001-08-07,76.8956527709961,77.16943893541857,76.34808529987485,76.57729699179433,8865100
2001-08-08,75.46942901611328,77.14398371837923,75.40575882441392,76.48180303771265,15183800
2001-08-09,75.6922378540039,75.74954439721512,75.04279446318108,75.5776296253032,14118500
2001-08-10,75.95333099365234,76.30351947583144,74.71174039940581,75.64134365483571,11173300
2001-08-13,75.97239685058594,76.3098530833554,75.64767270721144,76.15067524844739,7431600
2001-08-14,75.94059753417969,76.62824729268304,75.64134713453373,76.49453842703925,13178100
2001-08-15,75.28480529785156,76.1571022523287,75.18293393123292,75.91515350609943,8520600
2001-08-16,75.54582214355469,75.60949232344029,74.49524717341065,75.0046183279421,10734700
2001-08-17,74.33606719970703,75.04918582440749,73.86490205256517,74.90910851797318,11604600
2001-08-20,75.02371978759766,75.0682893998195,74.20872981684195,74.36790769730904,10417400
2001-08-21,73.74395751953125,75.47581432320182,73.7312254214419,75.00464897029082,14480800
2001-08-22,74.50794982910156,74.76900377853357,73.71842922345893,74.33603992555766,11752300
2001-08-23,74.2405776977539,74.82635125210378,74.17053902737246,74.46979428123419,8744100
2001-08-24,75.78136444091797,75.85140306112373,74.32966369069106,74.62891873016643,11687700
2001-08-27,75.3293685913086,75.89604168278308,75.29753591717456,75.74960069477075,7425100
2001-08-28,74.22781372070312,75.44392992843056,74.22781372070312,75.3102211217834,12046600
2001-08-29,73.56562805175781,74.6098342500267,73.33004310959494,74.57799674026454,16180000
2001-08-30,72.15215301513672,73.69299380804459,71.33716300426723,73.12632091430802,17692600
2001-08-31,72.68064880371094,73.07540698829234,72.03120008435889,72.20311498089777,15985400
2001-09-04,72.2157974243164,73.96675357070123,72.18396477265165,72.48958348878728,24473400
2001-09-05,72.39410400390625,72.70609617265497,71.2798587496649,72.39410400390625,21477100
2001-09-06,70.52852630615234,72.13941038088157,70.52852630615234,71.72554696022343,21653000
2001-09-07,69.2232437133789,70.83412230174733,69.16593717831087,70.05096537395772,33133900
2001-09-10,70.07010650634766,70.26111705258567,68.57383051000386,68.57383051000386,23408700
2001-09-17,66.40902709960938,67.74612059430315,63.671165058983334,64.30787670957316,32388700
2001-09-18,66.2498550415039,67.04574467507447,65.81052240930102,66.42813354218774,22029200
2001-09-19,64.91275024414062,66.53636688146712,62.75429815689088,66.28168125200276,42771800
2001-09-20,62.84978103637695,64.82358538364355,62.754273355857734,63.925824845296745,36210900
2001-09-21,62.17170333862305,63.26456473997183,59.947636061616876,60.25440160798647,49782100
2001-09-24,64.357421875,64.65141241171172,63.30929738847597,63.731106081710095,25549600
2001-09-25,65.02850341796875,65.18827861064189,63.84616796737788,64.38940264727619,25466200
2001-09-26,64.79841613769531,65.44390917564186,64.18488008343022,65.41195219196041,18587500
2001-09-27,65.3608169555664,65.3736016982433,63.910060722582095,64.70893648161437,20536800
2001-09-28,66.74767303466797,70.05821457628973,65.5078162210099,65.81458667653648,21687200
2001-10-01,66.6390380859375,66.6709950762298,65.71873625213493,66.40257391120207,20457400
2001-10-02,67.4762191772461,67.4762191772461,66.24275525088075,66.4664394083151,19833100
2001-10-03,68.60745239257812,68.94617494996596,66.69015048197446,66.84992564119142,32045800
2001-10-04,68.66497802734375,69.64280127915889,68.22399700164233,69.20821262546869,32674100
2001-10-05,68.53077697753906,68.78002588508976,67.43791038172216,68.54355684738316,29796100
2001-10-08,68.0833969116211,68.57550718202683,67.66159298436757,67.91722936405995,12970300
2001-10-09,67.71908569335938,68.2239756533317,67.48900913246186,68.13450197697709,15976300
2001-10-10,69.22738647460938,69.37438177857686,67.43790259406809,67.61685488288327,19987400
2001-10-11,70.30107116699219,70.49280331146437,69.63001353729051,69.63001353729051,23006300
2001-10-12,69.98150634765625,70.23075515827053,68.5754871659372,69.75782214273958,31360500
2001-10-15,69.85369110107422,69.9495522814907,69.06120291933007,69.42549003276321,16873000
2001-10-16,70.29467010498047,70.69091421245965,69.63000492918495,70.17324431271376,15877100
2001-10-17,68.7991943359375,71.03604688366268,68.7991943359375,70.98491765520058,28542300
2001-10-18,68.65218353271484,69.12512147535021,68.22398731185218,68.90782474139198,16510000
2001-10-19,68.60745239257812,68.96535206487077,67.75105987963158,68.38376814486455,21912500
2001-10-22,69.96234893798828,70.02625802780022,68.51798010367378,68.57550169767022,17540600
2001-10-23,69.60445404052734,70.4800188092686,69.26572660067345,70.27550679657529,22062500
2001-10-24,69.41911315917969,69.94956298379381,69.1634719284055,69.64918977928137,16065200
2001-10-25,70.66533660888672,70.68450884224767,68.21758071351611,68.6713414482067,27467900
2001-10-26,70.50556182861328,71.445040275324,70.0901455586865,70.26909290549816,18623300
2001-10-29,68.6713638305664,70.65257977340204,68.6713638305664,70.40333090657194,18727500
2001-10-30,67.84693145751953,68.83114222734814,67.46346714351209,68.607457961478,26178600
2001-10-31,67.61687469482422,68.93342094031851,67.61687469482422,68.31988468389537,28124200
2001-11-01,69.34880828857422,69.66835859234027,67.55293226576255,68.12812378773158,29806800
2001-11-02,69.82176208496094,69.9048434332433,68.93980474028315,69.30409199960138,17575900
2001-11-05,70.73566436767578,70.99769311435297,70.26911871985365,70.37776954257473,15929500
2001-11-06,71.83489227294922,71.88602147968795,70.20518415878571,70.5247343869786,23245800
2001-11-07,71.73905181884766,72.29507116957895,71.349200011315,71.4322813449387,19716000
2001-11-08,71.96273803710938,72.90860922105556,71.51536949629447,72.13529795710326,22563500
2001-11-09,72.03941345214844,72.19279621606337,71.22136554333528,71.73903541901701,15895800
2001-11-12,71.59846496582031,71.99470923444089,70.30109106540209,70.94019189326939,26068800
2001-11-13,73.2089614868164,73.2089614868164,72.33339207922731,72.49955956827736,15296200
2001-11-14,73.2792739868164,73.75220704522295,72.67212551734207,73.60521176812271,17571300
2001-11-15,73.41349792480469,73.61161757815512,72.8127417166436,73.09394758020008,19470200
2001-11-16,73.08753967285156,73.5604727170753,72.47400372673559,73.54769285142612,18134900
2001-11-19,73.98869323730469,74.03982246860784,73.14508042461024,73.4454585635764,13625400
2001-11-20,73.3687744140625,74.00787521949526,73.2665159447362,73.73306167812109,16209700
2001-11-21,72.88304138183594,73.28567305074758,72.54431880507596,73.1770271064946,11470200
2001-11-23,73.93113708496094,73.97587391950712,72.85744817990334,72.88301278192249,6717100
2001-11-26,74.0909423828125,74.35297112737467,73.54131540530014,73.97590406482267,13726000
2001-11-27,73.77141571044922,74.7108947961345,72.91501798487621,73.89284643949647,19261400
2001-11-28,72.43568420410156,73.60523986856465,72.37816747107172,73.33042632242227,20195500
2001-11-29,73.41349792480469,73.44545003369436,72.21837788064099,72.64018667597568,16354700
2001-11-30,72.88944244384766,73.43906947859176,72.87026532555976,73.11312673102218,13680300
2001-12-03,72.45482635498047,72.90858713059457,72.22474978200009,72.63377371708745,15220400
2001-12-04,73.68193054199219,73.68832291514816,72.44207345114418,72.80636070580182,17239900
2001-12-05,75.03042602539062,75.41388548486914,73.85447815691141,73.88643514351445,25204000
2001-12-06,74.99208068847656,75.37554504447375,74.73005191289377,74.99208068847656,17972900
2001-12-07,74.4935531616211,74.83227564847856,73.9439263382845,74.71084986840411,18857800
2001-12-10,73.10033416748047,74.38492790208477,73.08116192719478,74.03981294908878,13862700
2001-12-11,72.95336151123047,73.95674963017909,72.79358630199692,73.43268713893113,20833300
2001-12-12,73.03640747070312,73.35595773431379,72.28866102408216,73.20896734358492,16171500
2001-12-13,71.61759948730469,72.66572390285138,71.60481962289792,72.50594878004304,19026700
2001-12-14,72.30144500732422,72.53152160030452,71.57926312577239,71.79016748199605,16721900
2001-12-17,73.04920959472656,73.08755407518035,72.15446766851196,72.21198438919264,13925900
2001-12-18,73.48380279541016,73.59244874738128,73.07477384948957,73.26011364306173,13663700
2001-12-19,74.00145721435547,74.08453853494213,72.85746658375956,72.91498329586945,20143400
2001-12-20,73.27286529541016,74.00783176530786,73.20895622758195,73.81609968587391,14867900
2001-12-21,73.71736145019531,73.79431913683872,73.23638691730741,73.76866657462426,14037700
2001-12-24,73.57624053955078,73.77504167500275,73.49928289386453,73.64036946459433,5728800
2001-12-26,73.98025512695312,74.52535831384888,73.52493341118263,73.52493341118263,10304800
2001-12-27,74.42916107177734,74.44198979182248,73.90971044258114,73.94177734997086,9407300
2001-12-28,74.39065551757812,74.87162958342454,74.33935044296808,74.5766327434986,10593800
2001-12-31,73.30048370361328,74.64079637566799,73.25559296561919,74.48688597293445,14619500
2002-01-02,74.08927917480469,74.23036574999465,72.98624401538153,73.81993474547303,18651900
2002-01-03,74.92932891845703,74.99987215855118,74.09564364245743,74.16618688255159,15743000
2002-01-04,75.42958068847656,75.66044869096183,74.7433910401794,75.14099323900876,20140700
2002-01-07,74.89732360839844,75.6668805829428,74.74982266037009,75.4809032540044,13106500
2002-01-08,74.7241439819336,75.07044596721298,74.37143253055952,74.8972974209344,12683700
2002-01-09,74.1148910522461,75.53216060146968,73.96739019747584,74.82673300535996,16610300
2002-01-10,74.44200134277344,74.61514994846476,73.94178882330529,74.19189508303936,12823400
2002-01-11,73.71087646484375,74.57021440139853,73.55696124923796,74.52532368669374,13708400
2002-01-14,73.24918365478516,73.64678596365036,73.08244451957378,73.52494246225157,12301100
2002-01-15,73.8455581665039,73.99946850930878,73.04393466250956,73.46077986313094,20219900
2002-01-16,72.35136413574219,73.36461788616762,72.26799701427319,73.3004889548281,17067000
2002-01-17,72.89644622802734,73.26198641253573,72.72329767440648,72.95416567438257,17283400
2002-01-18,72.56298828125,73.01189565789366,72.25516258532046,72.46679244547681,17028000
2002-01-22,72.0627670288086,73.06319185645567,71.83830847510374,72.9477578461331,11689300
2002-01-23,72.61428833007812,72.81950381552022,71.83831223012952,72.22950501374149,12438900
2002-01-24,72.83875274658203,73.26842196811506,72.67201361109016,72.87722912680175,12142800
2002-01-25,72.81949615478516,73.22351272316766,72.49243232739592,72.54373741653984,12810700
2002-01-28,73.01831817626953,73.22994806007011,72.41549543794933,73.04397072818996,10589200
2002-01-29,70.72245025634766,73.19145033421272,70.57495423186359,73.01188740385496,27720800
2002-01-30,71.74209594726562,72.71686793554757,69.51678840815038,70.79297160446991,34711800
2002-01-31,72.58221435546875,72.65917198978732,71.58178957294044,71.92167722891621,19909200
2002-02-01,72.2422866821289,72.65913174151915,71.93446120809183,72.52445473288297,15838500
2002-02-04,70.4466781616211,71.97297256609555,70.18374817559102,71.97297256609555,24243400
2002-02-05,70.01062774658203,70.85714243752236,69.60019667780638,70.15812870538778,33614000
2002-02-06,69.70919799804688,70.37614953230648,69.29876703738296,70.31843497192703,29486000
2002-02-07,69.27312469482422,70.45311755009058,69.2603008659808,69.72203698792313,23445400
2002-02-08,70.60057067871094,71.02383016408639,69.45265032521972,69.66427517518672,19277800
2002-02-11,71.4663314819336,71.59458926984927,70.42742578602115,70.57492664557304,18792400
2002-02-12,71.24188995361328,71.63949701904684,70.56211470912821,71.1585228609175,13942500
2002-02-13,71.9986343383789,72.17178780291957,71.40864045097852,71.4920124497288,16781100
2002-02-14,71.86396026611328,72.44754467125885,71.56254897050823,72.15254773524958,20453800
2002-02-15,71.11360931396484,71.97936154222266,70.9981753573491,71.92164701027508,18366800
2002-02-19,69.74768829345703,70.72887508871013,69.65149245431536,70.63909361023752,15988100
2002-02-20,70.92124938964844,70.92124938964844,69.14485342946435,69.93365330030134,29242800
2002-02-21,69.45271301269531,70.94693659578985,69.42706045472598,70.49802906313916,26288600
2002-02-22,70.31200408935547,70.50439569752257,69.17690730079073,69.48472800259188,26572900
2002-02-25,71.47278594970703,71.70365402749954,70.35051247427505,70.37616502655467,17458700
2002-02-26,71.32527160644531,71.85113656156682,70.90842630102297,71.56896345154749,22346500
2002-02-27,71.60102844238281,72.37699958146518,70.95972949510258,71.79982955036843,28597900
2002-02-28,71.28036499023438,72.30644212611833,71.20340737027244,71.71644838457527,23755400
2002-03-01,72.94132995605469,73.01187322109529,71.51123625798867,71.64590842959655,26273600
2002-03-04,74.23035430908203,74.38426468887499,72.88362747726742,73.0439522165959,27184600
2002-03-05,73.99308013916016,74.64720788808634,73.73015008171895,73.96101812337251,22718900
2002-03-06,74.87162780761719,75.12814828186202,73.79424572996577,73.81348390930793,20143200
2002-03-07,74.7113265991211,75.35262553988608,74.11491838850075,75.26284407959679,19330800
2002-03-08,75.0255355834961,75.60911976487372,74.6984767603601,75.27564169188052,19930100
2002-03-11,75.1858901977539,75.60914986828999,74.66643959548041,74.9614365358285,15621800
2002-03-12,75.14102172851562,75.19232683579175,74.35222649822356,74.45483182005148,17153600
2002-03-13,74.41631317138672,74.87163473123381,74.15979267342063,74.79467711402751,17175300
2002-03-14,74.31372833251953,74.66644474897751,74.15340357826103,74.41633852375212,11168100
2002-03-15,75.02180480957031,75.2147426383393,74.53945287754145,74.58447219492798,21220100
2002-03-18,75.03462982177734,75.60702011741424,74.66804272337242,75.31117832806423,17548900
2002-03-19,75.53628540039062,75.72279534071274,75.13111167904424,75.43981897154812,17912000
2002-03-20,74.11498260498047,74.97678729577324,74.08282875278096,74.92533524416876,17114500
2002-03-21,74.14710998535156,74.53942312602027,73.39464244934199,74.15354271576426,25846800
2002-03-22,73.98637390136719,74.56519734430485,73.76770508659571,74.28221590403781,15235400
2002-03-25,73.066650390625,74.19213791370088,72.86727988526428,74.01848851951118,17499600
2002-03-26,73.49110412597656,73.97345583433138,72.97659858110595,73.00875241762175,19947600
2002-03-27,73.68405151367188,73.96703277093886,73.16311320528095,73.33675767249937,19020300
2002-03-28,73.65190887451172,74.45582861597038,73.63904831761253,73.94132292547886,17532900
2002-04-01,73.68405151367188,74.02491262443313,72.99589656173812,73.46538774704602,17711000
2002-04-02,73.27890014648438,73.92846382060303,73.16956332312179,73.30462616923221,15669500
2002-04-03,72.764404296875,73.45255959837526,72.13413378500874,73.32393436522568,25658500
2002-04-04,72.462158203125,72.93164981223656,72.17918159715454,72.41713886307924,23549000
2002-04-05,72.4749755859375,73.07951990731047,72.14697495082085,72.79654348910452,19404900
2002-04-08,72.62931823730469,72.69363082900361,71.53598945821435,71.59386931872251,16470100
2002-04-09,72.12126922607422,72.79013124170069,71.98621125754457,72.79013124170069,15122700
2002-04-10,72.93804931640625,73.02165522218725,72.08910516507076,72.09553789835786,17199300
2002-04-11,71.12440490722656,72.70652371892272,71.06652502488402,72.60361960799631,25453700
2002-04-12,71.65821838378906,71.80614183605086,70.77069239043453,71.40096297931655,14950600
2002-04-15,71.11153411865234,71.9411799933996,70.873572076415,71.78682875594862,17394900
2002-04-16,72.8030014038086,72.88017949889165,71.81900399850915,71.83829729559521,15040900
2002-04-17,72.64864349365234,73.10526947441302,72.41711413626123,72.92519217571736,12920100
2002-04-18,72.33348846435547,72.97019156990793,71.48454935470652,72.61003707088626,25204800
2002-04-19,72.59720611572266,72.82873551993414,72.39140274606126,72.80300948538405,10499200
2002-04-22,71.3880844116211,72.30776893859887,71.28518031309108,72.27561018112387,13922900
2002-04-23,71.07937622070312,71.69679099144133,70.85427964113056,71.44596348078913,16967000
2002-04-24,70.36552429199219,71.90904703370826,70.35909155699228,71.10512689458983,18902700
2002-04-25,70.40408325195312,70.57772777487472,69.92173135782545,70.23686655476911,25451500
2002-04-26,69.06636810302734,70.75138602978802,69.00205549046898,70.60989533811696,19769800
2002-04-29,68.72549438476562,69.6258855176114,68.57757098662665,69.41364951856991,17724400
2002-04-30,69.36864471435547,69.87028997573593,68.5840180617397,68.82840795897332,19473500
2002-05-01,70.21757507324219,70.26259438825122,68.68691345619817,69.43938125280779,24575600
2002-05-02,69.94749450683594,70.6871021184054,69.31721887168166,70.16615845966632,15666800
2002-05-03,69.18859100341797,69.94749188749611,68.9441961161832,69.84458774408367,18185500
2002-05-06,67.83155822753906,69.45225887273644,67.72865410696093,69.22716224239494,23630400
2002-05-07,67.59356689453125,68.37819330100368,67.46494170617753,68.23670264977272,21910000
2002-05-08,70.10824584960938,70.33334243331556,68.6804833661908,68.8477000741172,27917400
2002-05-09,69.29789733886719,70.16612987406228,69.1885654069937,69.87672066457652,18085600
2002-05-10,67.99237823486328,69.49088716369188,67.91520010356724,69.43943507616119,18958900
2002-05-13,69.3750991821289,69.42654634568564,68.03737479486406,68.3139235392819,14677700
2002-05-14,70.88645935058594,70.98293074369951,70.10183254981257,70.50057868487052,34201200
2002-05-15,70.60990142822266,71.33021550852166,70.2883334309578,70.42339140100046,29535300
2002-05-16,70.97644805908203,71.05362610060632,70.3140191495553,70.55197619080155,28092000
2002-05-17,71.32380676269531,71.54890345513877,70.80929583133319,71.16945544598262,27823700
2002-05-20,70.55204010009766,71.18874847927822,70.41698208513992,71.15658970616167,13833800
2002-05-21,69.90886688232422,71.05365284891577,69.66447701893264,70.81569081135275,16877200
2002-05-22,70.06324005126953,70.17900473190295,69.45869061832411,69.60018132873589,15844200
2002-05-23,70.80925750732422,70.97647420552539,69.76738054998256,70.26902573784888,13879800
2002-05-24,69.9024429321289,70.87357461370955,69.85099088222412,70.73208883657772,11877000
2002-05-28,69.52297973632812,70.18540883227897,69.10494048054515,70.13396169685302,24236900
2002-05-29,69.00845336914062,69.47150688972563,68.89911658560335,69.21425656942351,14773300
2002-05-30,68.81552124023438,69.14352182750851,68.10807293780348,68.52611213229231,18217900
2002-05-31,68.95708465576172,69.81888506481164,68.7191224245694,69.07284940245782,19826300
2002-06-03,67.12407684326172,69.20140247048404,66.96972073765667,68.87340187949351,26056300
2002-06-04,67.29134368896484,67.6579311531136,66.59676027203153,66.98264103849229,25856200
2002-06-05,67.92156982421875,67.96015640069595,67.11121737104156,67.49709785602327,19695900
2002-06-06,66.53886413574219,67.91517507618718,66.33949350345715,67.87658847812926,22998500
2002-06-07,66.46166229248047,66.83468229626038,65.4197852631651,65.45837184743971,24011600
2002-06-10,66.71893310546875,67.18199185107457,66.25587435986293,66.39736507732457,18759900
2002-06-11,65.57416534423828,67.2334578920722,65.42624676831107,66.96976969893453,19990700
2002-06-12,65.9728775024414,66.12079600203364,64.81523099515027,65.41334753946116,31266000
2002-06-13,65.31047058105469,66.243015929995,65.17540768695653,65.68348577658749,21043900
2002-06-14,65.21398162841797,65.3168808215252,63.3488865260004,64.51296094175363,39267500
2002-06-17,66.96330261230469,67.10478836949795,65.50338156910229,65.54840087974034,17647200
2002-06-18,67.50999450683594,67.54858110113892,66.64818961573799,66.7189349764527,21628500
2002-06-19,65.93429565429688,67.16268767811603,65.75421837277611,66.56457104635751,21540700
2002-06-20,65.09180450439453,66.27517748739271,64.93102047837634,65.76709937636655,25691000
2002-06-21,64.07401275634766,65.13890216123356,63.686781588364994,64.84202476831646,31190700
2002-06-24,64.40965270996094,64.98404699699921,62.76391317137714,63.6416402687666,37169700
2002-06-25,62.96394348144531,65.11308300922882,62.95103791015216,64.73230710719075,33355000
2002-06-26,63.067195892333984,63.34471240012685,61.434368153610244,61.44081847608871,37913600
2002-06-27,64.17083740234375,64.20955905139574,62.32502996420457,63.570627222474535,31616400
2002-06-28,63.86750793457031,64.8614046767048,63.81587578393434,64.04821553788332,28184200
2002-07-01,62.62189865112305,64.40962336508272,62.53154486672566,64.00948165995717,20270200
2002-07-02,61.29241180419922,62.731622235883755,61.16333143379103,62.51219299205883,34213900
2002-07-03,61.640892028808594,61.853865921591606,60.48564911500245,61.06649819511592,30565800
2002-07-05,64.09336853027344,64.23535442960161,62.38309726266882,62.46054053582159,19013500
2002-07-08,63.29309844970703,64.3450774132471,62.963949724118734,63.88040294195454,19118600
2002-07-09,61.69898223876953,63.467340839494256,61.3182063585031,63.07365938867258,28620400
2002-07-10,59.45304489135742,62.002321257866015,59.40141275597669,61.957144370385734,50522500
2002-07-11,59.93708801269531,60.246870992305325,58.29134931531517,59.22070810196859,59476500
2002-07-12,59.27880096435547,60.59539116846658,59.06582205106267,60.233975987542465,39018600
2002-07-15,59.59501647949219,59.633743036876176,56.72304710563851,59.14324767593453,77317200
2002-07-16,58.44624328613281,59.62084739183146,58.000929618551126,58.80766334290217,53282400
2002-07-17,58.56239700317383,60.214590563661154,57.923465448233664,59.67246308984031,48880600
2002-07-18,56.66499710083008,58.794771867816536,56.632725771850524,58.53661600772056,32656700
2002-07-19,54.67073059082031,56.50363217800458,54.40612448894199,55.99377587194763,77572600
2002-07-22,53.05078887939453,55.44517805488845,52.56674881690403,54.27702468915248,78134000
2002-07-23,51.59865951538086,53.721982136086964,51.4695841579028,53.27666870605118,74484100
2002-07-24,54.67719650268555,54.93535233031448,50.133670677720026,50.42409290635704,107022800
2002-07-25,54.21250534057617,55.40647024722316,52.66357563177735,54.38675765550683,87176600
2002-07-26,55.245147705078125,55.458126679663906,54.08345360753691,54.63203178614643,41206800
2002-07-29,57.9364013671875,58.30427183987801,56.34229926813737,56.47137472651845,53492900
2002-07-30,58.691497802734375,58.98837524424294,57.258737815170974,57.64596904653378,47532200
2002-07-31,58.833492279052734,59.085192862180875,57.600800515193335,58.40107916606454,44669900
2002-08-01,57.297428131103516,58.95607168636214,57.00700609736121,58.652739161750205,66571900
2002-08-02,56.01313781738281,57.38136001769257,55.2580362159091,57.11674898659331,51772900
2002-08-05,54.0640869140625,56.10351295540492,53.922105857387486,55.81954099422715,47191300
2002-08-06,55.884033203125,56.72949314674401,54.9288636237716,55.006311802061006,64730000
2002-08-07,56.85859298706055,57.1167487685369,55.3548401145794,56.71015673635224,43289400
2002-08-08,58.69796371459961,58.79477277912531,56.66499797912771,57.06513489076072,48339800
2002-08-09,58.917388916015625,59.336891515557134,57.66533636708295,58.14937669180482,41879200
2002-08-12,58.484947204589844,58.904444639670515,57.79438360092584,58.07835041366984,25841700
2002-08-13,57.42006301879883,59.15615504517869,57.21353944466486,58.18161962165103,49690500
2002-08-14,59.51760482788086,59.78221100368996,56.80697579493573,57.452362956506484,57423600
2002-08-15,60.34366226196289,60.659900396726435,59.504657501590756,59.91770463546035,45551500
2002-08-16,60.16295623779297,60.717989260830144,59.3755835807444,59.904800541790266,36517300
2002-08-19,61.56993103027344,61.79581553307914,60.0855387136996,60.31787846627486,33669900
2002-08-20,60.91806411743164,61.569906211842955,60.42111841157469,61.19558065870292,30508300
2002-08-21,61.795799255371094,61.81516007566704,60.38885553489809,61.35048069291829,39628900
2002-08-22,62.396026611328125,62.699359343866185,61.35695295999744,61.6280143671499,38399800
2002-08-23,61.05360412597656,62.05395586215513,60.76318196975008,61.9636020835997,33716400
2002-08-26,61.47955322265625,61.72479845509456,60.34367097848384,61.253668808053746,33830100
2002-08-27,60.7696418762207,62.11849833370335,60.343684095597546,61.763533516517384,35335700
2002-08-28,59.44011688232422,60.33720404362616,59.246503817559116,60.20167342111759,38970600
2002-08-29,59.465965270996094,60.053269878397195,58.60759927121571,58.90447673771388,42965700
2002-08-30,59.23361587524414,60.27268930061866,58.988370596948435,59.169078162420206,30366700
2002-09-03,56.97477722167969,58.73023107006149,56.890878664188364,58.555978704836974,76586400
2002-09-04,57.7879753112793,58.24619967072781,56.8328000088826,57.187764968131304,51099500
2002-09-05,57.297428131103516,57.71693045399429,56.471333976191616,57.11026540477042,67250900
2002-09-06,58.084800720214844,58.452670927819824,57.65884315145668,57.92345405154759,38622200
2002-09-09,58.51080322265625,58.9561170219005,57.3103826919897,57.50399588873096,33998400
2002-09-10,59.18195724487305,59.23358936158579,58.446216815400234,58.82054227570315,41416600
2002-09-11,58.8140983581543,60.2339522977709,58.7947375416354,59.678919245979685,27711200
2002-09-12,57.729862213134766,58.62694970311173,57.432984799263636,58.568867239574935,43601700
2002-09-13,57.87186050415039,58.02030170477213,56.95541199709765,57.23938389885427,41131000
2002-09-16,58.013832092285156,58.013832092285156,57.090928563976334,57.639506482445405,28167600
2002-09-17,56.684364318847656,58.85286590985385,56.632732156225124,58.65924776197635,47609700
2002-09-18,56.11640167236328,57.116753563089695,55.68399353334214,56.15512824337834,54719400
2002-09-19,54.66426086425781,56.019577105051304,54.66426086425781,55.49681044043559,48510500
2002-09-20,54.682437896728516,55.23347511800008,54.4879567900369,55.05195744002693,46325600
2002-09-23,54.235111236572266,54.494419299208715,53.60627879811193,54.22862705121108,46893800
2002-09-24,53.35994338989258,54.22864145765363,53.0617350818509,53.44422298402507,69507000
2002-09-25,54.682437896728516,54.95471441368824,53.18491210746426,54.04712602382249,59294400
2002-09-26,55.57706069946289,55.73264655412485,54.747257933967134,55.11677743002999,53638000
2002-09-27,53.645172119140625,55.512216812340135,53.645172119140625,55.103802176760766,64648300
2002-09-30,53.02281951904297,53.67758367583159,52.44585073947142,53.15895771968509,73096400
2002-10-01,55.570556640625,55.60296766968061,52.815366925746474,53.43771506782456,67198100
2002-10-02,53.90449905395508,55.44740413322145,53.54794296929976,54.90285114500462,56749100
2002-10-03,53.35994338989258,54.84450568900278,53.12656211473203,53.8980171601786,55547000
2002-10-04,52.38105010986328,53.75540117758454,51.59014735414421,53.67761070717687,68483700
2002-10-07,51.29840850830078,52.64034827378667,50.92240976544826,51.90130926937329,53188000
2002-10-08,52.10227584838867,52.71165580754976,50.695504206807335,51.739235612181446,79531000
2002-10-09,50.63068389892578,51.66793125570815,50.42323442756931,51.27247992812463,79956400
2002-10-10,52.270816802978516,52.55606159760902,49.962941489285434,50.52694689340009,76749000
2002-10-11,54.55925369262695,54.92877313893653,53.042275739471954,53.22379336980164,82308300
2002-10-14,54.86394119262695,55.00656360107179,53.83317824320478,53.93690048371999,40631900
2002-10-15,57.50246810913086,57.5154364865695,56.303150387370806,56.393909245494044,82320300
2002-10-16,56.1086540222168,56.919004282815045,55.700234325444576,56.66617539718723,62977800
2002-10-17,57.223690032958984,57.891422781395065,56.95141354096679,57.612662102645345,68534100
2002-10-18,57.46354293823242,57.768235351509325,56.354984652001114,56.82174707693729,47448700
2002-10-21,58.455413818359375,58.66934743249758,56.76988659402596,57.12644261758964,45859100
2002-10-22,58.03400421142578,58.35166486737161,57.385724426040866,57.72931686691996,40966800
2002-10-23,58.47489547729492,58.52027491162725,56.8412308953438,57.547854222231074,54905800
2002-10-24,57.28200912475586,58.928640571282585,57.11345497539945,58.831397602577624,54987400
2002-10-25,58.47489547729492,58.5980703473344,57.00978519971561,57.184818747572464,43672100
2002-10-28,58.09235763549805,59.18146797911234,57.599663565629434,59.09070919597638,39416100
2002-10-29,57.418182373046875,58.01459902461493,56.40038256370225,57.74880669019289,59508200
2002-10-30,57.975704193115234,58.31929194159307,57.19776985490073,57.489493995234696,41688600
2002-10-31,57.38576126098633,58.53970417429293,57.17183255343861,58.12480524100859,41620600
2002-11-01,58.52023696899414,58.87679296898829,57.08105943643348,57.27554048062505,51878900
2002-11-04,59.077754974365234,60.25114514468361,58.92865334322046,59.512106335922425,49080600
2002-11-05,59.544532775878906,59.6871552049972,58.88976841764729,58.88976841764729,37270800
2002-11-06,60.31600570678711,60.33545332636431,58.85737488665755,59.95297028538171,65013100
2002-11-07,58.83792495727539,59.78441365877357,58.4878529806687,59.654754623371204,51572000
2002-11-08,58.11832046508789,59.363017252325925,58.03404087431575,58.688805256075646,37905400
2002-11-11,57.21718978881836,58.05995075647782,56.91898160524808,58.027539726558324,33505100
2002-11-12,57.670989990234375,58.29982240104146,57.28850715247652,57.47650895180945,37724500
2002-11-13,57.729366302490234,58.176676374184346,56.69211380085486,57.25611947767011,63891500
2002-11-14,58.818450927734375,58.99348436445077,58.183134304499525,58.39058372200767,31896800
2002-11-15,59.252777099609375,59.35002006272888,58.31276838409753,58.345184353798224,39152100
2002-11-18,58.65643310546875,59.73906056179819,58.57215345881585,59.73906056179819,28934800
2002-11-19,58.57858657836914,59.05831243757488,58.18961953182438,58.35816878620369,32806600
2002-11-20,59.88161849975586,59.914029528441276,58.31277732107844,58.33222987346968,36688400
2002-11-21,60.996673583984375,61.06150555220598,59.92053116609547,60.03073759849658,55128200
2002-11-22,60.56235122680664,61.113388554369806,60.465108181710384,60.601251412437186,32513800
2002-11-25,60.60124206542969,61.10689988675457,60.14095871936631,60.5688260734018,33846400
2002-11-26,59.447303771972656,60.58179433972776,59.39544510496778,60.335449596998885,42284700
2002-11-27,61.119834899902344,61.359700269826064,59.92051794225106,59.978860765593126,37764000
2002-11-29,60.925357818603516,61.554185276799906,60.789214663361506,61.45694723160417,19385700
2002-12-02,61.022586822509766,62.26728802242041,60.43265466979779,61.891284483426745,49911900
2002-12-03,60.205753326416016,60.54934086626697,59.86864502415942,60.45209789653976,34407700
2002-12-04,59.933475494384766,60.380790213456514,59.272232164698124,59.492644959265945,64040800
2002-12-05,59.272254943847656,60.16040053936489,59.05832130503192,60.1150211262208,36724900
2002-12-06,59.66120910644531,59.751967913045114,58.33223804067165,58.42299684727145,49824100
2002-12-09,58.02104949951172,59.291677476038934,58.00808607809071,59.03884871747389,36789600
2002-12-10,58.79903793334961,59.058351116204214,58.189657641527006,58.35820700629306,33319900
2002-12-11,58.85087585449219,59.395433795235995,58.44894529530921,58.61749458645704,39201000
2002-12-12,58.84437942504883,59.311141864009315,58.47485998520251,59.12314005131776,34465600
2002-12-13,57.91735076904297,58.65639474830805,57.87197135282353,58.28687523166822,36862200
2002-12-16,59.41485595703125,59.5056147506106,58.124780294596256,58.22850251040838,37098400
2002-12-17,58.89625930786133,59.47322833061264,58.824948085185476,59.233367805235474,32353900
2002-12-18,58.21556091308594,58.604528023675265,57.91086844356233,58.55266442333398,35612600
2002-12-19,57.800662994384766,58.799010115171235,57.4376227317499,57.923832864827894,39264200
2002-12-20,58.625396728515625,58.644939904195134,58.045592655342254,58.1107382310369,31176900
2002-12-23,58.64493942260742,58.93810196625915,58.182399377598294,58.3648089761609,22599300
2002-12-24,58.208465576171875,58.54071451067122,58.143319993206546,58.36481596934652,10937000
2002-12-26,58.234535217285156,59.02932439434375,57.876226991466844,58.436488051678964,17485600
2002-12-27,56.925071716308594,58.16937360302827,56.92507171630859,57.95438872674336,22205700
2002-12-30,57.40066909790039,57.635197253236754,56.82086476117744,57.19220017874484,29968000
2002-12-31,57.47883224487305,57.609123422478405,56.74918872752951,57.32247686739883,34036600
2003-01-02,59.32895278930664,59.478792015732715,57.68074615005222,57.88269883019101,44516300
2003-01-03,59.51138687133789,59.53093004583406,58.95764205602958,59.22474536157991,32222600
2003-01-06,60.560272216796875,60.90554836422478,59.39414760642391,59.43975002268249,40984500
2003-01-07,60.41044616699219,60.82738402179249,60.06516500165921,60.5211941974223,38640400
2003-01-08,59.537445068359375,60.19542676336263,59.31594913416749,60.06513065181878,38702200
2003-01-09,60.46255874633789,60.70360295913834,59.550510309344226,59.81760878866631,34804900
2003-01-10,60.62538146972656,61.00323267522107,59.80453846918176,59.90225432380308,37768900
2003-01-13,60.605857849121094,61.146575613793416,60.22149544285544,60.938106772873745,31649900
2003-01-14,60.80131530761719,61.12704826655187,60.2019678560471,60.38437751780404,30733000
2003-01-15,60.19541549682617,60.9576289681156,59.876198781295024,60.93808579761395,33511800
2003-01-16,59.94790267944336,60.540739160253864,59.57656723628771,60.260608564870374,44812100
2003-01-17,59.06188201904297,60.130285356238076,58.72963312446132,59.276861919971054,35618300
2003-01-21,58.14332962036133,59.23127644391749,57.94788786881546,59.19870613218664,36826200
2003-01-22,57.43975830078125,58.501651103800725,57.32901026926736,57.83063692219526,42286500
2003-01-23,57.791526794433594,58.22800765941425,57.296411426683825,57.817586021187715,55919800
2003-01-24,56.27362823486328,57.77200194161342,56.13682097872728,57.713367420246065,68633900
2003-01-27,55.50487518310547,56.54722427053315,55.04885118507246,55.85015617623195,57884400
2003-01-28,55.91533660888672,56.28667208742713,55.45930735627919,55.78504040658804,46929100
2003-01-29,56.33876419067383,56.794788259480086,55.22475330633789,55.64820706753775,53712200
2003-01-30,55.00322723388672,56.59931557191119,54.983684065955394,56.54068606811724,49845900
2003-01-31,56.06513977050781,56.162860625176265,54.82084279661626,54.82084279661626,55317000
2003-02-03,56.17588806152344,56.55373438044248,55.97393031989103,56.11725356547251,39696000
2003-02-04,55.622135162353516,55.86317924109415,54.918556040876155,55.576532765866204,43633400
2003-02-05,55.27688980102539,56.377868945362906,55.035850558980755,55.86321020245635,55270600
2003-02-06,55.016292572021484,55.30293915489402,54.495122840778144,54.964179078100365,53638000
2003-02-07,54.34524917602539,55.36804978132759,54.05209169799302,55.315936320319665,43165000
2003-02-10,54.72962188720703,54.80779457170873,53.84362834741146,54.371313848948645,45455900
2003-02-11,54.35179138183594,55.29641479483944,53.96091289956861,54.964170818571475,46861000
2003-02-12,53.48534393310547,54.4755747833288,53.4788278830897,54.17590109637144,35873600
2003-02-13,53.64820861816406,53.85016639965856,52.76873076612001,53.51791744389447,57934100
2003-02-14,54.820858001708984,54.8534283154394,53.30294121967911,53.661249462747286,59580900
2003-02-18,55.785011291503906,55.89576424822704,54.97719514003179,55.06839994889368,39492700
2003-02-19,55.49188232421875,55.68080808872571,54.90556184304055,55.583087180147366,31432000
2003-02-20,54.93812561035156,55.64822112115003,54.755715936762634,55.51141386595833,29280100
2003-02-21,55.49188232421875,55.856701747933236,54.37135984247639,54.970707458662154,60955800
2003-02-24,54.59286117553711,55.374618507526606,54.456048920661644,55.329016079332085,30628600
2003-02-25,55.029335021972656,55.042362155330224,53.56353648982948,54.03910389689506,56770600
2003-02-26,54.2280158996582,55.06840744162193,54.12378394832944,54.73615846682465,37787200
2003-02-27,54.94462966918945,55.211733064444054,54.175904705965465,54.52769190561805,51126000
2003-02-28,55.30945587158203,55.52444081132549,54.827372497546406,55.02932533593491,43666800
2003-03-03,54.78175735473633,55.88273615965884,54.540718187000394,55.543976126761734,42923100
2003-03-04,53.90879440307617,54.729642694429465,53.84364881779502,54.69055136702912,31440500
2003-03-05,54.36482620239258,54.42346071668763,53.65473077234216,53.81759724385357,43974700
2003-03-06,53.90879440307617,54.410420877059565,53.72638477617312,53.98697208758729,41217700
2003-03-07,54.28013610839844,54.71661704858006,53.04886601129497,53.16613006674721,63538000
2003-03-10,52.97719955444336,53.980457499869914,52.83387628076961,53.811074997320056,41014100
2003-03-11,52.456031799316406,53.42020351306534,52.42997753731188,53.08144343381267,48102700
2003-03-12,52.80780029296875,52.83385951357478,51.71333787895596,52.364803483242426,62459800
2003-03-13,54.63195037841797,54.66452567322502,53.114033093784776,53.537487074815736,72117800
2003-03-14,54.80780792236328,55.224745575559936,54.299665468172904,54.853410322860135,63951800
2003-03-17,56.5341911315918,56.644939104746506,54.214974892405195,54.37132526452294,88217500
2003-03-18,56.86643600463867,56.9055223523351,56.20845432011469,56.775231213154754,50792300
2003-03-19,57.30291748046875,57.433213591511524,56.46904225094868,56.85992064350016,49630800
2003-03-20,57.426692962646484,57.71333444349928,56.25405290824131,56.89249137570369,67321600
2003-03-21,58.652488708496094,58.78984757079495,57.5143688563548,58.083431277590975,71165300
2003-03-24,56.703285217285156,57.651717426361884,56.480891153505894,57.573224523205056,65398900
2003-03-25,57.24618148803711,57.730213599425106,56.53976528093408,56.735990064445296,61040100
2003-03-26,56.9583854675293,57.46203457963622,56.77524033585405,57.27234712459241,45740800
2003-03-27,57.004154205322266,57.337742729816924,56.24540461868013,56.513584900612656,53120200
2003-03-28,56.71635437011719,57.08918685799456,56.41547244922748,56.55937358320283,32583000
2003-03-31,55.42779541015625,56.63786550123099,55.20540636210482,55.82679222255873,61119500
2003-04-01,56.278099060058594,56.50703035466417,55.53897659738119,55.76136557204719,53574000
2003-04-02,57.638671875,58.063828295250666,57.233132454232944,57.25929677076628,50431200
2003-04-03,57.363929748535156,58.207709959126596,57.33122810661961,58.129222026264145,48755500
2003-04-04,57.70408248901367,57.94609369358515,57.31162770591579,57.841441413581265,36250100
2003-04-07,57.592864990234375,59.4243215801751,57.54053637586516,59.09073290148549,69776200
2003-04-08,57.684452056884766,57.98533417957326,57.370485282152266,57.756402672129035,39712700
2003-04-09,56.925716400146484,58.27968879160634,56.75565081266989,57.795661339917125,55647300
2003-04-10,57.23965835571289,57.318146292457236,56.062289401230814,56.96493560611261,41812400
2003-04-11,57.004154205322266,58.01799444085803,56.81446680866173,57.66478893295666,47730100
2003-04-14,58.18153381347656,58.21424043906888,56.90605526066284,57.21347957604113,36711700
2003-04-15,58.724422454833984,58.724422454833984,57.83485627676522,58.109573922552144,49709800
2003-04-16,57.72367858886719,58.907584734123844,57.579777401864064,58.80947482510451,51788000
2003-04-17,58.580543518066406,58.685200750611735,57.68443966847179,57.75639026826382,37403100
2003-04-21,58.639427185058594,58.97301594827884,58.25350979420918,58.77678608983573,32052700
2003-04-22,59.744850158691406,59.88875141216874,58.14232436023941,58.27968328664957,59763600
2003-04-23,60.29426193237305,60.405456487509504,59.6794132316616,59.92797163765014,44227100
2003-04-24,59.757896423339844,60.228843862963444,59.49625840240115,59.86909096038148,49692400
2003-04-25,59.018768310546875,59.829841611053,58.88140449442955,59.71864708403396,43917200
2003-04-28,60.03915023803711,60.30078823202503,59.064553825520015,59.15612637486634,46432900
2003-04-29,60.24847412109375,60.6997996444798,59.78406894051184,60.268096102053,52017100
2003-04-30,60.117652893066406,60.54935141144988,59.79060659506995,60.117652893066406,48709100
2003-05-01,60.11109924316406,60.653997193219986,59.195368783257706,60.12417889687393,50240400
2003-05-02,60.967994689941406,61.13806023029944,59.842954175827835,59.88874047627048,50201500
2003-05-05,60.8502197265625,61.340789063268524,60.50355152707627,61.13802200100209,35437800
2003-05-06,61.42584228515625,61.733261634415676,60.830615586744365,60.856779891212774,44401000
2003-05-07,61.085716247558594,61.57628576769019,60.8109985139644,61.10533822991086,41413100
2003-05-08,60.470882415771484,61.046487321671606,60.359687828161675,60.51666871598332,40570700
2003-05-09,61.308101654052734,61.353887936484554,60.57551614481313,60.71941731540756,33608100
2003-05-12,62.06029510498047,62.217280899286465,61.013748094589445,61.15764924420505,35662300
2003-05-13,61.9490852355957,62.25650943540171,61.65474567723978,61.83134841418762,39253600
2003-05-14,61.81826400756836,62.295748586865685,61.42580962984132,62.19763374485188,32195100
2003-05-15,62.21076583862305,62.35466705129829,61.648245638346324,62.066864625947794,43879200
2003-05-16,62.05377197265625,62.43314191988205,61.65477505390365,62.06685163000986,38905000
2003-05-19,60.60166549682617,61.75940691859674,60.392356115871586,61.58280415573757,41606000
2003-05-20,60.4774169921875,60.85024967194785,59.908354485045145,60.71289078891317,55404600
2003-05-21,60.60166549682617,60.75210396327486,60.11763848905542,60.24845498077856,49333800
2003-05-22,61.20347213745117,61.51743892357688,60.62132985868284,60.79793274502478,38421800
2003-05-23,61.32770538330078,61.471606511072125,60.92216629506597,61.17726193417736,26155900
2003-05-27,62.40044403076172,62.68824142281223,60.876406855449304,61.02685037087555,43719200
2003-05-28,62.5770378112793,63.1003138871352,62.42005698465473,62.69477467883035,37727100
2003-05-29,62.41352081298828,63.32925154082743,62.19113170254515,62.71440283964538,50844200
2003-05-30,63.414283752441406,63.505856329025136,62.50509532040934,62.727489428063485,52529500
2003-06-02,63.675899505615234,64.39540020815592,63.23111643653618,63.79363634714585,50305500
2003-06-03,63.93754577636719,63.99641170960082,63.348861492380664,63.54509125048619,38254500
2003-06-04,64.85979461669922,64.98406875980344,63.81978526868365,63.87865617043044,49360700
2003-06-05,65.1802978515625,65.1802978515625,64.27764729540601,64.48041929921133,46262400
2003-06-06,64.92523193359375,66.32498967810784,64.84019670301299,65.67089708757489,60356800
2003-06-09,64.26460266113281,64.82058041382453,63.950635994371005,64.60472864232146,37808500
2003-06-10,64.9186782836914,64.92522060574778,64.22534185560228,64.40194462848797,29965900
2003-06-11,65.60546112060547,65.66432703353505,64.56545174589482,64.85979628152765,37610200
2003-06-12,65.80828094482422,65.99796846701389,65.1607304313714,65.89985354307684,36442000
2003-06-13,65.12142944335938,65.89980089701328,64.72243273100975,65.80822837191616,48628300
2003-06-16,66.49504852294922,66.52120783247308,65.2784360265625,65.38308823564773,36326300
2003-06-17,66.49504852294922,66.83517444038866,66.21378853743337,66.76322386337321,36801800
2003-06-18,66.43620300292969,66.8090356853234,66.06337032053597,66.25305782425654,35521000
2003-06-19,65.42237091064453,66.54087418248069,65.30463398678457,66.48200322538426,43551700
2003-06-20,65.27791595458984,65.9737569626663,65.26478404404703,65.9015464797501,41545000
2003-06-23,64.60835266113281,65.422361131917,64.28012489308192,65.28450106198034,34237500
2003-06-24,64.67398834228516,65.0481677462058,64.34576061925449,64.47705471348131,36213600
2003-06-25,64.02413940429688,65.27797250443187,64.02413940429688,64.68059526614077,47743400
2003-06-26,64.85780334472656,64.97596553131037,63.64992265871909,64.1882159512991,33477300
2003-06-27,64.10945129394531,65.11382748217994,64.05693364804011,64.82498543805973,54208800
2003-06-30,64.0897216796875,64.7724357132622,63.98469144825226,64.47703286597245,33349000
2003-07-01,64.68057250976562,64.89063811131449,63.302016686578845,63.84031010357022,51322800
2003-07-02,65.49457550048828,65.50770741766887,64.70683075385692,64.83811987550916,34662100
2003-07-03,64.81837463378906,65.5470401894109,64.26695475837519,65.03500601699662,30792800
2003-07-07,66.1050796508789,66.23637378132473,65.41580424738453,65.41580424738453,31391100
2003-07-08,66.40045166015625,66.49235499742336,65.75712329093017,65.97375473235533,30952500
2003-07-09,66.02628326416016,66.56457647495102,65.66523080213584,66.24947568915186,36528500
2003-07-10,65.18603515625,65.67181083883571,64.74620615138373,65.54051672978676,49777700
2003-07-11,65.80308532714844,65.94094035476883,65.24509926058296,65.24509926058296,39976300
2003-07-14,66.12477111816406,66.8928229254894,65.94095935335423,66.43330102600254,42114900
2003-07-15,65.98035430908203,66.60398513094401,65.61273576432954,66.55146748049954,42573600
2003-07-16,65.5930404663086,66.21667627341444,65.14008952100029,66.17728553286169,39894200
2003-07-17,64.66085052490234,65.56675708457782,64.43765811491899,65.08754749450452,52253500
2003-07-18,65.32389068603516,65.51426338926174,64.63461038153743,65.00222387281184,35698100
2003-07-21,64.51646423339844,65.3107750150981,64.23418808714489,65.2845161865676,34786000
2003-07-22,65.10067749023438,65.25823038420278,64.2801082821543,64.78558171901153,49968300
2003-07-23,65.14661407470703,65.28446906872831,64.51641766988583,65.12692121961197,37275400
2003-07-24,64.654296875,65.86873847474058,64.5755254251222,65.63898006533415,40896200
2003-07-25,65.79652404785156,65.83590976744262,64.35888518249406,64.76588931557731,43241100
2003-07-28,65.55362701416016,66.28885875715558,65.4288989038097,65.88842062131553,34382800
2003-07-29,65.25166320800781,65.81621521327847,64.779014551655,65.73743876776737,53472100
2003-07-30,65.09412384033203,65.48143014595563,64.94313688544098,65.38296082827516,28363300
2003-07-31,65.24510955810547,66.24292468935127,65.10068855160743,65.63242089447365,54937200
2003-08-01,64.66741180419922,65.33699399408547,64.49016607181179,65.11380160024218,49321000
2003-08-04,64.66741180419922,64.98907349288483,63.67616291727099,64.53611774162401,55214100
2003-08-05,63.295387268066406,64.8314945085852,63.242869668243515,64.60173626980252,61415600
2003-08-06,63.66305923461914,64.37202739767726,63.29544073368574,63.472686530718924,50096900
2003-08-07,64.33264923095703,64.3786009229305,63.51864568384457,63.78778987730097,43427400
2003-08-08,64.51646423339844,64.69371007388943,64.17510947922085,64.54272306192894,27357300
2003-08-11,64.75930786132812,65.01532499411395,64.22757573231802,64.5032907285423,34631400
2003-08-12,65.3501205444336,65.3763743464389,64.60832292470674,64.79869554355894,43285600
2003-08-13,65.01533508300781,65.54706228617401,64.68054146958332,65.5273694280355,36152000
2003-08-14,65.19258117675781,65.4814231421644,64.62802915802146,65.05472615009293,35525100
2003-08-15,65.39608001708984,65.50767621817997,65.06785236092601,65.2254002335448,12567000
2003-08-18,65.96065521240234,66.03942667227044,65.47487450421022,65.5996026601458,22873800
2003-08-19,66.21006774902344,66.26258536375795,65.64551591151597,66.09847157397915,37437700
2003-08-20,65.94091796875,66.22975983810088,65.75055038215639,65.83588774884853,21295300
2003-08-21,66.1510238647461,66.64336552944113,65.90813851551259,66.33483562658664,46494200
2003-08-22,65.49457550048828,66.84031153503905,65.46832168284499,66.79435984162487,52040300
2003-08-25,65.5995864868164,66.19039733195659,65.1728894870842,65.45516550152024,23473000
2003-08-26,65.71776580810547,65.90157256159863,64.8775035016462,65.31732752012748,45065800
2003-08-27,65.73745727539062,65.88187829530926,65.36327781849155,65.67837868089207,18919500
2003-08-28,66.1444320678711,66.30197992475854,65.42233229808454,65.90810777836188,27402400
2003-08-29,66.59085083007812,66.6171096523853,65.96065411978077,66.04599153601038,28706600
2003-09-02,67.48359680175781,67.536109411593,66.33480019769918,66.72210636305678,49419100
2003-09-03,67.85124206542969,68.07443453531505,67.47049666677552,67.63461054464113,44912400
2003-09-04,67.88406372070312,67.97596708741034,67.4573666562151,67.68055911583039,28381000
2003-09-05,67.50330352783203,67.97595217196397,67.22102753249528,67.57551401559424,31637300
2003-09-08,68.06129455566406,68.19258362939553,67.56895301663535,67.64116350969479,32632800
2003-09-09,67.6148910522461,67.91685986759319,67.40482557164133,67.85778129884004,35053200
2003-09-10,66.93218231201172,67.48360737268244,66.66303824124591,67.3063616356125,45904900
2003-09-11,67.12910461425781,67.4573321871696,66.85338964666188,67.0240693869155,38396300
2003-09-12,67.25383758544922,67.37856568418826,66.5317378204277,66.89935616188065,42524800
2003-09-15,67.01750183105469,67.371988202328,66.92559851350478,67.2997777373452,21312800
2003-09-16,67.99564361572266,68.03502933246176,67.07003920550041,67.10942993059616,37892600
2003-09-17,67.86433410644531,68.13348313188057,67.64770770530741,67.92998363055037,31885800
2003-09-18,68.66520690917969,68.73085142176375,67.72647585499733,67.87746274146042,30243600
2003-09-19,68.31598663330078,68.92883402926404,68.13806546628483,68.7113709147904,34331600
2003-09-22,67.57794189453125,67.84811924461683,67.23527180712483,67.77563153488025,36677400
2003-09-23,67.83492279052734,68.06556315292991,67.45271588849862,67.60427740054195,32489200
2003-09-24,66.62895202636719,68.0193894568297,66.60259242726133,67.95349297285478,41694700
2003-09-25,66.08209228515625,67.13645255749411,66.02937301464277,66.8267381552967,52673100
2003-09-26,65.86454772949219,66.33242439304009,65.79865123651845,66.18744909194977,42914700
2003-09-29,66.51036071777344,66.54989761713131,65.759129464486,66.09520819177185,36771600
2003-09-30,65.86454772949219,66.39832088601382,65.40326725109587,66.21380869465528,70764500
2003-10-01,67.26821899414062,67.33411553739687,66.02934185955371,66.055701482373,65797600
2003-10-02,67.51200103759766,67.58448870515653,66.97164162425605,67.16933617715866,44591500
2003-10-03,68.1314468383789,68.71793437547133,67.92716613126952,68.31595909352053,48806900
2003-10-06,68.4411849975586,68.52684998906705,68.00625882316965,68.19077615713007,20226500
2003-10-07,68.70472717285156,68.73767290259433,67.81511202852168,68.04575224703984,42602900
2003-10-08,68.533447265625,68.79044729066439,68.14465416072366,68.75091037222256,30920800
2003-10-09,68.71796417236328,69.33740274971885,68.42142720910125,69.11334846590732,40066500
2003-10-10,68.90904235839844,68.92881081167664,68.47412130353136,68.711347770452,22682800
2003-10-13,69.12652587890625,69.3835259028256,68.8695258549869,69.00131893427447,23825600
2003-10-14,69.37032318115234,69.47576163564693,68.77065831085662,69.06060903313451,38484400
2003-10-15,69.18583679199219,69.77891575140694,68.95519637099315,69.75914729069048,39021700
2003-10-16,69.46261596679688,69.67348794420728,68.96179313510297,68.98156159742511,32772200
2003-10-17,68.70472717285156,69.60751960356261,68.52021499803703,69.50208622977416,32790300
2003-10-20,69.21876525878906,69.21876525878906,68.49389344327523,68.82996722225717,27657000
2003-10-21,69.10014343261719,69.37691182425014,68.74429620298251,69.07378381994994,26729100
2003-10-22,68.23031616210938,68.65865119421696,67.99967576869253,68.55321271289297,33914500
2003-10-23,68.10513305664062,68.50051744480808,67.76905406428492,67.80200485812607,45830500
2003-10-24,68.25667572021484,68.25667572021484,67.33410911980499,67.76244415152209,51723600
2003-10-27,68.28958129882812,68.6520195803401,68.05234988321676,68.36206895513052,32460200
2003-10-28,69.21876525878906,69.2912529430987,68.41481459832403,68.52025305825894,34956200
2003-10-29,69.31105041503906,69.47579430697179,68.44779403013867,69.04086801902879,30955400
2003-10-30,69.45597839355469,69.83159400944558,69.06059432855078,69.71297828718629,39123100
2003-10-31,69.39009094238281,69.68003661317888,69.33737171948106,69.45598745721911,25761600
2003-11-03,69.84481048583984,70.2533770978647,69.66029815382345,69.6866577766235,37589300
2003-11-04,69.6932373046875,70.02931112722034,69.57462153568086,69.84479882600627,31421600
2003-11-05,69.74592590332031,69.83159588855693,69.1264926949255,69.51528561149345,33558800
2003-11-06,70.11500549316406,70.14136512071774,69.25833519421714,69.58782299726059,28392300
2003-11-07,69.5943603515625,70.32582311096796,69.56800074438975,70.27310389662247,31723200
2003-11-10,69.31105041503906,69.74597167539747,69.19902577514512,69.6800751241413,25530800
2003-11-11,69.29127502441406,69.40989081584935,69.06063460428548,69.25173307554624,26558600
2003-11-12,70.0688247680664,70.16108088141152,69.29782509471885,69.34395315139142,28000000
2003-11-13,70.08861541748047,70.20723117615006,69.70640852536928,69.85797506106259,29714800
2003-11-14,69.49554443359375,70.4774163627279,69.38351982325685,70.11498291265262,49158500
2003-11-17,69.14631652832031,69.28470081425733,68.55982859038397,69.13313922719621,44382100
2003-11-18,68.42799377441406,69.4889444256781,68.33573763322437,69.35056021389356,41155000
2003-11-19,69.00792694091797,69.1990304718407,68.48074443991834,68.55323215949541,29827000
2003-11-20,68.38845825195312,69.35056162072159,68.36868979666612,68.53343362750147,53578700
2003-11-21,68.67181396484375,68.75089280910966,68.28302095926352,68.69158241901461,30016000
2003-11-24,69.58123016357422,69.70643713455301,68.98156499077082,68.98815615439727,28906400
2003-11-25,69.84481048583984,70.12817014646043,69.48896311941509,69.67348047901547,37580000
2003-11-26,70.09522247314453,70.14793668972013,69.44942430115101,70.1281682300563,33053600
2003-11-28,70.1479263305664,70.28631558294414,69.98318248758473,70.0359017239588,10507500
2003-12-01,70.90575408935547,70.95847332950329,70.37857677062769,70.41152252503248,38699000
2003-12-02,70.72781372070312,71.01775940756733,70.5564787505683,70.76075946615614,35352000
2003-12-03,70.61582946777344,71.22208582825056,70.55651904795232,70.9387261120907,39078600
2003-12-04,70.90575408935547,70.9848329495772,70.47083292709463,70.62239445804029,36089500
2003-12-05,70.4115219116211,71.03755157085978,70.25996038199582,70.58944808867405,28824400
2003-12-08,70.88594818115234,70.93207623501571,70.29946077021195,70.33899766564319,32482900
2003-12-09,70.33904266357422,71.1232251084967,70.20724957610436,71.10345664813462,43596100
2003-12-10,70.33246612548828,70.49721002109719,69.82505211156544,70.35882072451116,36915400
2003-12-11,71.12320709228516,71.235231691016,70.29289677431564,70.29948793529474,45304000
2003-12-12,71.26160430908203,71.30114122700463,70.76737272471485,71.14957968991222,34142200
2003-12-15,70.90575408935547,71.97988724013753,70.82668025671721,71.94034529623494,38693400
2003-12-16,71.27478790283203,71.49883714516191,70.85303898461716,70.95847747106681,32894200
2003-12-17,71.49886322021484,71.49886322021484,71.03758224273156,71.20891230431931,23198800
2003-12-18,72.30274963378906,72.30934079258991,71.4263115337767,71.53174996426588,29353100
2003-12-19,72.10150146484375,72.41268413911536,71.88963316234758,72.36633810579865,41465100
2003-12-22,72.60470581054688,72.60470581054688,72.02206406793564,72.02868637446709,27611300
2003-12-23,72.6510238647461,72.79667919294528,72.41928868748006,72.4855016246063,24741200
2003-12-24,72.57823181152344,72.75037139475702,72.45243322648767,72.51201883960532,8055800
2003-12-26,72.63117980957031,72.88277692661575,72.58483376979976,72.63780211563454,8308400
2003-12-29,73.59781646728516,73.67064161084824,72.68413040446424,72.8959986847213,22483700
2003-12-30,73.6110610961914,73.67064668630398,73.39257049643476,73.55147045474023,19559500
2003-12-31,73.6772689819336,73.83616894021905,73.38594818229474,73.63754525519687,31501800
2004-01-02,73.64417266845703,74.2797775970265,73.31312811911842,73.98183447181837,38072300
2004-01-05,74.44526672363281,74.49822998892657,73.88248719927348,73.9487001207299,27959800
2004-01-06,74.51813507080078,74.63731131860334,74.15398402158763,74.25992070911846,20472800
2004-01-07,74.76970672607422,74.85577647270479,74.08113359901593,74.41217808021676,30170400
2004-01-08,75.06764221191406,75.08750912324126,74.66376755433605,74.98157246818052,36438400
2004-01-09,74.41220092773438,75.14712030575687,74.33274840936944,74.70352177706638,54084300
2004-01-12,74.96170043945312,74.98156229674827,74.39230362408608,74.5181021220714,31564100
2004-01-13,74.52476501464844,74.96836865504241,73.99509664082511,74.87567151199967,54239700
2004-01-14,75.14710235595703,75.25303902180602,74.59756726737642,74.65715790475105,30112800
2004-01-15,75.33247375488281,75.51785783749031,74.53796910046862,75.1934356929272,38408700
2004-01-16,75.63044738769531,75.6834106817703,75.23318984842658,75.50464883017092,31922700
2004-01-20,75.6105728149414,75.90851593922957,75.35898077670292,75.82906342915162,29863000
2004-01-21,76.20648193359375,76.3389028322416,75.29280046395715,75.56425446633887,30725000
2004-01-22,76.00782775878906,76.39183558290911,75.86216735421235,76.23293561943396,29888500
2004-01-23,75.76287841796875,76.3852439732508,75.44507333298587,76.1402691150069,44245300
2004-01-26,76.71627044677734,76.7559941787366,75.72975399151532,75.73637629728829,30460600
2004-01-27,75.9283676147461,77.13336940685981,75.90850575272668,76.63680265102167,35322800
2004-01-28,75.06104278564453,76.32563033489677,74.77634427172823,76.12700663649358,52621300
2004-01-29,75.1338882446289,75.37885802752876,74.52476231237581,75.18685154415267,60117100
2004-01-30,75.1338882446289,75.29278824588016,74.87566879700316,75.16036736872081,30984400
2004-02-02,75.45829772949219,75.92838039800121,74.89552298839486,75.27953083854395,38832400
2004-02-03,75.33247375488281,75.57082616147456,75.10736595495584,75.3059895928907,25093500
2004-02-04,74.71678924560547,75.29943116189476,74.67706549725533,74.94190227271943,39332600
2004-02-05,74.93521881103516,75.17357120930394,74.67038225169904,74.92859650793402,37226800
2004-02-06,75.77610778808594,75.94163008998332,74.94849627859902,75.09415671248308,37216000
2004-02-09,75.79593658447266,76.05415084145176,75.6701380818746,75.92173003573348,24851300
2004-02-10,76.04093170166016,76.23293814575256,75.65030155947622,75.66354111881343,27908100
2004-02-11,76.84866333007812,77.06053158955888,75.59069332945087,76.0409140122647,42965700
2004-02-12,76.5705795288086,76.98107139912176,76.52423350953654,76.7824477671004,27814700
2004-02-13,76.22628784179688,76.93472271258712,75.97469589609072,76.68313076688096,44739900
2004-02-17,76.91487121582031,77.08701575519545,76.65003462862879,76.70300295633464,23984300
2004-02-18,76.57721710205078,77.19957733475934,76.37196607462826,76.93474072124974,28618000
2004-02-19,76.29254150390625,77.06056235691388,76.17998249975894,77.0208386209441,51146200
2004-02-20,76.0607681274414,76.51098876441156,75.68999997393794,76.45802549343767,46728800
2004-02-23,75.86880493164062,76.31240856932139,75.59072865823366,76.28592439309118,36357000
2004-02-24,75.73636627197266,76.1336186929983,74.83592475693395,75.65691376723208,43953000
2004-02-25,76.05415344238281,76.17994689794557,75.6900025283757,75.7826945698798,31213600
2004-02-26,76.10051727294922,76.33224743094131,75.70325980057582,75.88202667341157,29683000
2004-02-27,76.15350341796875,76.63020848684394,75.89528901421804,76.26606242964326,39312000
2004-03-01,76.90826416015625,77.02743533628797,76.30576071812987,76.42493694560001,33130800
2004-03-02,76.45809173583984,77.44460359973525,76.29256937371383,76.76265227599072,38556400
2004-03-03,76.59709167480469,76.71626791809352,76.08728022521505,76.30577084646775,31346200
2004-03-04,76.79570770263672,76.8685379024406,76.48452504008169,76.61694588124266,21060000
2004-03-05,77.05393981933594,77.43133046393604,76.32564270448273,76.41833478902733,55905600
2004-03-08,76.1137466430664,77.21281674719467,76.08064522569187,77.02742759427798,39281600
2004-03-09,75.80921936035156,76.27930212315013,75.63707474044192,76.20647190131683,39746100
2004-03-10,74.53800964355469,75.9879816791035,74.52476502968584,75.9548802471117,67671800
2004-03-11,73.57135772705078,74.99484554346098,73.55811311357961,74.41883114096531,89134800
2004-03-12,74.53800964355469,74.62407942834155,73.87592038763682,73.97523478629253,54012200
2004-03-15,73.62432861328125,74.38573232344945,73.42570485280727,74.33276396678684,57677200
2004-03-16,74.0149154663086,74.19367723882031,73.38592800830222,74.00829316322677,59832600
2004-03-17,74.84259033203125,74.98825081593318,74.22022464675626,74.27319301387361,41607300
2004-03-18,74.86238098144531,74.99479672191444,74.1076001478306,74.61740630510707,60014300
2004-03-19,73.78936767578125,74.79262812302501,73.77608170711616,74.68632516656731,48636200
2004-03-22,72.85257720947266,73.46383335815445,72.48714958306104,73.44390186381334,62752100
2004-03-23,72.72634887695312,73.35089616427899,72.65990886254676,73.25123360814534,54080200
2004-03-24,72.78611755371094,73.17811702070938,72.3210275121166,72.80604904267072,51584300
2004-03-25,73.74952697753906,73.94885205104319,72.94559130075426,73.13827085339565,49873600
2004-03-26,73.76946258544922,74.27441574918797,73.61665108041416,73.72295407491062,37409500
2004-03-29,74.80591583251953,74.90557834148677,74.13486541483469,74.16808287179326,44113600
2004-03-30,75.05841064453125,75.12485064146233,74.56010306397789,74.6132570891415,39059900
2004-03-31,75.14478302001953,75.34410808221078,74.66640692599805,75.0716975018192,48517600
2004-04-01,75.59657287597656,75.65637241495526,75.11155638970376,75.12484236000665,45103800
2004-04-02,76.1679916381836,76.30087166228057,75.67632946616722,76.28094016557083,50987700
2004-04-05,76.58656311035156,76.65964863938956,76.03510648540252,76.04839245929686,30251800
2004-04-06,76.34071350097656,76.52674749842706,76.15467950352608,76.29420500161395,28420900
2004-04-07,76.16131591796875,76.39386347150432,75.8158249508765,76.3739269136515,45890500
2004-04-08,75.98861694335938,76.67960434646244,75.57003515999997,76.67960434646244,46929700
2004-04-12,76.28758239746094,76.46033047657535,76.12147983997917,76.12812536161182,23085200
2004-04-13,75.2178955078125,76.60651578246569,75.09165591855802,76.57993876004113,56210300
2004-04-14,75.33747863769531,75.5035812019497,74.7793764549436,74.8192394482693,62322300
2004-04-15,75.05178833007812,75.59660458384468,74.65314315618403,75.37734796403599,61602500
2004-04-16,75.62980651855469,75.77597755859665,75.06505892034015,75.33081891781968,47059200
2004-04-19,75.62980651855469,75.7361095037371,75.2577333977987,75.4437724927002,28277600
2004-04-20,74.36076354980469,75.9553485114275,74.26774655837256,75.79589153597897,53299400
2004-04-21,74.85908508300781,75.04511910078683,74.32756004207445,74.54681152357298,50177300
2004-04-22,75.90886688232422,76.18791795538584,74.7062860181437,74.7328630349659,62071500
2004-04-23,75.9819564819336,76.12148202593926,75.60324284276167,76.02181947477867,29395700
2004-04-26,75.8756332397461,76.36730037543053,75.47698818384954,76.07495830221784,35515200
2004-04-27,75.94205474853516,76.48687067203014,75.71615274320803,75.89554625759213,43485500
2004-04-28,74.958740234375,75.74938980116218,74.74612922511874,75.66965877179872,50165800
2004-04-29,74.30095672607422,75.29092600967607,73.85580333125839,74.89228110284033,69687600
2004-04-30,73.72296142578125,74.66642277309198,73.6830984325013,74.52689722756418,48681400
2004-05-03,74.51358795166016,74.60660495292467,73.98205788525176,73.9953489248875,33758000
2004-05-04,74.45380401611328,75.25109928283044,74.18804399625502,74.58004357387918,51185100
2004-05-05,74.93222045898438,75.05181455985425,74.52028916524938,74.68639180151031,34405000
2004-05-06,74.28768920898438,74.80592825884597,73.74951866782757,74.42721471709737,54997000
2004-05-07,73.05852508544922,74.56673866733786,73.05852508544922,73.89568312877364,60950000
2004-05-10,72.30777740478516,72.91903369159637,71.99550373874831,72.71306811146506,75279400
2004-05-11,72.91902160644531,73.11834669995899,72.6399705307643,72.72634203446145,48300600
2004-05-12,73.38410186767578,73.44390141938463,71.79616195350962,72.79942273800263,90830500
2004-05-13,73.0784683227539,73.62328442318788,72.83928027192466,72.92565683247504,57393700
2004-05-14,73.11167907714844,73.57676406269069,72.6000805240058,73.05187953955235,54123100
2004-05-17,72.48712921142578,72.7528942223944,72.02868976327701,72.34760372120259,55020400
2004-05-18,72.85257720947266,73.04525676984902,72.63996615475519,72.74626914759023,30193100
2004-05-19,72.60009002685547,73.86911576201425,72.52036405835331,73.41731668733033,54804100
2004-05-20,72.83267211914062,72.99877472426351,72.44731285868372,72.71971849517965,38082900
2004-05-21,72.95885467529297,73.45052168590252,72.73295772640125,73.0651626999801,47480400
2004-05-24,73.2645263671875,73.59009108530562,72.87252669755978,73.43727447587786,40961500
2004-05-25,74.31426239013672,74.4006389400261,72.81933979148783,73.01866483225956,48668000
2004-05-26,74.57337188720703,74.6065944125563,74.08835545900007,74.18801796600219,35977000
2004-05-27,74.99197387695312,75.09827686281116,74.45379821982837,74.77271731549664,45306900
2004-05-28,74.98529815673828,74.99858412372711,74.65309322252237,74.89892669869836,23367200
2004-06-01,74.88565826416016,74.98532078831343,74.32755623937638,74.71955574692024,41044700
2004-06-02,75.16470336914062,75.39725093023716,74.7195498744947,75.09826338127567,39774200
2004-06-03,74.47374725341797,75.20460263040889,74.46046127794915,74.95212347506721,38688300
2004-06-04,75.06502532958984,75.4636702164671,74.885631835616,75.06502532958984,32739500
2004-06-07,76.20781707763672,76.28090257558911,75.35737317678577,75.36401869543022,31643800
2004-06-08,76.31413269042969,76.35399566817037,75.85568817022784,75.98857321110678,32846500
2004-06-09,75.60324096679688,76.20785164248569,75.55673245328235,76.0816171452593,36737600
2004-06-10,75.97531127929688,75.97531127929688,75.6962601901132,75.76934572333482,21711000
2004-06-14,75.22449493408203,75.64307137541103,74.99195246667705,75.62313988806854,34633000
2004-06-15,75.75603485107422,76.04173138733043,75.41718936106192,75.67630888591678,37445000
2004-06-16,75.74275207519531,75.87563206876113,75.54342701579975,75.74275207519531,26633400
2004-06-17,75.62980651855469,75.78926353085181,75.29760145265826,75.64309249080986,28402400
2004-06-18,75.7724838256836,76.16591924897679,75.4724100132532,75.5324227407197,31799800
2004-06-21,75.48577880859375,76.11260582524088,75.43910052570841,75.85254037951522,25284000
2004-06-22,75.86585998535156,75.93921228516236,75.13234207479393,75.43908574329802,37334000
2004-06-23,76.51934814453125,76.57936087752284,75.63245600384856,75.7591563346745,35580000
2004-06-24,76.279296875,76.63938858203788,76.1926101092048,76.39265766585912,35272100
2004-06-25,75.91250610351562,76.64602879091262,75.80581513197032,76.29260699837486,32837900
2004-06-28,75.65249633789062,76.42602807134413,75.62582739109388,76.36601022217184,40824500
2004-06-29,75.96590423583984,76.1326131224639,75.63248646259171,75.70583877971042,28418100
2004-06-30,76.3726806640625,76.54605934505392,75.78586716596708,76.065936897725,52230600
2004-07-01,75.31241607666016,76.28599546522439,75.07235484796738,76.18596910534373,57734700
2004-07-02,75.27236938476562,75.54577430905985,75.08565630844262,75.45908754863838,34615100
2004-07-06,74.61222076416016,74.98564700151032,74.43884211644006,74.93230403013952,38698200
2004-07-07,74.83226776123047,75.06565912860304,74.51885431609435,74.558862811201,29839800
2004-07-08,74.31211853027344,74.89893169224096,74.15207441446948,74.55884430559381,45291100
2004-07-09,74.50553894042969,74.64557379673994,74.27214242569438,74.49886916035257,27412900
2004-07-12,74.53884887695312,74.7122274791343,74.01871815795919,74.36547027477195,35691300
2004-07-13,74.59217834472656,74.69886932042472,74.41879978572521,74.63218682466983,26752000
2004-07-14,74.36542510986328,74.9455732989221,74.09869522240986,74.19205170052786,54089400
2004-07-15,73.88536071777344,74.62554838233933,73.81867311101607,74.51218250338187,38403500
2004-07-16,73.82534790039062,74.46550928582406,73.64530457755484,74.39882676209045,40871200
2004-07-19,73.511962890625,73.99208538738829,73.34525397300177,73.85205050709106,39592800
2004-07-20,74.44549560546875,74.61887421525,73.51859490662055,73.70530798443892,46679800
2004-07-21,73.07184600830078,74.72559544137135,72.9851541245769,74.56555632245687,56241100
2004-07-22,73.27189636230469,73.6119839542642,72.53170841439095,72.92514407715824,72477100
2004-07-23,72.65839385986328,73.15852047378377,72.47835051737434,73.0985077221378,49610500
2004-07-26,72.5183334350586,72.9717816085453,72.15824178956481,72.81174257306446,49679100
2004-07-27,73.19853973388672,73.42526647771571,72.66507431982464,72.71842238749637,51295100
2004-07-28,73.41859436035156,73.59864281112453,72.41167123719433,73.05183785377422,65862300
2004-07-29,73.73199462890625,73.93204729655493,73.35189863041431,73.71199037965152,52200500
2004-07-30,73.91203308105469,73.95204666447366,73.4185763109903,73.56528091257574,41581700
2004-08-02,74.0654296875,74.25881262148143,73.38525961586866,73.47861619261117,38263100
2004-08-03,73.49195098876953,74.05876023220993,73.45861226124474,73.9720734355832,40948800
2004-08-04,73.48526000976562,73.85202151960097,73.11183380887904,73.27854266106776,40763200
2004-08-05,72.28495788574219,73.60528911973154,72.19826602829974,73.54527637616398,50772000
2004-08-06,71.25138092041016,71.99156882344697,71.0980115855765,71.77151186037078,74729000
2004-08-09,71.35138702392578,71.67147025096645,71.26470025438678,71.36472149325859,37476300
2004-08-10,72.2716293334961,72.29163867194906,71.5247768328872,71.55811555520661,55870600
2004-08-11,72.12492370605469,72.23828450995826,71.41807467939864,71.80484045600564,52933200
2004-08-12,71.33810424804688,71.98493077417658,71.1047076214199,71.80488732619284,50015900
2004-08-13,71.47813415527344,71.58482524241055,71.0780285877368,71.41811628512149,41634700
2004-08-16,72.21825408935547,72.44497561500032,71.41804879799697,71.44472281646381,45731900
2004-08-17,72.62505340576172,72.87177927337788,72.37165267138722,72.51835728864596,40701600
2004-08-18,73.37189483642578,73.46525138108096,72.34496775766867,72.36497200473048,43165400
2004-08-19,73.15852355957031,73.36524094069368,72.80510155150084,73.22520609339547,39881600
2004-08-20,73.6719970703125,73.77201833720784,73.02516574411345,73.09184828456092,44870900
2004-08-23,73.48526000976562,73.86535598925389,73.38523876849274,73.71865647287017,33745100
2004-08-24,73.58527374267578,73.8386744106592,73.25185609537091,73.77865658861856,30453100
2004-08-25,74.08539581298828,74.19875658532646,73.285195542008,73.57193490515996,38551400
2004-08-26,74.08539581298828,74.22543060603238,73.91868699923829,73.99203928429223,26629500
2004-08-27,74.31881713867188,74.43884773653252,74.05208699902717,74.15210825761828,24902900
2004-08-30,73.70532989501953,74.2454650432115,73.65198183191256,74.16544803610235,26726500
2004-08-31,74.09209442138672,74.12543823213144,73.41858912724294,73.79202047488914,44125300
2004-09-01,74.23211669921875,74.44550382421899,73.67197740392452,73.98538576911989,52778300
2004-09-02,75.07233428955078,75.1523512855012,74.17877216354977,74.17877216354977,42736600
2004-09-03,74.76560974121094,75.23239262892282,74.69225741777737,74.90564460752451,30480500
2004-09-07,75.25902557373047,75.43906884996179,74.89893393371871,75.04563850048821,37338800
2004-09-08,75.07233428955078,75.39241244845367,74.89228587356112,75.09900831738445,32963100
2004-09-09,75.00566864013672,75.27239880338698,74.70558957515256,75.0656814006025,34314800
2004-09-10,75.39238739013672,75.53242217405693,74.73889173184243,75.03229576539238,27900600
2004-09-13,75.63915252685547,75.84586990809801,75.35908283209761,75.55913043368842,44398100
2004-09-14,75.79251861572266,75.81252286493127,75.4791051446528,75.55245745011813,28048900
2004-09-15,75.21907806396484,75.59250447297092,75.13905593879785,75.55249595416406,38295000
2004-09-16,75.44574737548828,75.59912173695494,75.21902580968073,75.25236452300845,23911700
2004-09-17,75.76651000976562,75.90712775188824,75.45848946386923,75.63258470150971,33683000
2004-09-20,75.31118774414062,75.65938339086644,75.18395995556337,75.44510796779,37149400
2004-09-21,75.63929748535156,75.98080070430656,75.35806194443765,75.4986797148946,40920800
2004-09-22,74.69512939453125,75.34464794973061,74.64155927387732,75.33125797393107,49042100
2004-09-23,74.29336547851562,74.79557391151702,74.29336547851562,74.7286138088625,44068700
2004-09-24,74.63484954833984,74.81564739885174,74.41387666825955,74.44066172421417,34981100
2004-09-27,74.15945434570312,74.46077739887578,74.04562164639158,74.39381728802952,39355100
2004-09-28,74.51434326171875,74.66835610569701,73.93178471113231,74.26659035490978,41662900
2004-09-29,74.88934326171875,74.89604080676561,74.32687208730255,74.4674898809066,33325700
2004-09-30,74.83573913574219,74.98305439744033,74.50093358051089,74.69512141559233,43536700
2004-10-01,76.10130310058594,76.10130310058594,75.13706147464907,75.17054407338806,62824300
2004-10-04,76.22852325439453,76.63029399127039,76.20174330674813,76.40262356645893,33082400
2004-10-05,76.26870727539062,76.44280759631671,76.027646864486,76.23522467603766,36910600
2004-10-06,76.7910385131836,76.7910385131836,76.12142708740025,76.18168966353048,42297800
2004-10-07,75.96739196777344,76.60352570124046,75.90712940928857,76.59013061575833,39388800
2004-10-08,75.33795166015625,76.18165802799659,75.23081142433216,75.76650238599733,51872600
2004-10-11,75.64598846435547,75.67946596371368,75.42501551193061,75.51876068409956,20229100
2004-10-12,75.35135650634766,75.55224193380005,74.95628830341424,75.13038355789577,41754700
2004-10-13,74.68843841552734,75.71294279660485,74.54112312514762,75.6660702140957,54212600
2004-10-14,74.08578491210938,74.94958399825728,74.04560987373492,74.78218119339283,64082200
2004-10-15,74.50091552734375,74.82232592159386,74.03888233829235,74.34020522149258,63482200
2004-10-18,74.78219604492188,74.92951135985548,74.12597467168918,74.25320246344624,43535100
2004-10-19,74.15275573730469,75.15048027688574,74.05231301811297,75.00985740477999,55851900
2004-10-20,74.00542449951172,74.20630989465145,73.48982614478716,73.91167934410724,57118500
2004-10-21,74.48753356933594,74.54110368072332,73.79783498858615,74.18621063305417,53218300
2004-10-22,73.6505355834961,74.49424713883826,73.56348796530743,74.45407210101705,48752400
2004-10-25,73.56352996826172,73.73763041277418,73.22202662560716,73.48987228438071,43990900
2004-10-26,74.68843841552734,74.72861345518425,73.57688130355545,73.74428411376363,54337400
2004-10-27,75.5856704711914,75.73298567473445,74.40715906029766,74.58125420200733,73896000
2004-10-28,75.81339263916016,76.04105803027892,75.32457413950983,75.51876203067346,54413300
2004-10-29,75.79998779296875,76.09461836352186,75.59910749291468,75.74642277819123,48820200
2004-11-01,76.00757598876953,76.22854382320261,75.79999302304417,76.04105348672437,36720900
2004-11-02,76.03438568115234,76.71738714366258,75.81341266641397,76.11473578925344,56210000
2004-11-03,76.99188995361328,77.24634034379991,76.49637403926867,77.02536744486738,76960200
2004-11-04,78.0431900024414,78.12354007953124,76.7910151776001,76.85797527808435,55350300
2004-11-05,78.53199768066406,78.7730581120371,78.00300424008034,78.37798997150941,63287200
2004-11-08,78.41817474365234,78.49852993366295,78.15702676202842,78.33112711935387,33863800
2004-11-09,78.2641372680664,78.67929795599717,78.18378721207952,78.39806254258933,44658100
2004-11-10,78.32442474365234,78.71280047498117,78.18380700135636,78.3846873008957,45265400
2004-11-11,78.92034912109375,79.09444940326986,78.41144335481619,78.46501345836673,37863200
2004-11-12,79.54310607910156,79.68372380217576,78.79983732233266,78.99402516145248,55583700
2004-11-15,79.738525390625,79.7653846980586,79.40272768517514,79.58405619161687,35297900
2004-11-16,79.16770935058594,79.52365942095305,79.06697408185575,79.49007758213018,40028700
2004-11-17,79.6377944946289,80.01388632967813,79.29527935978508,79.49676005648544,54494000
2004-11-18,79.74528503417969,79.78558426700555,79.40277486031091,79.60425052896265,31854300
2004-11-19,78.8587417602539,79.73181795293627,78.67069584155112,79.71838317367636,54276500
2004-11-22,79.23486328125,79.32888626974486,78.59684428918507,78.69086727767993,37560200
2004-11-23,79.3557357788086,79.42289431168517,78.82517465850873,79.20126654171162,41968800
2004-11-24,79.54380798339844,79.64454325403926,79.28188603199368,79.42963280355666,29724800
2004-11-26,79.48330688476562,79.90641522515513,79.4497301923299,79.5907645978378,15487700
2004-11-29,79.12066650390625,79.92658420153742,78.89904387663482,79.77883236744502,61460800
2004-11-30,79.17439270019531,79.4094500992792,79.00649382601152,79.24826861474553,53685200
2004-12-01,80.07434844970703,80.25567701356212,79.31544211582629,79.35574133746918,49898300
2004-12-02,80.14153289794922,80.50419526678021,79.92662243388673,79.98706360009041,60163500
2004-12-03,80.08778381347656,80.68550355110582,79.98032604659706,80.1280779141222,49067900
2004-12-06,80.0609359741211,80.34972237766041,79.81244367958327,80.0609359741211,33030500
2004-12-07,79.31546783447266,80.33629638263774,79.27517372363207,80.24898564399028,52047200
2004-12-08,79.7788314819336,79.79897852747399,79.25498780241473,79.38930485526214,43895100
2004-12-09,80.0609359741211,80.22883492678652,79.06697704370859,79.3423286616678,60922800
2004-12-10,80.14153289794922,80.29599707193837,79.81916463992067,79.86617614381342,47828600
2004-12-13,80.83995819091797,80.8601052375974,80.15492786061301,80.43028449554494,38541000
2004-12-14,81.1220474243164,81.23621746669328,80.71237362626414,80.71237362626414,41500700
2004-12-15,81.1824951171875,81.33696439933063,80.79968573190224,81.06160767320956,46699200
2004-12-16,81.13548278808594,81.4242691721974,80.61835630316818,81.07504162864983,51641800
2004-12-17,80.59432220458984,80.95194855684689,80.40538791645959,80.60781530456777,70761900
2004-12-20,80.61453247070312,81.16784201576839,80.41210001477167,80.8034666839345,47187400
2004-12-21,81.2353286743164,81.29606047846517,80.60779415449593,80.70226127377455,33094200
2004-12-22,81.4310302734375,81.70093859528782,81.17462019911987,81.22859774503151,31500700
2004-12-23,81.49176025390625,81.83589350694845,81.41754048175329,81.55924119816518,25646100
2004-12-27,81.32306671142578,81.88987471484538,81.23534869278592,81.78190932445186,29944100
2004-12-28,81.76836395263672,81.86958015440788,81.37699738475885,81.40398871510249,23422900
2004-12-29,81.88985443115234,81.9168457720651,81.61319704785045,81.7009201928349,22650600
2004-12-30,81.73466491699219,82.03156455313895,81.6739382540017,81.91685520210861,21076900
2004-12-31,81.5592269897461,82.0922944384719,81.51199342583733,81.84937749606337,28648800
2005-01-03,81.17461395263672,82.159774875719,80.90470565155616,82.02481815114238,55748000
2005-01-04,80.18270874023438,81.33656177754456,79.91954954653589,81.2825790844595,69167600
2005-01-05,79.62935638427734,80.46606708695035,79.62260726423598,80.12193403782322,65667300
2005-01-06,80.03421783447266,80.39859310368885,79.79805010851874,79.9195085315908,47814700
2005-01-07,79.9195556640625,80.45262321591755,79.71037399936408,80.27718202399825,55847700
2005-01-10,80.29740905761719,80.60780178578551,79.85205961193718,79.85205961193718,56563300
2005-01-11,79.74409484863281,80.1219633400204,79.6158872613097,80.05448755914006,63099700
2005-01-12,80.00724029541016,80.18942538739266,79.29873184732783,79.89253097275186,72720500
2005-01-13,79.36624145507812,80.11523460589665,79.28526741377478,80.05450278790087,55537500
2005-01-14,79.78456115722656,79.98024448096275,79.46067542337218,79.60237607544234,42032500
2005-01-18,80.61453247070312,80.71574869866885,79.58888224448822,79.65636316184617,57391700
2005-01-19,79.77108001708984,80.64827539679206,79.7643308951025,80.58754874312103,54378900
2005-01-20,79.28527069091797,79.75760641452817,79.14356997383491,79.54842990093984,72049300
2005-01-21,78.79940032958984,79.62261805178267,78.71168234944848,79.48091740013699,63160400
2005-01-24,78.64421844482422,79.17728067509275,78.52275998965719,79.00858866225363,58441900
2005-01-25,78.86691284179688,79.26502879454885,78.75895259655665,78.88716021409815,68245000
2005-01-26,79.10307312011719,79.35273404284068,78.97486552321217,79.16379978302642,57195100
2005-01-27,79.238037109375,79.45396274701082,78.93439345109981,79.07609416816645,55878800
2005-01-28,79.238037109375,79.31901115401591,78.68472734117861,79.2785215576588,60738900
2005-01-31,79.73060607910156,79.79133274076821,79.4269573265512,79.58890023906797,52532700
2005-02-01,80.2366714477539,80.35138078093284,79.69010582553535,79.7913220628404,49841200
2005-02-02,80.47960662841797,80.69553226173326,80.22994567156562,80.33790591418668,52468900
2005-02-03,80.27041625976562,80.40537297483216,80.00725710047625,80.33789204326276,48837100
2005-02-04,81.12737274169922,81.26232430548716,80.28391259784424,80.29740569499417,50024600
2005-02-07,81.01941680908203,81.32306043700837,80.94519189593156,81.14087528986713,45412000
2005-02-08,81.1138687133789,81.41076831023119,81.01940159584805,81.08687737293127,39263500
2005-02-09,80.5065689086914,81.30279535932273,80.46608447583482,81.25556180496626,55279400
2005-02-10,80.79676055908203,80.98569487285597,80.47287463491925,80.74278300377087,45858600
2005-02-11,81.49176025390625,81.67395056648817,80.60781548330537,80.76975842376565,53133000
2005-02-14,81.4310302734375,81.5524887608665,81.29607868654887,81.43777939720385,32432100
2005-02-15,81.73466491699219,81.93709742310543,81.4310213058948,81.5119953379546,43852700
2005-02-16,81.78863525390625,81.95732726750182,81.42425988677122,81.5997010223707,55523000
2005-02-17,81.12737274169922,81.86961663867717,81.12062361908818,81.80214085678321,58124000
2005-02-18,81.2353286743164,81.29606047846517,80.90469375684124,81.13411243278306,47723300
2005-02-22,80.02751159667969,81.2893300487311,80.01401849713938,80.9047123609189,80697600
2005-02-23,80.6010513305664,80.68202535973492,80.04099769338573,80.25017416698071,68292600
2005-02-24,81.13412475585938,81.1881074459526,80.28392055321835,80.45935657391227,68563600
2005-02-25,81.93710327148438,82.0990461990904,81.09364301593013,81.15436968325507,60899900
2005-02-28,81.39726257324219,81.84936104903419,80.99915192144762,81.74814481869056,69381300
2005-03-01,81.80211639404297,81.9977945585967,81.49846774421732,81.52545907851764,47294400
2005-03-02,81.76165771484375,82.27448296419621,81.41078053249055,81.48500544284705,64226500
2005-03-03,81.79537963867188,82.25422209500049,81.44449738779453,82.09227921278786,61230800
2005-03-04,82.81427764892578,82.88175341828797,82.17999409116453,82.35543520996319,56168500
2005-03-07,82.85478210449219,83.16517483702802,82.59162293673198,82.7670640979296,43442400
2005-03-08,82.54438018798828,82.99647356455061,82.39593038718945,82.77379886335238,44362000
2005-03-09,81.62670135498047,82.5173950789683,81.61995223223303,82.30146948370071,73263600
2005-03-10,81.80888366699219,81.9843248158773,81.2420809294632,81.78189232500432,65149000
2005-03-11,81.2353286743164,82.13277145553515,81.08013489896092,81.85611407188213,57976500
2005-03-14,81.74143981933594,81.75493806963918,81.16113861007531,81.38381340741176,36336400
2005-03-15,81.0666275024414,81.95732106085066,81.02614306962731,81.93032972295082,62438500
2005-03-16,80.37837219238281,81.08013158409904,80.22992239727935,80.7697337499345,74874200
2005-03-17,80.54034423828125,80.7967543375053,80.28393413905718,80.50660376424517,62584200
2005-03-18,80.30117797851562,80.97182074925053,80.03698521524757,80.68730626085296,60232000
2005-03-21,80.00313568115234,80.46378053619969,79.77281583777555,80.41636144089895,61244300
2005-03-22,79.19023132324219,80.56539018397865,79.19023132324219,80.18603744123577,92472400
2005-03-23,79.25798034667969,79.74572259112476,79.08862568781926,79.22410734758999,70817300
2005-03-24,79.35279846191406,79.92860312267307,79.29860374440216,79.56957216366897,51932500
2005-03-28,79.46796417236328,79.89474114361632,79.46796417236328,79.54248062231879,46765500
2005-03-29,78.93958282470703,79.86764809902935,78.7499064575856,79.3528085537759,71160300
2005-03-30,80.05734252929688,80.07088862930762,79.10217967726133,79.10895531141398,62002100
2005-03-31,79.90828704833984,80.24699630431024,79.84732186304586,80.06409558013519,64575400
2005-04-01,79.54924011230469,80.60601112516923,79.19698483078052,80.3621400963094,95255300
2005-04-04,79.68475341796875,79.84056198049956,79.0818512368738,79.5018526577139,71581200
2005-04-05,80.06410217285156,80.19280818627905,79.71184162339205,79.78635807930489,46853900
2005-04-06,80.34184265136719,80.57893812099479,80.05732808781406,80.24022883058575,53268200
2005-04-07,80.77537536621094,80.78892662959495,80.15215162615614,80.21312197479882,46734600
2005-04-08,79.93535614013672,80.75503162951435,79.93535614013672,80.72793427842444,63772900
2005-04-11,79.99637603759766,80.21992546082409,79.82025088744484,80.13186288574768,44945000
2005-04-12,80.40959930419922,80.65347045476258,79.30540866069452,79.86089179957895,86144800
2005-04-13,79.46121215820312,80.47734016448042,79.34604705625469,80.31475596230416,65949000
2005-04-14,78.42472076416016,79.59665679355194,78.42472076416016,79.52891599164134,96119800
2005-04-15,77.32733917236328,78.71604429025975,77.29346617287801,78.40443233451282,128677300
2005-04-18,77.56439208984375,77.87600387455123,77.1985856030242,77.30697500724833,100035200
2005-04-19,78.18085479736328,78.26214169222115,77.78795091124393,77.97085159296603,64930100
2005-04-20,77.09024047851562,78.3299126164514,76.92088582471246,78.16055796264824,107735900
2005-04-21,78.58732604980469,78.72280769010341,77.48313052502627,77.76087460641993,86952200
2005-04-22,78.2892074584961,78.91920648091222,77.40856188538459,78.40436729194136,88845800
2005-04-25,78.8041000366211,78.91925994808628,78.39087431355821,78.48571249574051,52284100
2005-04-26,78.03861236572266,79.10215924805232,78.00474454029535,78.55345189417383,72626000
2005-04-27,78.34343719482422,78.62795167590137,77.52376156983975,77.80827605091692,84131900
2005-04-28,77.36119079589844,78.36377245206259,77.36119079589844,78.08602838569597,72481500
2005-04-29,78.41117858886719,78.49247065619676,77.2053746824187,77.95053387725058,103993800
2005-05-02,78.85153198242188,78.85830761605186,78.25540026204256,78.62798258727963,56026400
2005-05-03,78.98699951171875,79.15635414410592,78.37055133734192,78.62796851798485,86000300
2005-05-04,79.59664916992188,79.76600374262384,78.77019802820968,79.02084465639349,81055700
2005-05-05,79.569580078125,79.93538670527654,79.08183790858962,79.71183734952395,96906700
2005-05-06,79.31892395019531,79.92860158977986,79.29860222359126,79.88795813657177,67415400
2005-05-09,79.81343841552734,79.98956865268306,79.29182850370655,79.40021276390763,43750500
2005-05-10,78.98699951171875,79.59667722197122,78.84474224070871,79.50183904129786,74613500
2005-05-11,79.42052459716797,79.52891401216063,78.47891351965927,79.21052656598441,91647400
2005-05-12,78.54668426513672,79.65765035089896,78.54668426513672,79.47474960373421,95086800
2005-05-13,78.390869140625,79.00054682034589,77.76764536504052,78.78377310847767,85267000
2005-05-16,79.12247467041016,79.14956685950563,78.35021807387761,78.37731026297308,49207000
2005-05-17,79.65088653564453,79.73217346637334,78.68895328786317,78.85830795127373,61071800
2005-05-18,80.47051239013672,80.66696429758883,79.94212699616459,79.99631652681718,77944900
2005-05-19,80.80926513671875,80.89055722902538,80.40958547657839,80.62635922110229,61768100
2005-05-20,80.69405364990234,80.87695428034678,80.43663143957775,80.84308130479131,46345500
2005-05-23,81.14117431640625,81.31730454577273,80.74149994516975,80.75504603898617,51047900
2005-05-24,80.95150756835938,81.17505690496353,80.74827995902965,80.91086411381055,50654100
2005-05-25,80.89055633544922,81.20216826674168,80.49765231274814,80.84990770559807,47608800
2005-05-26,81.32410430908203,81.43248859665204,81.03281410681544,81.14797402745035,43256200
2005-05-27,81.45958709716797,81.45958709716797,81.1547507928121,81.33087590860741,24596100
2005-05-31,80.93797302246094,81.40538832134912,80.88377829646727,81.3444231308264,43377200
2005-06-01,81.62889862060547,81.91341304345755,80.91760739518418,80.96502646565952,69611000
2005-06-02,81.80506134033203,81.8592508936437,81.35796263953213,81.4460303542132,39704500
2005-06-03,81.39181518554688,81.89310331372602,81.10730072103642,81.6627835572057,60999400
2005-06-06,81.31731414794922,81.4256984161554,80.98538054318351,81.25634379784535,36046400
2005-06-07,81.37828826904297,82.13699890300063,81.29700135103229,81.55441853855505,66501300
2005-06-08,81.229248046875,81.68988762692821,81.06666389925232,81.58150336347232,46881200
2005-06-09,81.61536407470703,81.68310487521256,80.91084837920754,81.11407078072413,56653300
2005-06-10,81.42572784423828,81.73056936834487,81.0192776470575,81.66959899620568,36465300
2005-06-13,81.68315124511719,82.02186060821523,81.16153593170114,81.24960367381526,49383200
2005-06-14,81.8727798461914,82.1030995978053,81.5476167734693,81.59503584987756,33857100
2005-06-15,82.02862548828125,82.13023932394987,81.44605017825623,82.07604975744839,53195600
2005-06-16,82.23860168457031,82.40118066707126,81.91343855127576,82.00827672175903,46564500
2005-06-17,82.5433349609375,82.91061805442311,82.44811399475458,82.66576265876604,51529400
2005-06-20,82.57051086425781,82.86977442232035,82.25764135087563,82.3528622815071,41019400
2005-06-21,82.6181411743164,82.74056885584258,82.31887235521846,82.6385449230453,39879800
2005-06-22,82.6861572265625,82.93781557446859,82.34608090249354,82.76097443298991,46310100
2005-06-23,81.52308654785156,82.7065505535151,81.50268280124305,82.51610866629939,62185600
2005-06-24,80.92454528808594,81.6251015203112,80.82931916576686,81.53667837583313,58572500
2005-06-27,81.04017639160156,81.21701750542844,80.76811433705686,80.91774872651405,48183800
2005-06-28,81.7203369140625,81.78154815800801,81.18981870992441,81.21022245790626,41174200
2005-06-29,81.5027084350586,81.89039531001023,81.45509794828045,81.86999155698444,42316500
2005-06-30,81.0605697631836,81.83594314645225,80.90413241536734,81.76792893880878,62288800
2005-07-01,81.29862976074219,81.48227384678582,81.08098116224181,81.24421631382911,49737500
2005-07-05,81.95160675048828,82.06043368573856,81.06741125277233,81.10821875891423,51549000
2005-07-06,81.2646255493164,82.06040275404821,81.21701508037908,81.88356164550162,52363600
2005-07-07,81.58429718017578,81.58429718017578,80.43484288685377,80.45524663331035,103268800
2005-07-08,82.51612091064453,82.51612091064453,81.42787768710737,81.59791585294607,64491200
2005-07-11,82.93778991699219,83.04661160866988,82.50929056016717,82.52289651484645,49688300
2005-07-12,83.15547943115234,83.40713263595623,82.73378284404438,82.97183527662393,51871100
2005-07-13,83.27106475830078,83.3322759880796,82.97179601942288,83.16223787538104,41182300
2005-07-14,83.59754943847656,83.95802944689318,83.31188143387959,83.6451599077174,63638800
2005-07-15,83.54994201660156,83.68597564866582,83.2234716779523,83.51593750044985,56075900
2005-07-18,83.21669006347656,83.40713200810666,83.01264734672453,83.31871401642948,56598400
2005-07-19,83.67235565185547,83.73357207330126,83.25746741384113,83.46151004397336,59165700
2005-07-20,83.95803833007812,84.15528320613166,83.18266478374495,83.37990447064597,69477000
2005-07-21,83.46831512451172,84.07365043071172,83.29827700054202,84.03284294148754,101110900
2005-07-22,84.02606201171875,84.03966278197835,83.40712058726807,83.57715875585521,52607100
2005-07-25,83.78800964355469,84.30492194005461,83.55675503583369,83.9376440622295,57301600
2005-07-26,83.89002990722656,84.01926057826007,83.62477077448118,83.81521788569226,42758800
2005-07-27,84.19607543945312,84.26408964907152,83.69276406129514,83.99883059915369,43181600
2005-07-28,84.72662353515625,84.77423401765988,84.09408130237752,84.31172996370174,47880700
2005-07-29,84.16210174560547,84.76743729173651,83.99886653485707,84.61780804222352,62358100
2005-08-01,84.10088348388672,84.3661426251957,83.96484982862995,84.22331117904112,40418200
2005-08-02,84.60418701171875,84.74701844432741,84.16208675508076,84.25050991990008,45147400
2005-08-03,84.82864379882812,84.84224456931602,84.4205532252,84.50897120625424,36837200
2005-08-04,84.14846801757812,84.5497555012479,84.04644410488439,84.49534724507609,50855600
2005-08-05,83.57714080810547,84.32531274054539,83.43430939986294,83.96482754166435,53595500
2005-08-08,83.42069244384766,83.93760971799684,83.23704839092251,83.76076864199693,47616000
2005-08-09,83.92403411865234,84.06006257145182,83.57035702788195,83.69958250129562,47170000
2005-08-10,83.88323211669922,84.67900951493681,83.53635279343418,84.21650548030114,72863700
2005-08-11,84.21651458740234,84.3593460443917,83.6655925119929,83.8424284935109,58570200
2005-08-12,83.6995849609375,84.12808445923842,83.48873929615641,84.04646427166848,54776900
2005-08-15,84.21651458740234,84.25052430108475,83.54316480755149,83.80842396898224,36208500
2005-08-16,83.12142181396484,84.01241977206048,83.03980166019507,83.95801152536482,71942100
2005-08-17,83.1146240234375,83.57033009064898,82.99899935691197,83.10782623539565,62275100
2005-08-18,83.10785675048828,83.3595099183679,82.8697991636843,83.01263579142793,53388600
2005-08-19,83.29830169677734,83.53635410308222,83.11465756251837,83.40712343002245,39842100
2005-08-22,83.29830169677734,83.81521919986314,82.89700890687487,83.3731189086379,69912000
2005-08-23,83.14183044433594,83.3934887080619,82.40046679664637,83.31867152666096,55168600
2005-08-24,82.40047454833984,83.47511671942014,82.35966187064012,82.93779563388,79104600
2005-08-25,82.69976806640625,82.75418153027975,82.44131189673743,82.53653286393929,35631100
2005-08-26,82.1352310180664,82.63173951974714,82.08081756361705,82.62494172980544,61956800
2005-08-29,82.76775360107422,82.82896483100345,81.87675035972124,81.8971592921824,56179200
2005-08-30,82.33247375488281,82.50251190374532,81.88357055109263,82.46850219831182,74160200
2005-08-31,83.37313079833984,83.42754426729886,82.12164695805274,82.42771882908164,102945200
2005-09-01,83.31190490722656,83.7608081915358,82.39369977650263,83.33230865848546,74578700
2005-09-02,83.16224670410156,83.57714015826431,83.00581452973643,83.55673641283859,47653400
2005-09-06,84.13484191894531,84.20286130389111,83.42068507936904,83.42748805569371,57251300
2005-09-07,84.2777328491211,84.4273621007462,83.97166098684944,84.0872857132136,41749700
2005-09-08,83.99884796142578,84.33892426896192,83.8696173040332,84.10767487063062,39068700
2005-09-09,84.74702453613281,84.84224549804995,84.20290549505677,84.22330924558855,43093900
2005-09-12,84.57697296142578,84.79462158119995,84.52255950919414,84.64498718213913,33017600
2005-09-13,84.107666015625,84.62457821246858,84.01243988552002,84.4273333521656,58427500
2005-09-14,83.80159759521484,84.28450529760964,83.67236694628092,84.1620776273439,57694600
2005-09-15,83.76078033447266,84.10085658009443,83.59074221166176,84.06004390199665,73156900
2005-09-16,84.35640716552734,84.5203371858917,83.92608890785536,84.21979968376392,75424100
2005-09-19,84.07633972167969,84.39054625267335,83.76897033814123,84.33590118543616,53355300
2005-09-20,83.3659896850586,84.43154263161027,83.24304086728405,84.15149052008553,84480300
2005-09-21,82.5873031616211,83.24302835410215,82.4985036219293,83.18838328525192,94469100
2005-09-22,82.88101959228516,83.09959989646114,82.26628072613468,82.61463136062228,84597200
2005-09-23,82.94931030273438,83.25667966822031,82.58046393740719,82.81269764266497,59368100
2005-09-26,83.0449447631836,83.49575355784776,82.70342089613109,83.34548222254615,70415400
2005-09-27,83.02445983886719,83.32499731876854,82.66244013760888,83.0039640280012,66150800
2005-09-28,83.10643768310547,83.41381236833024,82.78540433267251,83.28403159826365,58620500
2005-09-29,83.78264617919922,83.91925365556659,82.70342939767686,83.02446269950552,66607700
2005-09-30,84.04219818115234,84.04219818115234,83.15423399634271,83.75531936867203,47824200
2005-10-03,83.74168395996094,84.2471380220335,83.639225717465,83.98758165745411,50994800
2005-10-04,82.79906463623047,84.03537962828005,82.75808343113235,83.87144959664583,60776300
2005-10-05,81.71302032470703,82.86054103217256,81.67203911733962,82.81955982480517,106052100
2005-10-06,81.41929626464844,82.14333048153148,80.71575785935626,81.81546524221297,140941800
2005-10-07,81.69931030273438,81.99985286448484,81.3714452161667,81.76078207514401,75661400
2005-10-10,81.00949096679688,81.7676746562936,80.80457969554318,81.74718405029249,52677000
2005-10-11,80.89331817626953,81.54904317153309,80.81818253200859,81.27582312069686,75629800
2005-10-12,80.25812530517578,81.37149146527716,80.19665349782743,80.86603749697097,100510400
2005-10-13,80.21031951904297,80.65430172072159,79.8346410688744,80.23081012337177,99052900
2005-10-14,81.05731964111328,81.15294596159353,80.29913580641728,80.6816462995819,88651000
2005-10-17,81.35783386230469,81.467118813875,80.90701975756745,81.14609068590848,68109300
2005-10-18,80.47669982910156,81.25537398394563,80.46304116464889,81.24171531949297,74996900
2005-10-19,81.8154525756836,81.8291164479621,79.998548405672,80.25810465531926,116563800
2005-10-20,80.37425994873047,81.83598230710747,80.12153551436877,81.61740714729156,131966700
2005-10-21,80.68846130371094,81.13244356213528,80.26497486347718,80.79775148908924,96579500
2005-10-24,81.93843078613281,82.02722514285897,80.87970959904192,80.90020020357547,71308400
2005-10-25,81.77448272705078,82.12966528696546,81.24170628155821,81.77448272705078,76594500
2005-10-26,81.53543090820312,82.33459571235655,81.41248207593014,81.63105719872189,80855800
2005-10-27,80.66796875,81.53544263896617,80.55185183926996,81.4193205169934,66623100
2005-10-28,81.82910919189453,81.9315621686965,80.66792507948634,80.8933320509305,72322000
2005-10-31,82.0545654296875,82.85373565800663,82.0545654296875,82.16385562582268,77698900
2005-11-01,82.3004379272461,82.58049006054871,82.11601729186377,82.36191494653472,66365100
2005-11-02,83.16107177734375,83.16107177734375,82.05453243699056,82.08185497503842,74012300
2005-11-03,83.51626586914062,83.78265934904158,83.16108324800938,83.43430345493296,84897600
2005-11-04,83.40692901611328,83.64599459420559,83.02442409116559,83.60501341260084,59156000
2005-11-07,83.48893737792969,83.75532561097837,83.22937587099105,83.58456365588351,46765400
2005-11-08,83.48893737792969,83.6187129201577,83.1883946693655,83.28402094731932,42152800
2005-11-09,83.59823608398438,83.98074125878001,83.23622151337534,83.38649289239996,57666800
2005-11-10,84.24712371826172,84.37007254613363,83.16108008142805,83.56407583258265,79048100
2005-11-11,84.53398895263672,84.58862881077094,83.62553421643202,84.25393688052102,34867000
2005-11-14,84.48621368408203,84.71161557660099,84.27446524816492,84.55451744579211,45092200
2005-11-15,84.17881774902344,84.7594073942706,83.91926143536656,84.39056613163672,69592500
2005-11-16,84.34960174560547,84.39058817201277,84.00125099422304,84.26763931527691,51133000
2005-11-17,85.13507843017578,85.14191036740797,84.11050671747832,84.47935315939836,55717500
2005-11-18,85.4697494506836,85.57220763909166,84.92331446457386,85.4219363242585,72437200
2005-11-21,85.90010070800781,86.00255892970374,85.36732420867901,85.48344109468829,50021200
2005-11-22,86.26891326904297,86.41917936239032,85.66782805069522,85.76345429702516,66438800
2005-11-23,86.7675552368164,87.02711671817153,86.20745628776069,86.2347788232318,50854700
2005-11-25,86.83586883544922,86.89734585005392,86.61729373808845,86.7334158298437,15270000
2005-11-28,86.22109985351562,86.93146476348944,86.09131914340523,86.91780610459129,54498500
2005-11-29,86.12551879882812,86.7334363059733,86.12551879882812,86.50802921794401,51738900
2005-11-30,85.6610336303711,86.41921195183433,85.5790660120749,86.17331951942884,56007200
2005-12-01,86.53532409667969,86.76755783828575,86.05036080281911,86.07767812786847,65468200
2005-12-02,86.64459991455078,86.80170317888059,86.40553426121447,86.58995484771951,46699400
2005-12-05,86.4601821899414,86.56264039083138,86.18696205798167,86.54214458166093,59273400
2005-12-06,86.6241226196289,87.25252535096723,86.49434186878511,86.7812259080841,57935200
2005-12-07,86.11864471435547,86.6582529565847,85.84542462558576,86.58994402596247,66816500
2005-12-08,86.0640640258789,86.62416328172456,85.70888129268756,86.21433544765958,62608600
2005-12-09,86.2894287109375,86.59679813247374,85.94107287828629,86.17331183713412,50744500
2005-12-12,86.37137603759766,86.65142808450547,86.03668413747384,86.54896989146017,48389900
2005-12-13,86.95881652832031,87.22520476193084,86.26211004300998,86.35090438379972,88630900
2005-12-14,87.30035400390625,87.49160658993398,86.84271314287673,86.87686762377116,64375000
2005-12-15,87.0475845336914,87.43008950769094,86.86999070523187,87.3207993944114,55900300
2005-12-16,86.76744079589844,87.4541093648822,86.76744079589844,87.3991746220358,46238300
2005-12-19,86.32112121582031,87.1176594184851,86.30739014699034,87.0215262200761,48733000
2005-12-20,86.40351867675781,86.92538308596127,86.16318569372122,86.42411789832293,46603200
2005-12-21,86.54085540771484,87.0421258637288,86.38292454050755,86.67132413712939,51806900
2005-12-22,86.99404907226562,86.99404907226562,86.5751807953029,86.73311164400738,32247900
2005-12-23,87.0421142578125,87.11078007087158,86.80864420677275,87.05584532487802,27977300
2005-12-27,86.15629577636719,87.24123324157132,86.09449288841769,87.17943035362183,44499500
2005-12-28,86.34858703613281,86.5133860534544,86.17691986508683,86.34171888240841,30764300
2005-12-29,85.96405029296875,86.49278285035454,85.87478001525903,86.32798384061776,32788900
2005-12-30,85.4970932006836,85.87475771822407,85.39409188176721,85.69622768689135,44645600
2006-01-03,87.00090789794922,87.20691056964421,85.4147051380407,85.96404210331697,73256700
2006-01-04,87.41291046142578,87.54337392640907,87.00090513113842,87.11077461624583,51899600
2006-01-05,87.46784973144531,87.61204951760054,87.12451541044737,87.30991887755121,47307500
2006-01-06,88.19573211669922,88.29186531843726,87.45412864140579,87.90733251148508,62885900
2006-01-09,88.42231750488281,88.62144678631442,88.15451717317482,88.18197930664665,43527400
2006-01-10,88.5115966796875,88.56653143639227,88.07212910378287,88.1613993931448,44960800
2006-01-11,88.79310607910156,88.88237634101723,88.39483707374042,88.59397681528613,49598900
2006-01-12,88.44292449951172,88.77252251880499,88.19572336560874,88.63519088391047,40509200
2006-01-13,88.36050415039062,88.51157206989237,88.0309061795371,88.28498066837034,44856700
2006-01-17,88.12018585205078,88.18198351360904,87.7631152334947,88.03091557797883,52066600
2006-01-18,87.76995849609375,88.5115564188136,87.31676005659075,87.6051595398076,75067600
2006-01-19,88.1064682006836,88.42234044508085,87.76313381568974,87.98287285139808,81530400
2006-01-20,86.49967193603516,88.10647445725158,86.49967193603516,88.08587523090789,114957800
2006-01-23,86.80867004394531,87.08333861679795,86.60953545959883,86.66447022194282,67017400
2006-01-24,86.89791107177734,87.30991117284454,86.80864080332135,86.9528405767516,53008800
2006-01-25,86.97345733642578,87.33052274415678,86.41038399072501,87.2343895482728,87747700
2006-01-26,87.45414733886719,87.66701301124488,87.04214706635291,87.37861334437167,71294000
2006-01-27,88.264404296875,88.34681167899954,87.51593780804043,87.66014286845747,65771200
2006-01-30,88.19573211669922,88.44979619034982,88.13393444652472,88.19573211669922,33709600
2006-01-31,87.55026245117188,88.26439331508078,87.54339429703815,88.11333583507177,72937000
2006-02-01,88.1613998413086,88.18886198093382,87.70133303901764,87.76999886581429,63561000
2006-02-02,87.13824462890625,87.98971220883718,87.06957881806538,87.96225007559327,83626900
2006-02-03,86.70565795898438,88.1613975479926,86.61639291035743,86.91852882704342,86040400
2006-02-06,86.9322738647461,87.0696107757009,86.63700605477763,86.82240957484974,45511900
2006-02-07,86.16319274902344,86.97346204308421,86.1082579944408,86.78119040204504,71208100
2006-02-08,86.94598388671875,87.96225576503942,86.24557894978892,86.41724610742739,59422200
2006-02-09,86.80180358886719,87.61893588023325,86.77433620881504,87.15200089708104,62023300
2006-02-10,86.95973205566406,87.2961982839222,86.14259454817027,86.81553224355345,64508700
2006-02-13,86.80180358886719,87.0627358410619,86.48593133770113,86.932267095531,52308700
2006-02-14,87.72191619873047,87.91418257409819,86.66444589534215,86.83611305032989,90964400
2006-02-15,88.03092956542969,88.11333693833298,87.37172820973693,87.67386412900446,85471300
2006-02-16,88.69015502929688,88.72449056883386,88.01721198312573,88.12708151854987,61017900
2006-02-17,88.44977569580078,88.69011388332412,88.29184486048213,88.61457992247942,40342600
2006-02-21,88.23006439208984,88.85492494145979,88.09272227090432,88.65579563011322,46456300
2006-02-22,88.76563262939453,89.02655951308174,88.33989106954782,88.42229840762757,42326700
2006-02-23,88.63521575927734,89.01974863599354,88.08587858779634,88.76568451624928,43423200
2006-02-24,88.86180877685547,88.90987014273217,88.41546778601578,88.6558060486013,36777400
2006-02-27,88.89612579345703,89.29438437999175,88.77251999115894,88.85491687420313,35858600
2006-02-28,88.05150604248047,89.20511466550924,87.98284547348737,88.71757538032426,74394800
2006-03-01,88.83436584472656,88.91677325020731,88.23696716311301,88.30563825472404,48641600
2006-03-02,88.82743835449219,88.86863678841505,88.31243697499669,88.51156623153379,60642300
2006-03-03,88.41545104980469,89.31499577698139,88.33991707966716,88.35365338634635,73402500
2006-03-06,88.01033020019531,88.70386184813873,87.79059641531752,88.67639970903734,57478400
2006-03-07,87.87301635742188,87.93481404122382,87.48161531007305,87.79748236241879,61780800
2006-03-08,88.05836486816406,88.19569646116503,87.3304927564384,87.68755804155961,66692400
2006-03-09,87.46784973144531,88.36051582272039,87.46784973144531,88.08585255701482,56313600
2006-03-10,88.29869842529297,88.47036554742522,87.50903385457643,87.69443204137875,60490800
2006-03-13,88.46355438232422,88.69015637341987,88.25755161971583,88.47041729924139,45479100
2006-03-14,89.3905258178711,89.42486134821837,88.31246141354919,88.38113247424377,69877300
2006-03-15,89.78880310058594,89.85747416753793,89.16394249335126,89.36993473873976,53398900
2006-03-16,89.97418975830078,90.27632563196346,89.84372104215265,89.96045345193473,65526400
2006-03-17,90.04933166503906,90.24236262419726,89.88388256827393,90.09069393923035,47286800
2006-03-20,89.90457153320312,90.24237048144238,89.76669376742795,90.06313043787459,45538500
2006-03-21,89.33924102783203,90.30440623269881,89.24272555928506,89.87697156965042,87102700
2006-03-22,89.88385009765625,89.97346481956453,89.24270352111115,89.28406578036028,51605700
2006-03-23,89.69776153564453,89.89079253724184,89.38753389160604,89.80116724385715,46704200
2006-03-24,89.76668548583984,90.01486964909816,89.44266698049157,89.61501680165988,43209200
2006-03-27,89.63571166992188,89.81495172441129,89.44268068219485,89.64260187684074,32523000
2006-03-28,89.08415985107422,89.98727106305265,88.9669632567881,89.57362736136352,82079900
2006-03-29,89.64260864257812,89.9666272220179,89.13244926828129,89.21518435455147,61505700
2006-03-30,89.48403930664062,90.29752550462672,89.31168946611143,89.69775142579293,70571700
2006-03-31,89.50470733642578,89.78736355814961,89.18757904776527,89.63569487914647,62925600
2006-04-03,89.43578338623047,90.22169830052033,89.27033425863277,89.670187182661,61624700
2006-04-04,90.00797271728516,90.12516933829116,89.18069564469074,89.43577002456269,54809300
2006-04-05,90.31819152832031,90.50433227037125,89.88387715606504,90.04243603738371,50607200
2006-04-06,90.22166442871094,90.45606813713957,89.75287805064634,90.2078840195182,57906200
2006-04-07,89.30479431152344,90.58707762583434,89.17381726084552,90.35268435274743,80180900
2006-04-10,89.44261932373047,89.6770124309746,89.11170026944063,89.44261932373047,41496500
2006-04-11,88.68431854248047,89.6632642090071,88.41545325744426,89.51849625827866,72799400
2006-04-12,88.84980010986328,89.02214996388186,88.66365932209115,88.7739657533191,43033700
2006-04-13,88.73257446289062,89.10484539733133,88.45680847497452,88.64983940681738,51051800
2006-04-17,88.69811248779297,89.14621780495246,88.25689737634124,88.81530910121317,64167700
2006-04-18,90.10449981689453,90.26995946050431,88.8842599288476,88.8842599288476,92531800
2006-04-19,90.27684783935547,90.35958291918493,89.7873801642805,90.13897006550619,87269000
2006-04-20,90.40091705322266,90.90417550481381,90.03553633255278,90.31129179439536,86005500
2006-04-21,90.41474914550781,90.85596444830084,90.04936821597933,90.78703080313471,72342600
2006-04-24,90.24925994873047,90.35956635534956,89.88387918127796,90.2354690180536,52546400
2006-04-25,89.87701416015625,90.39406381226007,89.5667864727744,90.33891058704074,84359800
2006-04-26,89.89762878417969,90.40778785041037,89.82869519321511,89.9665728945386,67262400
2006-04-27,90.33200073242188,90.74564457190266,89.33926393318784,89.55297605980631,124478600
2006-04-28,90.63533020019531,90.82836116985827,90.11139049959567,90.16653318858603,55854400
2006-05-01,89.89762878417969,90.86279373223279,89.84248611916576,90.63529079132158,64990300
2006-05-02,90.57330322265625,90.62845644105465,90.1320879948699,90.31821827263857,49063500
2006-05-03,90.23548126220703,90.53192845529632,89.93214386254333,90.41472130773587,60821300
2006-05-04,90.55950927734375,90.73874934162868,90.29064392121613,90.36647827906752,42921400
2006-05-05,91.35919952392578,91.55223048921043,90.89730324846619,91.03518100661256,62588200
2006-05-08,91.24885559082031,91.53151171640967,91.24885559082033,91.35226123706309,30016700
2006-05-09,91.4281234741211,91.53153967134286,91.21441139368599,91.29024573055628,29864000
2006-05-10,91.37989044189453,91.5177682147977,90.92488432385427,91.28337494892233,64378200
2006-05-11,90.27684783935547,91.37989106894952,89.98041115154949,91.35230920253976,80626900
2006-05-12,89.09797668457031,90.11828478748596,89.06350461284086,89.87010059819303,91726500
2006-05-15,89.2772216796875,89.44268132152187,88.66365663872665,88.78774348055246,84029300
2006-05-16,89.1462173461914,89.62190452253004,88.93939546264443,89.45644491181287,62137600
2006-05-17,87.45030212402344,89.00145584368273,87.39514891645257,88.70500866791416,144789500
2006-05-18,87.00907135009766,88.07074673644047,86.94013248286987,87.79498600783091,87906300
2006-05-19,87.6226577758789,87.89152310603015,86.72644176194135,87.46409886819983,124309400
2006-05-22,86.95394134521484,87.67091732695565,86.51962163210736,87.057352303488,110852800
2006-05-23,86.29209899902344,87.9880204469754,86.29209899902344,87.6777929022361,92006500
2006-05-24,86.98150634765625,87.47787467338968,86.00945609284423,86.6437021714151,168405000
2006-05-25,88.05695343017578,88.05695343017578,87.16073245484368,87.49853655675281,78977900
2006-05-26,88.50513458251953,88.50513458251953,87.9053549654079,88.250049546866,62989700
2006-05-30,86.93327331542969,88.24313337845628,86.89880649727411,88.2224522356228,72419900
2006-05-31,87.90531158447266,87.90531158447266,87.00219486971993,87.29174659077553,86926200
2006-06-01,88.7463607788086,88.89113924702416,87.73983852457361,87.81567286137272,73721700
2006-06-02,88.93251037597656,89.2289470279185,88.46372389772459,89.10486020228659,91702600
2006-06-05,87.63645935058594,88.83601291228884,87.39516533705172,88.82912270482241,86105100
2006-06-06,87.4227294921875,87.81568690950961,86.69886333380447,87.69849028287135,130498600
2006-06-07,86.76779174804688,88.00181706120514,86.71953400997695,87.49166307879469,108599400
2006-06-08,86.69194793701172,87.20899732828613,85.39587935637525,86.57475133731712,204957200
2006-06-09,86.41619110107422,87.52612426509982,86.37482883101319,87.1124857853937,94972200
2006-06-12,85.4786376953125,86.81607433273535,85.36144104927249,86.78160225580571,95815900
2006-06-13,84.48587036132812,86.06458983160687,84.48587036132812,85.30625179678034,185688800
2006-06-14,85.1408462524414,85.23046630237258,84.34114023262016,84.68584001501871,163566400
2006-06-15,86.9470443725586,87.11249873710074,85.38900043233014,85.45104384664616,134057000
2006-06-16,86.31346893310547,86.94359258603357,86.18190238980199,86.75663433029287,94253500
2006-06-19,85.63484954833984,86.88818119101802,85.55175935703208,86.83278420818148,95804400
2006-06-20,85.92568969726562,86.42425205762972,85.66948785531869,85.87029798840688,65494700
2006-06-21,86.5627212524414,87.04050565014674,85.83565045866224,85.86334894711489,75008200
2006-06-22,86.18190002441406,86.59736691250562,85.89107373104477,86.52119736667822,74566100
2006-06-23,86.16803741455078,86.76354178063437,85.88413183592964,86.09186788286935,54107000
2006-06-26,86.54888153076172,86.5973525716296,86.0364726297374,86.2372827370321,37899600
2006-06-27,85.80105590820312,86.75663026050935,85.70410852935223,86.56274606870356,69780200
2006-06-28,86.38268280029297,86.39652940289879,85.62099286625843,85.9949145319728,62368100
2006-06-29,88.12765502929688,88.18305201173472,86.67351857945927,86.6942911271367,110634800
2006-06-30,88.13459014892578,88.39772320142797,87.91300747905149,88.31462771911977,54227800
2006-07-03,88.49467468261719,88.64008254693267,88.15537205605396,88.23846754718237,23914000
2006-07-05,87.98915100097656,88.25227869273111,87.60830342335524,88.14149003202509,69653400
2006-07-06,88.24537658691406,88.52927688205646,87.99609544423205,88.07918563649464,50100300
2006-07-07,87.67066955566406,88.32849175080446,87.44908684207427,88.072289874967,81626500
2006-07-10,87.83682250976562,88.23844267927697,87.53214969405586,87.89914543128474,60964100
2006-07-11,88.22457122802734,88.22457122802734,87.20667448779062,87.6706121652082,73640800
2006-07-12,87.28287506103516,88.21767668972625,87.0543664700593,88.04456508134096,82561300
2006-07-13,85.86337280273438,87.02668322621838,85.86337280273438,86.8674181941033,102405700
2006-07-14,85.53099822998047,86.0434124968695,85.0532136878111,85.95339106144267,103242500
2006-07-17,85.40634155273438,85.9326023274622,85.27478032126272,85.53098212351341,81159000
2006-07-18,85.84257507324219,85.8979720492903,84.74850856955064,85.662537542559,122771000
2006-07-19,87.03361511230469,87.42830946420105,85.6694944608362,85.98801926386236,133565300
2006-07-20,86.4380874633789,87.4559845411854,86.32037284044878,87.33134397486324,112259800
2006-07-21,85.82872772216797,86.68736504743723,85.73871159354394,86.65966655794982,101560000
2006-07-24,87.39366149902344,87.4698310273927,86.16803366762616,86.16803366762616,92884000
2006-07-25,87.70525360107422,88.14841882411804,87.05435236843967,87.2343898912219,95480700
2006-07-26,87.82298278808594,88.2522961975266,87.37289154787975,87.65679183964403,84525800
2006-07-27,87.7398910522461,88.41849091326311,87.38674187544402,88.20382891644951,87257100
2006-07-28,88.61930084228516,88.73008952946142,87.84375890026222,87.96839947517756,82137000
2006-07-31,88.52923583984375,88.60540533607032,88.25225633383305,88.39767466877079,49593100
2006-08-01,88.09305572509766,88.20384443198732,87.66373693889821,88.17614593452785,65225600
2006-08-02,88.68852996826172,88.95166296291812,88.32153424723718,88.34230679251081,64770900
2006-08-03,88.92393493652344,89.0139563187496,88.04453063448422,88.17609181298057,63693800
2006-08-04,88.77162170410156,89.6233277729156,88.2730647599635,89.38097788518114,96294200
2006-08-07,88.56389617919922,88.68853674330889,88.21767297699981,88.56389617919922,45377300
2006-08-08,88.22457122802734,88.95164183760933,87.90604133299199,88.69542956359493,90901300
2006-08-09,87.92687225341797,89.04863765571133,87.67066510763074,88.75780078353618,78910600
2006-08-10,88.19689178466797,88.28690790655516,87.44212253072692,87.64985854486203,69322300
2006-08-11,87.94759368896484,88.07915487508225,87.51827514140705,88.05838233427136,47482200
2006-08-14,88.0168685913086,88.74393947623717,87.88530207540127,88.37693842044028,57839000
2006-08-15,89.06940460205078,89.23558501466573,88.56391628757228,88.8062715275491,68143000
2006-08-16,89.81027221679688,89.94183868854752,89.35325517783903,89.54714983918632,71737600
2006-08-17,90.038818359375,90.27424763567721,89.66490189500651,89.72721954475206,70992800
2006-08-18,90.49581909179688,90.49581909179688,89.73412384744753,90.1495959018005,58288400
2006-08-21,90.10806274414062,90.21192548853861,89.8795541405704,90.14267661501019,42133600
2006-08-22,90.10113525390625,90.37812019361235,89.79645710317708,90.01112439365997,60839900
2006-08-23,89.85183715820312,90.32270618401894,89.45714822160828,90.14266336566594,66592100
2006-08-24,89.77570343017578,90.08731287360277,89.6025917686707,90.01114331990465,57983000
2006-08-25,89.886474609375,90.19115274681718,89.70644233083854,89.76875997734409,41756000
2006-08-28,90.3157730102539,90.58583723195876,89.76874503880141,89.77566569862992,52681500
2006-08-29,90.41963195800781,90.59274351929228,89.88644539080214,90.3573143317593,61817800
2006-08-30,90.47506713867188,90.73818963815094,90.39889759690001,90.62047499466638,50052200
2006-08-31,90.46116638183594,90.70352676542987,90.41962130256611,90.6065847251703,37510300
2006-09-01,91.00130462646484,91.11209858628706,90.5996844465295,90.80742047972275,48794500
2006-09-05,91.1744384765625,91.29908435325429,90.84898774384568,91.06364448970228,52348300
2006-09-06,90.37117767333984,90.82127418190599,90.24654239046826,90.78664974803263,53795600
2006-09-07,89.95571899414062,90.41273617749962,89.5679506807066,90.059581733134,86269400
2006-09-08,90.21187591552734,90.33652170620452,89.90027728766766,90.07338881046624,45096300
2006-09-11,90.30194854736328,90.49583271768279,89.65796782274185,89.92110086784469,68496600
2006-09-12,91.18829345703125,91.29215621954783,90.2742588832993,90.40582542641798,69875600
2006-09-13,91.5552749633789,91.71453469625466,91.07056453773866,91.15365473473561,62898400
2006-09-14,91.56218719482422,91.56911842119906,91.22981587154136,91.37523426879291,57805400
2006-09-15,91.77706909179688,92.0761253626844,91.58232169552089,92.02048476551394,76703100
2006-09-18,91.90225982666016,92.07613272708993,91.56146512136836,91.65883352111464,64154100
2006-09-19,91.67279052734375,91.89535304114155,91.15813328582469,91.88839132985738,92089100
2006-09-20,92.15962219238281,92.34045686719742,91.84665297906369,91.97879812993173,75204100
2006-09-21,91.71450805664062,92.3265442885588,91.40153884254195,92.22917585278668,88932500
2006-09-22,91.43631744384766,91.58236479433627,91.10943541436427,91.57541369605332,65966800
2006-09-25,92.13874816894531,92.39608734430365,91.14420001611913,91.61712933323196,92299100
2006-09-26,92.90380096435547,92.91771377257281,92.08311507734423,92.1526685060677,73962700
2006-09-27,93.01509094238281,93.17505110863613,92.68820889893196,92.8412179666053,82432200
2006-09-28,92.98028564453125,93.1889352738025,92.69513150493923,93.01506235146995,58597500
2006-09-29,92.90380096435547,93.15417845045138,92.834247535632,93.05681001765649,47966600
2006-10-02,92.55606842041016,93.07768737412367,92.46565107247642,92.87598876909684,51687400
2006-10-03,92.75080108642578,93.10549813833204,92.25699716331144,92.42391904134254,73108100
2006-10-04,93.83578491210938,93.89142554888156,92.55608210344809,92.66040166466698,80890500
2006-10-05,94.01658630371094,94.17655707541223,93.71752989223803,93.83576223717131,60505900
2006-10-06,93.89838409423828,93.96098644829983,93.4741334910312,93.85665626644204,64983600
2006-10-09,93.9540023803711,94.10006035527266,93.64103313399879,93.78709110890036,41176800
2006-10-10,94.07917785644531,94.20436128531232,93.78011086688095,93.96094552506116,56403700
2006-10-11,93.96791076660156,94.19046265554007,93.40456402717987,93.78012498267294,104071800
2006-10-12,94.78165435791016,94.85815890680134,94.16961796678069,94.20439469125239,59158600
2006-10-13,95.0250473022461,95.08068791930351,94.61469907799295,94.69816530976037,53944000
2006-10-16,95.17108154296875,95.31713946919577,94.87897630287584,94.9485297177194,42273000
2006-10-17,94.8720474243164,95.073735394818,94.35737962608354,94.91377523805028,90500600
2006-10-18,94.99727630615234,95.5397593689092,94.65649192274047,95.31024567122458,86848600
2006-10-19,95.15025329589844,95.1989428270062,94.74686668584239,94.85814794634719,64063200
2006-10-20,95.17108154296875,95.24758605435221,94.81638459693332,95.17108154296875,48094500
2006-10-23,95.60924530029297,95.83875883586208,94.8581129872562,94.9763453033322,66219900
2006-10-24,95.89442443847656,95.92919054281317,95.43539724770254,95.47712506279764,53234900
2006-10-25,96.2212905883789,96.26301839658531,95.6370694364026,95.79704018434343,78105400
2006-10-26,96.52037811279297,96.67338720051684,95.96398239492117,96.43692246944018,66843700
2006-10-27,95.91526794433594,96.49947845613056,95.72053110707105,96.40211003749812,80238000
2006-10-30,95.84571838378906,96.11695974749492,95.56056421332947,95.74139886404147,49717800
2006-10-31,95.83184051513672,96.15872261266908,95.4562794947623,96.02658804360294,71274100
2006-11-01,95.18502807617188,96.19348927457375,95.08765962830614,96.13089754645254,83005600
2006-11-02,95.1293716430664,95.28933179247893,94.8372663479971,94.94158587753502,60693100
2006-11-03,94.96244812011719,95.55362041011233,94.32259692131136,95.47016478794377,71346400
2006-11-06,96.03350067138672,96.1725968968256,95.2475916097326,95.25455331903967,63303300
2006-11-07,96.40215301513672,96.65948167645193,95.97790244216581,96.116998729029,63318900
2006-11-08,96.61079406738281,96.70816252067135,95.18503337737066,95.9778938148246,87517800
2006-11-09,96.1030502319336,96.77072701827014,95.90831338016096,96.68030968981766,95916300
2006-11-10,96.14476776123047,96.21431055754466,95.783109138372,96.07521435255607,48991500
2006-11-13,96.38124084472656,96.70116108309146,96.0265438989669,96.10303779792976,59398200
2006-11-14,97.10453796386719,97.18800417585418,96.06130051909041,96.65247264940795,96704000
2006-11-15,97.38275146484375,97.68180780393533,97.04195670908621,97.06978232019685,76509600
2006-11-16,97.63316345214844,97.84180254750264,97.01417604041274,97.67489127121928,76728800
2006-11-17,97.66098022460938,97.66793132379173,97.1810890718974,97.32018534210076,56353800
2006-11-20,97.71660614013672,97.88352800666328,97.32713239727164,97.5775098908797,69174200
2006-11-21,97.81395721435547,97.8348211174226,97.57053086209,97.70963769901981,51367900
2006-11-22,98.00870513916016,98.17562699494313,97.71659985081209,97.89047280428328,45505300
2006-11-24,97.61226654052734,97.95305068929889,97.50793641575862,97.53576202730817,30998000
2006-11-27,96.26998901367188,97.61229391986474,96.24217400668186,97.56360439217677,84545100
2006-11-28,96.68727111816406,96.78463954376696,96.05437104556408,96.14478837375336,106652900
2006-11-29,97.69570922851562,97.73743702795934,96.72897629608298,97.0002176048271,90034900
2006-11-30,97.73747253417969,98.09913128134247,97.20194081792994,97.6748808122757,83994300
2006-12-01,97.5218734741211,97.82789160310102,96.6525086133208,97.73747426162132,126080000
2006-12-04,98.26606750488281,98.44690223058835,97.52884762663679,97.54276043916026,87813200
2006-12-05,98.69029998779297,98.73203841771102,98.2451855799482,98.45383528008018,73374400
2006-12-06,98.6068115234375,98.80851005761376,98.4120746981121,98.669403228929,53253200
2006-12-07,98.17562866210938,98.96848891890745,98.14085194835201,98.78070315450807,62857400
2006-12-08,98.35643768310547,98.69027073695301,97.91132340718826,98.15474975392047,79625500
2006-12-11,98.64161682128906,98.82244089368456,98.30082197201175,98.35646259714055,39779400
2006-12-12,98.56504821777344,98.66936768935128,97.9877890462092,98.54418432345787,77451600
2006-12-13,98.66943359375,98.99631563950494,98.45383280024448,98.91981110512901,55520200
2006-12-14,99.53881072998047,99.62227698562269,98.64858182714468,98.66249463847933,64755200
2006-12-15,99.5478744506836,99.93252835086994,99.47794416887139,99.75768663910263,70857400
2006-12-18,99.27508544921875,99.92550192796361,99.13521426532878,99.68770917671466,48954600
2006-12-19,99.46399688720703,99.70177915695356,98.74364957671285,98.99542217747266,65023600
2006-12-20,99.40797424316406,99.77164788566513,99.31705316466677,99.50588514635804,41469600
2006-12-21,99.04434967041016,99.61083522465094,98.83454811068643,99.49894461662942,48698400
2006-12-22,98.4359130859375,99.06533916744522,98.37996244090436,99.05834933862647,62069100
2006-12-26,99.016357421875,99.03733757312986,98.4568618215997,98.47784197285456,32696900
2006-12-27,99.66676330566406,99.72971443082608,99.19119898260583,99.21916896040709,39727100
2006-12-28,99.45695495605469,99.79963785014381,99.30309340999786,99.5968261784272,37288800
2006-12-29,99.04434967041016,99.68776602038076,98.91146823492288,99.35207285332943,45461200
2007-01-03,98.86949920654297,99.91155977110627,98.31001420127998,99.48494551812317,94807600
2007-01-04,99.07933044433594,99.34509334291198,98.33800306567065,98.77160722945726,69620600
2007-01-05,98.28900909423828,98.89046499184744,98.17711851233888,98.84151486317099,76645300
2007-01-08,98.74363708496094,98.89749869215491,98.08623033994925,98.48487468717762,71655000
2007-01-09,98.65967559814453,99.03033913339668,98.19109047023176,98.82751679358547,75680100
2007-01-10,98.98838806152344,99.00937888666314,98.12117992011372,98.31700180181863,72428000
2007-01-11,99.42204284667969,99.74374577983791,98.9604579375433,99.01640859363528,54476800
2007-01-12,100.17732238769531,100.17732238769531,99.3870343459193,99.41500432752099,55370600
2007-01-16,99.98146057128906,100.31715357390193,99.82059855897427,100.05839132933453,44871300
2007-01-17,100.02344512939453,100.33116823623317,99.82062277648237,99.90455405111427,50241400
2007-01-18,99.687744140625,100.19128911642916,99.52689275630982,100.1283486623264,68177300
2007-01-19,99.88359832763672,100.07942023051639,99.63182578514952,99.6877657532637,56973000
2007-01-22,99.57586669921875,100.07941174148095,99.26114304418554,100.0584315873444,60253600
2007-01-23,99.86959838867188,100.06542027270616,99.35206302572851,99.4919342755398,54064400
2007-01-24,100.6738510131836,100.69483116394106,99.94651422011307,99.988474521628,55834700
2007-01-25,99.49195861816406,100.65291055148255,99.31711684524845,100.61095023342199,73583800
2007-01-26,99.40100860595703,99.76467166546102,99.01635472427908,99.70873171129941,67255600
2007-01-29,99.34508514404297,99.8696103975263,99.12828308004217,99.44299609783344,66114600
2007-01-30,99.86259460449219,99.91155540963624,99.35205975730466,99.55488213362719,70407600
2007-01-31,100.53396606445312,100.79972883310008,99.58981672325211,99.75067875242752,91868600
2007-02-01,101.13543701171875,101.17040748727439,100.64588236841232,100.81372357669403,69312400
2007-02-02,101.27530670166016,101.37321762883184,100.97458409373668,101.21935607592053,49607000
2007-02-05,101.30326843261719,101.36620887301159,100.94658459407152,101.19835702713782,45705300
2007-02-06,101.33126068115234,101.42917161156457,100.93961695950341,101.38721130874376,57081300
2007-02-07,101.5550537109375,101.6599544581966,101.10745940348191,101.49210259109198,55669700
2007-02-08,101.42214965820312,101.49207991692283,100.89762469611071,101.25429782859798,70641000
2007-02-09,100.6668930053711,101.63901275986554,100.28223900075226,101.45018067187192,79084400
2007-02-12,100.32421112060547,100.73683515979789,100.14237951134153,100.66690485077115,65657000
2007-02-13,101.17040252685547,101.33824372690788,100.54096601218795,100.54796650985035,64081800
2007-02-14,101.83480834960938,102.0376200424342,101.25433257843305,101.26832290357346,66039400
2007-02-15,101.96771240234375,102.07261318546237,101.708939351495,101.87679127597849,38715200
2007-02-16,101.918701171875,101.93968131812022,101.56901783913675,101.71588953434173,39841800
2007-02-20,102.13552856445312,102.24742981995217,101.40819174669156,101.7998354694471,56911800
2007-02-21,102.09355163574219,102.15650275139083,101.65295785513773,101.83478936209438,63971600
2007-02-22,102.01667785644531,102.40133190477212,101.52712300925451,102.14256948657741,79067400
2007-02-23,101.61805725097656,101.96074035244493,101.42922511717978,101.92578052931306,71966200
2007-02-26,101.52710723876953,102.07261265111805,101.23337437608139,101.98869202506248,69192800
2007-02-27,97.56167602539062,100.8486981012668,97.21199259877632,100.62490625740912,274466500
2007-02-28,98.561767578125,99.29610492377265,97.77149027395375,98.1841141648873,177536300
2007-03-01,98.26802825927734,98.78556354898748,96.54759185421125,97.44977035860092,212828600
2007-03-02,96.98120880126953,98.3729528035525,96.97421897385827,97.94633855863606,162574000
2007-03-05,96.05803680419922,97.61762182167429,96.04404647980967,96.46366016807912,143750400
2007-03-06,97.70158386230469,97.99531677011876,96.31683996218253,97.05816739687928,143333300
2007-03-07,97.60363006591797,98.23306659632752,97.49172881542418,97.62461021644923,115144900
2007-03-08,98.42892456054688,98.72265744723981,97.96034990762045,98.28904261036446,117891600
2007-03-09,98.45687103271484,98.9044654205115,97.96731633848287,98.82753463488275,107765100
2007-03-12,98.60372161865234,98.84849357749994,98.02324593737254,98.20507745007272,80366900
2007-03-13,96.6874771118164,98.44988474592307,96.54060536251903,98.03725015098873,190605200
2007-03-14,97.40779876708984,97.46374938691086,95.6384017672719,96.81333276904479,231853800
2007-03-15,97.54069519042969,97.9043689395793,97.07212068262693,97.19101176626424,132435900
2007-03-16,97.26759338378906,98.03995278131498,96.97971299800017,97.8152625151905,121531600
2007-03-19,98.44013214111328,98.53141386808633,97.70288220235778,97.78011811430012,96161200
2007-03-20,98.98082733154297,99.0369999027089,98.2716687089902,98.35592220882788,82147400
2007-03-21,100.60972595214844,100.86249700698232,98.87544845631804,99.07204697520932,152368700
2007-03-22,100.5324478149414,100.883517981716,100.25861351340968,100.74309205776841,118942200
2007-03-23,100.68000030517578,100.97489824755377,100.51148260360763,100.6027643645181,74416800
2007-03-26,100.54656982421875,100.86253107101594,99.76719303474873,100.75721422669,113787500
2007-03-27,100.30783081054688,100.51847518426803,99.97782379160793,100.49038355373567,99864600
2007-03-28,99.5776138305664,100.03400106701872,99.18440598125339,99.80229331635545,152907900
2007-03-29,99.68293762207031,100.13230733882696,99.13526861458,100.08315233655055,139432700
2007-03-30,99.70398712158203,100.29378278394276,98.69290272106784,99.87250475960695,128194100
2007-04-02,99.81632232666016,100.02696667487228,99.33886108979154,99.81632232666016,79416400
2007-04-03,100.89061737060547,101.09423349680883,100.34294838143087,100.38507511693372,82417800
2007-04-04,101.00296020507812,101.07316785806579,100.51848133004346,100.89061510371559,63995200
2007-04-05,101.27677154541016,101.41719753310788,100.83441950603701,100.87654623096472,46822800
2007-04-09,101.41719055175781,101.66996159773993,101.21356377686966,101.5646340788551,50967400
2007-04-10,101.53657531738281,101.70509295606881,101.29785003127424,101.33997676249132,56620000
2007-04-11,101.12232971191406,101.71212546331732,100.78529438498138,101.68404454298256,106365700
2007-04-12,101.57171630859375,101.75426910564617,100.64488507627897,100.92574789538392,115534400
2007-04-13,102.03508758544922,102.03508758544922,101.36102782633075,101.74017907508612,84287000
2007-04-16,103.00403594970703,103.11638103018998,102.38615943468393,102.3931769845329,83064600
2007-04-17,103.2779312133789,103.49559323887256,102.96898741700484,103.19367771030339,108424100
2007-04-18,103.40428161621094,103.7061970263384,102.91278518471353,102.93384855221922,88345300
2007-04-19,103.3761978149414,103.49556047778894,102.76533868336307,102.89874716355132,102947700
2007-04-20,104.35216522216797,104.35216522216797,103.24278144109907,104.07131317974337,124114100
2007-04-23,103.95894622802734,104.42937919281715,103.89575613883537,104.17660812223285,77270800
2007-04-24,104.0010986328125,104.1976972124957,103.43939452732853,104.0783345543894,114471000
2007-04-25,104.95597076416016,105.08236163958215,103.93085151840899,104.42936532983435,108418800
2007-04-26,105.07533264160156,105.1806601560186,104.68916389685047,104.96299829223092,88741600
2007-04-27,104.9910888671875,105.13854311542084,104.50661011218405,104.68214527189163,108191100
2007-04-30,104.12047576904297,105.13858870789582,104.06431392174042,105.06837032803682,100874100
2007-05-01,104.38726043701172,104.94897516051194,103.68511971109075,104.21172525553148,134342700
2007-05-02,104.9981460571289,105.28602639905019,104.4434594571181,104.54877630717714,87129800
2007-05-03,105.56681823730469,105.60191668785468,105.13148388406962,105.30000144472314,86569700
2007-05-04,105.96705627441406,106.10748224927636,105.47556000548845,105.84769366009036,96409000
2007-05-07,105.98812103271484,106.16365618206144,105.88982177763336,105.93897676208174,63461400
2007-05-08,105.84772491455078,105.96708756411961,105.41240104979173,105.72836226498195,80584000
2007-05-09,106.1356201171875,107.30117657264122,105.58092281114226,105.77050385240757,102070100
2007-05-10,105.02619171142578,106.03727588460872,104.80852984071853,105.83364911188467,153617800
2007-05-11,105.92496490478516,105.97410919117159,105.12452479573413,105.14558816330242,113408900
2007-05-14,105.69329071044922,106.23394231529527,105.17370247986008,105.92499854109752,108027500
2007-05-15,105.72137451171875,106.48670562315586,105.45455750582198,105.81264555545609,180673300
2007-05-16,106.444580078125,106.4656434510574,105.58796719946938,105.88286513434437,114166500
2007-05-17,106.23388671875,106.69730213752234,106.10047827572616,106.29005925864512,101132800
2007-05-18,107.16072845458984,107.16072845458984,106.59199610494787,106.73242212609844,99182000
2007-05-21,107.1045150756836,107.5889937707182,107.07643416768524,107.13260669749651,174664600
2007-05-22,107.02030944824219,107.53989754575703,106.99222852769894,107.21690803350307,82148800
2007-05-23,107.03436279296875,107.77863044863082,106.97819023411236,107.39245080263066,133786600
2007-05-24,106.06541442871094,107.57502395979243,105.84073488692466,107.09756252353736,187593000
2007-05-25,106.50772857666016,106.73943630219301,106.14962994910151,106.37432012433966,83309200
2007-05-29,106.89393615722656,107.07648893712775,106.33923883774746,106.6832917411436,82020000
2007-05-30,107.76457214355469,107.80669887936065,106.26199118816865,106.34625537359943,129013600
2007-05-31,107.65221405029297,108.05242866615096,107.51177734343536,107.89795685966078,114866700
2007-06-01,108.18579864501953,108.41047801123953,107.78557345764101,108.04537270190542,107771700
2007-06-04,108.1999282836914,108.40354445189094,107.7645935947963,107.80672033898784,78008800
2007-06-05,107.77156829833984,108.05943781184983,107.32921627653775,107.94710345444344,126917900
2007-06-06,106.61308288574219,107.39245979517842,106.54989276942004,107.32926967885628,164096800
2007-06-07,104.68915557861328,107.07642905563964,104.66106395814151,106.4164152541356,232414600
2007-06-08,106.05134582519531,106.15667337756557,104.68217335493213,105.02622621723161,175886000
2007-06-11,106.23388671875,106.69027387390014,105.81259802644487,105.97408738250802,102015600
2007-06-12,105.07533264160156,106.40237789826293,105.00512501247178,105.79151902714077,233898000
2007-06-13,106.6481704711914,106.774561392051,105.12452615244881,105.67219514392978,193208200
2007-06-14,107.32923126220703,107.51178399306976,106.74645317691575,106.76751654148387,146396500
2007-06-15,107.93994140625,108.35598744462855,107.84120767511253,107.98929751182189,154030800
2007-06-18,107.81297302246094,108.16555649244872,107.65078763906477,108.15850869664665,88537500
2007-06-19,108.08094024658203,108.15850904062577,107.439235746765,107.57321918738543,110851700
2007-06-20,106.57891845703125,108.29952731165457,106.45199358742411,108.29952731165457,177119700
2007-06-21,107.17127990722656,107.26295506235805,105.95134398429906,106.53663389784097,205262000
2007-06-22,106.16291046142578,107.02321519560643,105.66929563689497,106.84692341827426,204964700
2007-06-25,105.65514373779297,106.6564793102005,105.0839603470527,105.94426471038719,232014400
2007-06-26,104.56922149658203,106.09944352806778,104.56217369938469,105.92315175817268,198445700
2007-06-27,106.05711364746094,106.17700150755772,104.40702543194466,104.45639228727799,213638000
2007-06-28,106.04300689697266,106.76932797763739,105.54233363981864,106.04300689697266,157705000
2007-06-29,106.07826232910156,106.93856689489714,105.17564946662654,106.40969166641595,199701800
2007-07-02,107.03727722167969,107.12895236034012,106.31801474293604,106.38852497575786,103357000
2007-07-03,107.42513275146484,107.53796204814341,107.17833076997367,107.31230345478627,54048400
2007-07-05,107.31230163574219,107.58026852081301,106.92446841997392,107.46743922604699,89279000
2007-07-06,107.87641143798828,108.01039484834128,107.13598416392621,107.45331782423223,81109000
2007-07-09,107.9610824584961,108.1444220226519,107.62259451852229,108.00339076099392,72348100
2007-07-10,106.42379760742188,107.61553150592702,106.31802686613196,107.38987291118318,180362600
2007-07-11,107.17832946777344,107.22063776351537,106.14173318212073,106.30391856912942,175607600
2007-07-12,108.87068939208984,109.12454984150686,107.42509546513162,107.44624960591719,133882500
2007-07-13,109.19510650634766,109.62525877622711,108.8707249749657,108.99766062115647,111794300
2007-07-16,109.18099975585938,109.67461446703484,109.00470801901145,109.29382904984054,98378700
2007-07-17,109.12459564208984,109.6393645505755,109.07522878621033,109.25152054007476,126201300
2007-07-18,108.92713165283203,109.15983802049503,108.10208767293209,108.75788772362449,237887400
2007-07-19,109.35026550292969,109.67463633781786,109.12460686996761,109.44192990757416,145212700
2007-07-20,108.24319458007812,109.29389786686603,107.77073371903941,109.22337682372573,245502500
2007-07-23,108.5745620727539,109.1034373140929,108.10210148169038,108.722641114732,121183900
2007-07-24,106.69178009033203,108.79317495100472,106.31098384605174,107.9751785655095,256732400
2007-07-25,106.910400390625,107.46042994977753,105.95137256133383,107.19952152710195,265214500
2007-07-26,104.37882232666016,106.33918572536969,103.22939667374975,105.90903342507762,467592500
2007-07-27,102.3267822265625,104.97820623218425,102.28447392881235,104.51280419693819,422987600
2007-07-30,103.92752075195312,104.23073741130239,102.45371347559659,102.90501994625258,283017500
2007-07-31,102.75692749023438,105.39425572283623,102.27740837521876,104.59741363640975,316976700
2007-08-01,103.25757598876953,103.66657405022788,101.50876522528623,102.37611743217623,467670000
2007-08-02,104.08267974853516,104.19549831938664,102.43258037486535,103.49033114157812,294758400
2007-08-03,101.40304565429688,104.06857681323756,100.97994102970411,103.85702450094118,359398200
2007-08-06,103.10250091552734,103.53970113577317,100.50748002762256,101.69216651731753,324980000
2007-08-07,104.20256805419922,105.06992076313561,102.41143720485272,102.91211068919714,232568700
2007-08-08,105.65514373779297,106.19106663626711,103.89927451885784,104.65380816538544,274930600
2007-08-09,102.52422332763672,105.03461597001466,102.45370232802185,103.96275918383296,357622100
2007-08-10,102.04473876953125,103.30698318116899,100.92351487003602,101.81908012611203,411018400
2007-08-13,102.411376953125,103.58195648755388,102.26329794262026,103.30694185091018,181917200
2007-08-14,100.8459701538086,102.99673253784526,100.64147637434232,102.74287188333604,264134500
2007-08-15,99.456787109375,101.86846864358579,99.16061814692775,100.64147371916263,323834000
2007-08-16,100.20423126220703,100.79656893768949,96.60787539250306,98.57528651463912,546743700
2007-08-17,102.04473876953125,102.82041614629308,99.7035787640403,102.60181606047841,388218100
2007-08-20,101.995361328125,102.58065126879606,101.04338150992608,102.36909900253016,187320400
2007-08-21,102.1998291015625,102.93320867050346,101.64275200976432,101.96713350371753,157066400
2007-08-22,103.41275024414062,103.51853176445611,102.48193527334097,102.96144373345074,173156700
2007-08-23,103.32109069824219,104.1179222367855,102.67938602879859,103.89932214851265,203915300
2007-08-24,104.59746551513672,104.59746551513672,103.15187041727926,103.29290172341192,128901900
2007-08-27,103.62428283691406,104.59741668694913,103.46914524458981,104.25893955823891,113024300
2007-08-28,101.34661865234375,103.13069059291203,101.16327907599945,103.06722813494626,219790700
2007-08-29,103.33522033691406,103.47626241710093,101.51589801450355,101.8050084548866,207654200
2007-08-30,103.06015014648438,103.79352983358304,102.46781246382378,102.56653541093387,191817300
2007-08-31,104.07559204101562,104.71729657549302,103.53966900958072,104.11790033823493,185477500
2007-09-04,105.12633514404297,105.76098136638895,103.94164856633259,103.97690908090699,120062000
2007-09-05,104.21661376953125,104.61856407640282,103.65953664035086,104.50573478745713,166261800
2007-09-06,104.45637512207031,104.7948522173251,103.74414967498049,104.32943948635425,127878400
2007-09-07,103.00379180908203,103.58202339501703,102.43259726248908,103.29290222205003,235447600
2007-09-10,102.80630493164062,103.46211591808215,101.77676700969445,103.32108465260956,192305900
2007-09-11,104.00506591796875,104.15314493562545,103.04603854079065,103.12360732717978,162081900
2007-09-12,104.27306365966797,104.67501410240406,103.64546532276175,103.86406541898796,149554600
2007-09-13,105.00640869140625,105.38719409399708,104.50573544356219,104.75254816968128,154079000
2007-09-14,104.99934387207031,105.13332730054256,104.18135847085856,104.33649604487982,121911000
2007-09-17,104.43523406982422,104.8230673009322,104.10380472833637,104.58331311006691,109870800
2007-09-18,107.50978088378906,107.53798283341268,104.45640604722117,104.95002086560483,263759500
2007-09-19,108.1444091796875,108.87073031296573,107.68605494373323,108.17966968091343,193779900
2007-09-20,107.38287353515625,108.19381161069012,107.26299638764247,108.13034913730027,175186800
2007-09-21,107.6726303100586,108.48741524577206,107.50967548512415,108.19693337811708,141457500
2007-09-24,107.47425842285156,108.27488097436998,107.24044801016807,107.99146949943135,139450200
2007-09-25,107.26167297363281,107.45297431514116,106.60984297738736,106.85073455644863,142289900
2007-09-26,107.82852172851562,108.23946028583997,107.26170955251504,107.87103074978313,135547000
2007-09-27,108.46614837646484,108.47324041872409,107.82849161345514,108.33862134827892,102713300
2007-09-28,108.10477447509766,108.53696727638457,107.67966290263837,108.29607576380796,133372100
2007-10-01,109.32345581054688,109.64228420013241,108.04813144116441,108.11898699931244,148162300
2007-10-02,109.17464447021484,109.5714095803236,108.97626191516048,109.54307384861802,112978800
2007-10-03,108.95499420166016,109.40136030192504,108.40943683589609,108.97624870062161,119055900
2007-10-04,109.12506866455078,109.29510469934185,108.82040275048368,109.18883217759743,76864400
2007-10-05,110.42163848876953,110.5987665512725,109.55725267887189,109.84065325446106,134579700
2007-10-08,109.8335189819336,110.1665204435056,109.6563910049712,110.09566492830714,71280400
2007-10-09,110.86798858642578,110.88216185784343,109.8406480349346,110.24450518754917,94054300
2007-10-10,110.68376922607422,110.83964276436306,110.10987611284594,110.55623141700268,101711100
2007-10-11,110.15240478515625,111.60485711805019,109.49348274451917,111.18682665741402,233529100
2007-10-12,110.76172637939453,110.7758996521303,110.0107050899899,110.1453241533812,124546700
2007-10-15,109.82652282714844,110.78301906222191,109.06842004563006,110.7192555294952,161151900
2007-10-16,108.95499420166016,109.47929706846276,108.73535717170031,109.40136030192504,166525700
2007-10-17,109.28804016113281,109.88318799588545,108.02688892561537,109.80525119768869,216687300
2007-10-18,108.89128875732422,109.24554501026051,108.45909569630022,108.72124186393937,148367500
2007-10-19,106.04302978515625,110.86799659732687,106.03594855445499,108.46614044281306,297169900
2007-10-22,106.6594467163086,106.81532030155917,105.327450821041,105.46915113189405,261989800
2007-10-23,107.52381134033203,107.65843039280603,106.45396177289119,107.31126632172952,180085100
2007-10-24,107.325439453125,107.5096595689481,105.45496742618073,107.13414891736365,326694200
2007-10-25,107.58048248291016,107.89931078885928,106.19180472023118,107.44586344436692,237374500
2007-10-26,108.8416748046875,108.8416748046875,107.62303257400245,108.44490957814662,176484000
2007-10-29,109.20299530029297,109.42263236550914,108.79205690267868,109.06128420308616,106841000
2007-10-30,108.44483947753906,108.93371446245318,108.31022047461668,108.72115871105123,132981600
2007-10-31,109.57139587402344,110.01068074329801,108.28899065675301,109.09669404730681,220954400
2007-11-01,107.00660705566406,108.69286971436833,106.69485992773159,108.60784089063449,333040800
2007-11-02,107.1270751953125,107.69388729062938,105.71714240577148,107.36088559004477,331228200
2007-11-05,106.31224822998047,107.09869713383301,105.54705382533714,106.02175565940493,226841000
2007-11-06,107.74347686767578,107.77181260445343,106.2059955742399,106.88617217834722,177800500
2007-11-07,104.7960205078125,107.07743018670652,104.5409557359164,106.58855513965267,306639700
2007-11-08,104.26469421386719,105.14324272839526,102.78390579544195,104.85276084174367,374509900
2007-11-09,102.8334732055664,104.53389837495807,102.65634513329479,103.22315712677187,277745100
2007-11-12,101.81320190429688,103.87497501970827,101.81320190429688,102.8830622550971,243087800
2007-11-13,104.91651153564453,105.0794663513058,102.8901657541916,102.99643828374445,191117400
2007-11-14,104.62599182128906,105.85171485971755,103.99541641655603,105.7241878572276,230558800
2007-11-15,103.11685943603516,104.49846685617342,102.39418478576002,103.84663693831688,263111100
2007-11-16,103.29402923583984,103.77582334180603,102.42965396030266,103.66245875086781,308770600
2007-11-19,101.85572814941406,102.98935219604924,101.45188174511438,102.93266991261348,267746000
2007-11-20,102.4792251586914,103.10980071336337,100.6866897905439,102.03995096428004,414767500
2007-11-21,100.38201904296875,101.96200928060155,100.37493781183242,101.37394276508942,259012400
2007-11-23,102.11788177490234,102.26666330447242,101.10470355903844,101.36686046287107,77688400
2007-11-26,99.86483001708984,102.6492896329052,99.65936615860969,102.33045037406298,214232000
2007-11-27,101.0125961303711,101.48020599647508,99.86479894001678,100.42452966869844,293897900
2007-11-28,104.24342346191406,104.4843150615199,102.12496768516338,102.16039546417372,258596900
2007-11-29,104.27877044677734,104.66137290565403,103.51358715109004,103.8820055346334,199409900
2007-11-30,105.32747650146484,106.18477061832353,104.38515352853045,105.59670391441513,222908000
2007-12-03,104.63310241699219,105.17865997317928,104.35678302300876,104.99445064753729,146430400
2007-12-04,103.69784545898438,104.53388466112717,103.66241768696992,103.91040128003296,136533900
2007-12-05,105.4337158203125,105.71003519060278,104.73937677900051,104.81022152384625,171130000
2007-12-06,106.94288635253906,107.134187768714,105.26371506345787,105.3062240868204,154457400
2007-12-07,106.92159271240234,107.33961237054903,106.6665278545258,107.28293008979429,148980100
2007-12-10,107.75052642822266,107.87097219344588,106.88614076152685,107.18371455990844,123914300
2007-12-11,104.7960205078125,108.32440750984524,104.73933824616493,107.7930234693147,250346400
2007-12-12,105.83049774169922,107.53093405280677,104.29302707272126,107.02788547287236,322435600
2007-12-13,105.61082458496094,105.84463490337673,104.36384703111467,105.08653248703277,237551300
2007-12-14,104.27174377441406,105.63917800244933,104.22215353996731,104.81020917818331,159152900
2007-12-17,102.78386688232422,104.05918015427318,102.63507456804331,103.87497087991203,177269400
2007-12-18,103.35779571533203,103.78289668246,101.99745316064761,103.5136693132581,245569300
2007-12-19,103.35779571533203,104.07338937050784,102.6917923080191,103.40030473094066,198917200
2007-12-20,104.00959777832031,104.05210678245716,102.86180061143183,104.03793351073197,214813800
2007-12-21,105.50889587402344,105.71545005226004,104.76812661960354,104.96756198769833,146084400
2007-12-24,106.29247283935547,106.47054104930406,105.7582682095097,106.00044923503974,45601400
2007-12-26,106.52037048339844,106.6129585317262,105.77248207283631,105.879318616452,67093100
2007-12-27,105.18131256103516,106.15000390697077,104.9320236269988,106.1428850923135,122981700
2007-12-28,104.917724609375,105.85079969589212,104.63280913398657,105.80093541204387,116398100
2007-12-31,104.14138793945312,105.13856529251879,104.03454052192737,104.77531015713444,108126800
2008-01-02,103.2296142578125,104.69690425471674,102.48173707350841,104.36925423037192,204935600
2008-01-03,103.1798324584961,103.62856777523461,102.6171417601454,103.21544827018356,125133300
2008-01-04,100.6512680053711,102.16841255293798,100.36636323167404,102.09718092530349,232330900
2008-01-07,100.56575775146484,101.30651638216028,99.78938332147088,101.00736323120158,234991000
2008-01-08,98.94181823730469,101.7837797816901,98.60704914851225,101.19972173147852,326365700
2008-01-09,99.98174285888672,100.28089617077246,98.07997553219894,99.07003442216198,301824900
2008-01-10,100.6369857788086,101.71252430616431,99.26942376022896,99.49022651610768,335701200
2008-01-11,99.82501983642578,101.07149712734008,99.00591053547845,100.27375513904916,267076600
2008-01-14,100.62989807128906,101.04301759029026,100.0030945433672,100.54442881508886,170365500
2008-01-15,98.41471099853516,100.77946141943691,98.22239433938516,99.56858921659885,239940100
2008-01-16,97.56707763671875,99.09134025246348,97.06848909295462,97.83774464694005,378802600
2008-01-17,95.03856658935547,98.20818964771114,94.6824301440051,98.15832532851962,397892600
2008-01-18,94.06275177001953,96.17108420914855,93.37897591351697,95.97164867863351,348561500
2008-01-22,93.1082534790039,94.32623325531628,89.74632671971291,90.60817571309097,435923700
2008-01-23,95.34481811523438,95.5798693957972,90.3446610296666,90.52272919357011,511913000
2008-01-24,96.14969635009766,96.48446539088468,94.95307255425027,95.78643031479913,259949300
2008-01-25,94.76073455810547,97.41038929367603,94.44734376792942,97.23232115751358,269603900
2008-01-28,96.3277359008789,96.52717132951797,94.06270372074141,94.9174285389682,217934600
2008-01-29,96.80501556396484,97.18963816024174,96.07137532281976,96.9403491582693,168968300
2008-01-30,96.09272766113281,98.67827057778452,95.87192482839275,96.56994914089178,334939200
2008-01-31,97.84489440917969,98.67825213916817,94.87471864278427,95.01717100486101,343680800
2008-02-01,99.41902923583984,99.44039654832609,97.95174914688069,98.25090239010756,206843600
2008-02-04,98.1653823852539,99.2195424404093,98.03716770820847,99.15544053609345,124694300
2008-02-05,95.5371322631836,97.04714677548456,95.20948206811293,96.8263439969973,286882500
2008-02-06,94.76788330078125,96.33488104051062,94.31202921525237,95.85765964381778,250792900
2008-02-07,95.39469146728516,96.00724651374712,93.8276934714398,93.87755778458484,297368100
2008-02-08,94.78213500976562,95.60124428125923,94.09122960960046,94.79637263874497,221643500
2008-02-11,95.26649475097656,95.60838267963518,94.0485033817746,94.80352174067679,188576300
2008-02-12,96.14969635009766,97.0898906690173,95.43029396233797,96.0927132294936,256654400
2008-02-13,97.13261413574219,97.62408398463556,96.25652185247272,96.87619555668554,181967800
2008-02-14,96.27788543701172,97.58134559108817,96.00721837280715,97.54572978762693,215207200
2008-02-15,96.25654602050781,96.31352914887411,95.38045351726957,95.80069186199796,154110300
2008-02-19,96.5271987915039,97.50300890699266,95.87902802981453,97.38192385289994,145190000
2008-02-20,96.8121109008789,97.26084621138949,95.27359915205948,95.43742970986408,220085700
2008-02-21,96.00724792480469,97.58849444313464,95.49442149709557,97.33920547900696,201051200
2008-02-22,96.59840393066406,96.76223444950914,94.63253552027682,96.13543110050867,205491000
2008-02-25,97.81639099121094,98.04431255655585,96.00009380768378,96.54141703524253,190107000
2008-02-26,98.5500717163086,98.97031008834522,97.22524378385764,97.40331199591598,212420700
2008-02-27,98.45030212402344,99.10559149521647,97.87336315962607,97.9801996832495,168395800
2008-02-28,97.4887466430664,98.26513203195844,97.26082506414214,97.75229489385724,170831100
2008-02-29,95.31632995605469,96.64114663352976,94.57556032371774,96.58417438650504,252715200
2008-03-03,95.08838653564453,95.30918928977688,94.19092702479206,94.83196797991286,189483500
2008-03-04,94.72511291503906,95.01713634683273,93.30056807704507,94.18377892081601,282513100
2008-03-05,95.32347106933594,95.99300924689354,94.2621806742265,95.03143661003179,270681400
2008-03-06,93.35043334960938,94.88894457844185,92.98717828241948,94.71799526354403,247911700
2008-03-07,92.3888931274414,93.83480578307035,91.5840215296629,92.43162774884232,326434600
2008-03-10,91.17090606689453,92.54558716809333,90.87887164997846,92.4814852331856,235683600
2008-03-11,94.4473648071289,94.53283405363281,91.8475629189725,93.10828864699991,341440600
2008-03-12,93.56414031982422,95.28072009879175,93.42168795653309,94.54708010284472,229161100
2008-03-13,93.77067565917969,94.47582938727851,91.59825310423594,92.31764445789246,351504200
2008-03-14,92.31766510009766,94.5969355668672,91.01420475462814,94.56844944096584,484687800
2008-03-17,91.38459014892578,92.06836585884058,89.79621962704907,90.15235597925188,405311100
2008-03-18,95.18094635009766,95.22368094709671,92.5811460590619,93.03699987440557,334416600
2008-03-19,92.82334899902344,95.90747908012882,92.62390271816794,95.54422405070082,345971600
2008-03-20,94.54269409179688,95.13680832651204,92.52413650477271,93.08962359711839,245320700
2008-03-24,96.4323959350586,97.21261384977666,95.3730169810276,95.42311720745776,208977300
2008-03-25,96.52550506591797,97.02656221026702,95.7524407908252,96.53265912432775,192947200
2008-03-26,95.3443832397461,96.69724232576804,95.27996397903581,96.24629657857487,196934300
2008-03-27,95.0438003540039,96.23202944045453,94.74316605301527,96.06023373036369,225153200
2008-03-28,94.13471221923828,95.458944592689,93.81260488906032,95.19410248688875,180896100
2008-03-31,94.4639892578125,95.00799253329693,93.83408268034874,93.97724028734724,166692100
2008-04-01,97.78529357910156,97.94992427699238,95.5663124973731,95.63789676022566,254547300
2008-04-02,97.84968566894531,98.54401132119993,97.33430970186512,98.10021959707834,210910800
2008-04-03,98.09312438964844,98.37945064291458,97.14112099894909,97.32007081140426,175884800
2008-04-04,97.98570251464844,98.75161251411419,97.43453435106619,98.15033318919562,204446800
2008-04-07,98.03583526611328,99.18827208618819,97.87835861326633,98.68720405137014,154245500
2008-04-08,97.93560028076172,98.00717360978275,97.3128478771615,97.48464352681385,148937300
2008-04-09,97.22698211669922,97.92130803930196,96.55412929090059,97.78530447805846,195610600
2008-04-10,97.36295318603516,97.8282180244912,96.56125112472918,96.93346954882757,192967800
2008-04-11,95.47325134277344,96.71873431547547,95.2083983488327,96.267788480149,222973300
2008-04-14,95.15117645263672,95.58781437417294,94.87918020079151,95.33729122320423,160522000
2008-04-15,95.37303161621094,95.69513887681221,94.7216521171184,95.6164005755788,172389200
2008-04-16,97.95708465576172,98.00003084256613,96.28927189410163,96.3035800082201,189268900
2008-04-17,98.10022735595703,98.24338493097473,97.10526746458326,97.36295546850424,179665700
2008-04-18,99.12384033203125,99.89690454608854,98.96636368163666,99.45311267073602,218530600
2008-04-21,99.1739501953125,99.48173851197063,98.67289309713324,98.94488928058738,118587400
2008-04-22,98.7372817993164,99.00212384298413,97.99284497927744,98.91623148768048,162166000
2008-04-23,98.5798110961914,99.33855607268279,98.1503274495398,98.8446531557003,193309000
2008-04-24,99.0093002319336,100.02573326832258,98.0930676734659,98.837504579304,229381300
2008-04-25,99.9255142211914,100.13309106195477,98.71581253344675,99.78234572717793,190788100
2008-04-28,99.9469985961914,100.39079039551987,99.76804888069137,100.12594831169145,105610200
2008-04-29,99.55331420898438,100.01857913391036,99.21688784583188,99.7752101246329,125514100
2008-04-30,98.96637725830078,100.63419043193207,98.96637725830078,99.70364943982429,208395900
2008-05-01,101.01353454589844,101.01353454589844,98.97351428930605,99.05225260306939,187279500
2008-05-02,101.29269409179688,101.90828155646102,100.61268735021095,101.88680846415376,181585500
2008-05-05,100.80598449707031,101.36430689876892,100.50535019786544,100.96346116649576,118504500
2008-05-06,101.67925262451172,101.78661810825065,99.98996650625303,100.22618149270491,179339800
2008-05-07,99.8682632446289,101.6720685663338,99.58910211706332,101.56470310274095,199267300
2008-05-08,99.61062622070312,100.44095597178294,99.48177667618327,100.02579109624303,178321200
2008-05-09,99.42449188232422,99.77523737777537,99.10238446768373,99.2097608873823,152588200
2008-05-12,100.5411148071289,100.6126881413079,99.30277488914543,99.67499336243795,147865900
2008-05-13,100.55541229248047,100.84889242160004,100.01856319287178,100.78447315098049,159132200
2008-05-14,100.76299285888672,101.78657982631422,100.54109699446381,100.97773466782641,181910800
2008-05-15,102.0228271484375,102.09441141490875,100.80597107400543,100.95628274247922,166927000
2008-05-16,102.11588287353516,102.26619453959954,101.36429177653707,102.25904048195731,204236800
2008-05-19,102.39502716064453,103.28977571863298,101.85817802585144,102.22323150551024,165664400
2008-05-20,101.564697265625,101.88680456011559,100.92763673306409,101.83670432072634,178552100
2008-05-21,99.84684753417969,101.72939225183124,99.49610194782827,101.50749621806561,252724800
2008-05-22,99.86109924316406,100.3335291320458,99.49604574115051,99.80383402127921,170820400
2008-05-23,98.52259063720703,99.96850792072634,98.43669823774792,99.53187001976283,181376400
2008-05-27,99.25267791748047,99.49604692171052,98.44382166681807,98.63709042769459,168322900
2008-05-28,99.71082305908203,100.21188027601647,98.7802819863591,99.61776567514129,181288100
2008-05-29,100.21182250976562,100.87751008805685,99.55328898679664,99.58908110785164,173927200
2008-05-30,100.46234893798828,100.7415099858301,100.16886885834863,100.54824128433313,117362000
2008-06-02,99.42449188232422,100.1116638328212,98.78027705304325,100.090190733327,181069900
2008-06-03,98.84466552734375,99.9398369489346,98.2290780486135,99.71078698501536,271965700
2008-06-04,98.7945556640625,99.61056587759133,98.39371007457089,98.5654948002255,246637700
2008-06-05,100.77017974853516,100.84891807339444,99.0093203703737,99.1954241735749,237867100
2008-06-06,97.55624389648438,100.06870545377168,97.50614364450519,99.88975569828291,384276300
2008-06-09,97.79241180419922,98.42231813537636,96.92630152105168,97.96420741876236,228263900
2008-06-10,97.3056869506836,98.13601614870986,96.88336829594044,97.11241822374829,260234900
2008-06-11,95.87409973144531,97.53474738414691,95.86693475272105,97.32717052339308,283890100
2008-06-12,96.2391586303711,97.25559174407785,95.57347090496305,96.34653501726626,252791800
2008-06-13,97.45596313476562,97.72081601157198,96.21763476602156,96.75448365054406,244726900
2008-06-16,97.51329803466797,98.01435516729696,96.96214064988926,97.0265599407502,185832500
2008-06-17,97.04086303710938,98.15034260486479,96.8976945179704,98.11456139730457,191707700
2008-06-18,96.09599304199219,97.00506061539782,95.70946647910995,96.41094627512318,265893000
2008-06-19,96.2176284790039,96.80458846372714,95.55909520101882,96.0243598349831,304204900
2008-06-20,94.65592956542969,95.74218835623564,94.3969525784807,95.56234353132265,289275700
2008-06-23,94.56242370605469,95.12353878228492,94.46891184458896,95.02282610134255,165096400
2008-06-24,94.3753662109375,95.27459027960357,93.65598695600465,94.27465355432116,267300600
2008-06-25,94.82134246826172,95.96515242252099,94.41130215385937,94.7566009939117,287853900
2008-06-26,92.2459945678711,94.54081604245576,92.13809207530835,93.92935028984053,297775000
2008-06-27,91.74242401123047,92.69919961766246,91.3899297572288,92.28195838484478,303423400
2008-06-30,92.06615447998047,92.73517737040771,91.57697639355597,92.00140749655701,258842600
2008-07-01,92.35388946533203,92.41863094785046,90.59140743271988,91.01583845392321,388622000
2008-07-02,90.77127075195312,92.9150232555173,90.60581111543718,92.64884547823429,288064600
2008-07-03,90.86479949951172,91.44030514674483,89.91521902347712,91.44030514674483,239352500
2008-07-07,89.93681335449219,91.60577340199237,89.14549708418623,91.2101180110541,372427300
2008-07-08,91.53379821777344,91.64170618407864,89.34688502180144,89.91519518847683,375973700
2008-07-09,89.7713394165039,91.89350605946727,89.48358661192542,91.72085657209148,336729400
2008-07-10,90.13821411132812,90.49070837535706,88.90088103449298,89.512352244298,436475700
2008-07-11,89.08790588378906,90.56983057479833,88.11674518803441,89.18142868019511,481124600
2008-07-14,88.28223419189453,90.28210789500581,88.05203302078307,90.10945838877943,322720800
2008-07-15,87.03768157958984,88.83612944958632,86.33988292788284,87.6203824215993,502502500
2008-07-16,89.17422485351562,89.61304650558101,87.11680036664639,87.3685819321528,371642900
2008-07-17,90.0662612915039,90.82880687104709,89.26775004995027,90.02310030172056,375490600
2008-07-18,90.62736511230469,90.9438881271734,90.03027924960826,90.76404338456068,267030100
2008-07-21,90.67776489257812,91.21729937907479,90.05909824232099,91.00867871901798,222863000
2008-07-22,91.70645141601562,91.9366525118249,89.81448084291938,90.03029677142742,296904200
2008-07-23,92.20285034179688,92.90783903410207,91.75683865560389,92.00142500113824,311698400
2008-07-24,90.28926849365234,92.37546889159256,90.037486917169,92.32510708786916,248634500
2008-07-25,90.26768493652344,90.99425381994425,90.04467370055453,90.56262749084465,219131000
2008-07-28,88.94406127929688,90.6849579672378,88.78579694613337,90.28930262275786,205201300
2008-07-29,90.84321594238281,90.91515277375994,88.94405505419859,89.18864686699497,261505600
2008-07-30,92.46183776855469,92.51219959782414,90.84323404214776,91.44032028955651,354710000
2008-07-31,91.2388687133789,92.49059252051744,91.09498957486578,91.64891465339244,277402100
2008-08-01,90.75689697265625,91.5625982924874,90.25332815933317,91.44750045612378,248690900
2008-08-04,89.9151840209961,90.74247100868394,89.7497299165144,90.67053420289075,188239600
2008-08-05,92.33953857421875,92.48341225627799,89.90084289083953,90.6561879542942,251577600
2008-08-06,92.74955749511719,93.01573527057653,91.70646531071013,92.09493074782581,209555400
2008-08-07,91.36836242675781,92.39707500022531,91.03025329242239,92.05177053644515,246312500
2008-08-08,93.06610870361328,93.46895940801839,90.91516585198,91.05904502385984,260811700
2008-08-11,94.03006744384766,94.60556206754372,92.96537824092601,93.13803321414863,249425800
2008-08-12,93.05170440673828,94.02285974580158,92.60568183609912,93.72072179741374,213200800
2008-08-13,92.4905776977539,93.26749747907408,91.84312991084826,92.64883100368644,256393200
2008-08-14,93.18838500976562,93.72072961668555,91.9007009572847,91.96544245658598,239555300
2008-08-15,93.6416015625,93.87899804719851,93.0157450881129,93.46894657994011,181000800
2008-08-18,92.36111450195312,93.86461471217387,91.83597064886726,93.82864354922657,172275100
2008-08-19,91.35397338867188,91.8575421786011,91.0230595779101,91.6633066991448,194673700
2008-08-20,91.77838134765625,92.04454808597447,90.88634736590804,91.6416975706215,225498200
2008-08-21,91.93667602539062,92.39707833476089,91.07341757900004,91.18132557085242,180609800
2008-08-22,93.2674789428711,93.2674789428711,91.93663443629285,92.56249062674875,167715300
2008-08-25,91.37551879882812,93.26748360611643,91.18128888238857,92.65601803798705,171936900
2008-08-26,91.6417236328125,91.98702809305026,91.05902818761625,91.37555133037031,159117200
2008-08-27,92.53374481201172,92.67761844856085,91.57696921252041,91.75681400242054,171032800
2008-08-28,93.656005859375,93.76390837865127,92.8790747900103,93.00136797080958,167537100
2008-08-29,92.64883422851562,93.62000045425043,92.44740894829508,93.32505237362228,189195800
2008-09-02,92.07333374023438,94.03005134951192,91.73522466941326,93.54086783087212,252364900
2008-09-03,91.99419403076172,92.44021103258918,91.31078610565804,91.99419403076172,251947000
2008-09-04,89.22460174560547,91.52661849021428,89.17424542088987,91.33957836051589,340042500
2008-09-05,89.50518035888672,89.88645054880058,87.76428359174876,88.69228364243695,289503400
2008-09-08,91.35397338867188,92.25320297865775,89.50516885540674,92.10931834092318,364075300
2008-09-09,88.64189147949219,91.62012044383927,88.3397535818748,91.43308034551224,377326800
2008-09-10,89.0016098022461,89.85047761417279,88.15993732023524,89.12390296867257,298916600
2008-09-11,90.28926849365234,90.45472260601565,87.4764936992087,87.85057388863544,375369400
2008-09-12,90.70651245117188,90.7928399231614,89.08071955857353,89.41163330189251,297851200
2008-09-15,86.39022827148438,90.38997955825657,86.24635465553698,87.49807267724464,483607000
2008-09-16,87.83623504638672,87.9944994130834,84.16740072773553,84.31127443104343,581744300
2008-09-17,83.8868179321289,87.65636380694265,83.44799613407375,86.06653626334455,624095600
2008-09-18,86.37586975097656,87.61320298815968,81.86536408963683,84.92272602329788,776114700
2008-09-19,89.80619049072266,92.61353632325029,89.23459065880397,91.6729278868885,501087800
2008-09-22,87.7730484008789,90.26203947222777,87.08568437650429,90.04497424337364,249966500
2008-09-23,85.77603149414062,88.28672126141633,85.58067177771741,87.44017721077024,327470400
2008-09-24,86.0510025024414,86.82519359115464,85.2261636049412,86.35488935516314,311818400
2008-09-25,87.39678192138672,88.20715227532718,85.69645654178859,86.39105733651051,328253000
2008-09-26,87.44019317626953,87.91049735256533,85.74710476584033,85.9786383652203,285917400
2008-09-29,80.58822631835938,86.34762857668302,80.29157652585779,86.2029221686621,459562300
2008-09-30,83.92376708984375,84.50984078576825,79.97322221601569,82.12938319765465,328154400
2008-10-01,83.97441101074219,84.4302466998767,82.44773461737827,83.40281129529447,332783000
2008-10-02,80.92828369140625,83.28703542421465,80.35668405724927,83.17126589416993,365337800
2008-10-03,79.83574676513672,83.53305262192174,79.3582111671432,81.65907855433822,461798000
2008-10-06,75.76942443847656,77.86770025899965,72.81736765043838,77.52763416309688,610637500
2008-10-07,72.37601470947266,77.65788149644467,72.10107032140344,77.30334140633417,540012100
2008-10-08,70.55266571044922,73.93160953635225,70.04618239714983,70.55989716449791,725414800
2008-10-09,65.62537384033203,72.80292743369994,65.29978156967017,72.10832654147669,534485200
2008-10-10,64.03355407714844,67.96962967614964,60.47372392109611,62.77459083077771,871026300
2008-10-13,73.33110046386719,73.33110046386719,65.08270707690602,67.91900054848807,455584000
2008-10-14,72.24579620361328,76.35552230030969,70.2632891401251,75.75498004641527,546268300
2008-10-15,65.13331604003906,70.76248328184718,64.90901955360854,70.51647587591648,484627500
2008-10-16,67.8466567993164,68.5702001418375,62.61544152419953,66.05227240117475,708811200
2008-10-17,67.44145965576172,71.33412000634999,66.31273405288256,66.55873608625,476649000
2008-10-20,71.49329376220703,71.70312192896526,68.07816936014844,68.98983523498175,321294200
2008-10-21,69.35884857177734,71.37029769691074,68.89578138556806,70.16198193040202,356502000
2008-10-22,65.58193969726562,69.35883519131946,63.33172043579211,67.43420808476979,516168000
2008-10-23,66.3416748046875,66.8915636375303,62.087237446210985,65.32871326599327,634666400
2008-10-24,62.977176666259766,65.06097829676378,60.77760551840832,60.8210163273164,545812600
2008-10-27,60.74142837524414,64.76433092639483,60.56054263795015,62.20298822388857,397288600
2008-10-28,67.83938598632812,68.18668349795786,61.16108238010237,63.19423622667656,639939500
2008-10-29,67.3473892211914,70.30667768125316,66.63831459485786,67.84663017790626,531270100
2008-10-30,69.67719268798828,69.85084146128673,67.21714539878111,69.3009472389475,414582100
2008-10-31,70.06066131591797,71.31962443394697,68.36033658107408,68.79446122313294,411394000
2008-11-03,70.26329040527344,70.68294684472198,69.42397752637635,70.02451979108403,205419400
2008-11-04,72.65096282958984,72.97655500534741,69.97385013926699,71.67417526192597,346793400
2008-11-05,69.59761047363281,72.86802275892087,68.73659244392526,71.77547116494686,387844100
2008-11-06,65.74111938476562,69.0549477485694,65.1622827594025,68.34587315850933,477721900
2008-11-07,67.91175842285156,68.01305401913673,65.48065307161568,66.31272877269751,380391000
2008-11-10,67.02181243896484,69.12008906752207,65.78455408520732,68.88855543734869,301773000
2008-11-11,64.95247650146484,66.66727602761216,64.14211157720041,65.6687883087019,418498200
2008-11-12,62.094482421875,64.35917084093823,61.588004347387056,63.83822433012078,454330600
2008-11-13,65.9654312133789,66.37061915293465,59.39565773270097,62.31877287855586,753141900
2008-11-14,62.67332077026367,66.60939245152709,62.600962026256745,64.69200717968052,540352300
2008-11-17,61.841224670410156,64.07697002004228,61.616928093898224,62.49964596799485,415254900
2008-11-18,63.006168365478516,63.10746401235238,59.98899334030979,61.60972921049031,523811800
2008-11-19,58.96876525878906,62.854193864951625,58.54910891737641,62.15959312064585,558327600
2008-11-20,54.59130096435547,59.69951678432123,54.30188826627593,57.97748142170377,814180400
2008-11-21,57.53614044189453,58.534633375746076,53.78818725239151,56.04564353740876,718536500
2008-11-24,61.522884368896484,62.94102853881636,58.14393856770078,59.272664320858055,523305300
2008-11-25,61.978702545166016,63.317256131841624,60.647380414710206,63.165312748292074,454112400
2008-11-26,64.3736343383789,64.53281471312576,60.95127284190975,60.99468918423823,370134200
2008-11-28,65.18399047851562,65.21293286282972,64.01909125099682,64.12761829193046,118308100
2008-12-01,59.41012191772461,63.34619798488177,59.229236150229454,63.31725559965908,369927100
2008-12-02,61.69652557373047,61.85570595925551,59.35948415409347,60.394151139809765,469508400
2008-12-03,63.1798210144043,63.54882976150253,60.1554088288324,60.343531692870584,519863500
2008-12-04,61.71825408935547,63.70799843488313,60.58952263415783,62.26814309757688,444173800
2008-12-05,63.62113571166992,63.97567023323383,59.50417430750703,60.524372579196694,471905300
2008-12-08,65.8424301147461,66.84091772701767,63.72968533041677,65.36488896092287,412859300
2008-12-09,64.75711059570312,66.66002705387054,64.38087059431268,65.38659511055205,370790000
2008-12-10,65.19849395751953,66.10292317619538,64.39536036971955,65.35043740383333,396187400
2008-12-11,63.62841033935547,65.84245144568087,63.21599080934979,64.78607871128384,365061000
2008-12-12,64.38810729980469,64.4459920801821,61.64587793163561,61.89912246573763,415060400
2008-12-15,63.490943908691406,64.50390594118895,62.434571031437905,64.40984175061911,256694200
2008-12-16,66.47916412353516,66.58045975566239,63.80205581126187,66.47916412353516,377699500
2008-12-17,65.83518981933594,66.87709372411706,65.16229446753083,65.7266572425552,281819800
2008-12-18,64.60517883300781,66.32720981746932,63.823750781492016,66.13185556468889,374673300
2008-12-19,64.32725524902344,66.09973790645509,64.25430913303275,64.99102149748158,301451300
2008-12-22,63.50300979614258,64.67737101137395,62.357825913805996,64.61172618611607,243759500
2008-12-23,62.84653854370117,64.13760351030602,62.58394811574643,63.84583574979995,221625200
2008-12-24,63.21125030517578,63.364427135680145,62.72983263929851,63.05806790966395,62061600
2008-12-26,63.575931549072266,63.678049392569676,63.094514088294396,63.63428062749572,74767700
2008-12-29,63.39362716674805,63.69998093744112,62.43808721766805,63.634330520858626,127795900
2008-12-30,64.89620971679688,64.95456439291938,63.37172580189373,63.831261920098164,168256300
2008-12-31,65.82257080078125,66.35504751603017,64.82327334142256,64.97645020238247,193987200
2009-01-02,67.80659484863281,68.15671741177961,65.53810782795756,65.96846669588781,227566300
2009-01-05,67.72636413574219,68.3171956620219,67.02612451664197,67.56589151292572,240349700
2009-01-06,68.17859649658203,68.89342192082158,67.60235649499595,68.30259603027534,328260900
2009-01-07,66.13623809814453,67.29601402271692,65.79341121751615,67.10636404438866,280899200
2009-01-08,66.40612030029297,66.44258780906421,65.4068170677977,65.76423538282002,263834400
2009-01-09,64.98375701904297,66.61035935662764,62.26303476060713,66.49365553194099,330953600
2009-01-12,63.42279052734375,64.85245239748484,63.028910340171805,64.8013878774717,277858500
2009-01-13,63.53948974609375,64.10113816147478,62.87571787199924,63.2623134010367,356432300
2009-01-14,61.54090881347656,62.54750218044055,60.65831498986857,62.39432529188144,435491600
2009-01-15,61.56277847290039,62.18278163425786,59.607941244085254,61.3585426611599,532647300
2009-01-16,62.044189453125,62.72254728032859,60.57806573385304,62.62772510244298,399237200
2009-01-20,58.76910400390625,62.04418346813193,58.38980976394345,61.43877182924945,419855200
2009-01-21,61.307491302490234,61.446076726190384,58.69617752317807,59.768421232644805,364360700
2009-01-22,60.35923385620117,61.300182097107864,59.20675409772557,60.118525001897794,427940300
2009-01-23,60.62179946899414,61.26368391897843,58.76908108346471,59.00978983908595,386800600
2009-01-26,61.03759765625,62.26301809501347,60.403003040905304,60.971947250865405,317978800
2009-01-27,61.65760040283203,62.109840816288376,60.760420867034284,61.36583257366693,273789700
2009-01-28,63.74371337890625,64.15218487584181,62.78088373255331,63.021592535393246,330007000
2009-01-29,61.67219924926758,63.816681085976754,61.613844563436395,62.81008779792997,294392500
2009-01-30,60.41758346557617,62.29218406482827,59.96534313160986,61.985830402306334,383383600
2009-02-02,60.23521041870117,60.672859165833955,59.308848431681135,59.49849826260745,288233300
2009-02-03,61.08132553100586,61.53356568577281,59.97261509239067,60.61449949737786,278385800
2009-02-04,60.78227996826172,62.270290337378064,60.57074850958766,61.48981488330789,322989300
2009-02-05,61.686744689941406,62.2119253880404,56.6975391880119,60.32273401932348,417679400
2009-02-06,63.44465637207031,63.70724122021582,61.76699601748658,61.89829122406276,366101700
2009-02-09,63.53219985961914,63.999026149464136,62.96325566668357,63.43008195652857,240075200
2009-02-10,60.62179946899414,63.48111051665918,60.14038195775166,62.92675247598758,536212800
2009-02-11,60.97922134399414,61.30746212445318,60.103923726116435,60.86980775050779,324442500
2009-02-12,61.02299499511719,61.13969875648719,59.119217237396725,59.9361602620077,469302200
2009-02-13,60.366539001464844,61.44607280405493,60.35194754831672,60.942778970621355,293998400
2009-02-17,57.78438186645508,60.51239829424713,57.747908811762585,58.470035226624724,478910100
2009-02-18,57.64579772949219,58.30956956106656,57.09873523468111,58.20015594910285,362964800
2009-02-19,57.025814056396484,58.46276625471022,56.90910467998084,58.23664322915725,316867500
2009-02-20,56.47144317626953,57.14250524742193,55.26790443158891,55.9681494054093,477176600
2009-02-23,54.450950622558594,57.09143516845035,54.40718184209695,57.09143516845035,379641400
2009-02-24,56.51521682739258,56.85803805312131,54.48743342313856,54.91779223438606,426260900
2009-02-25,56.070247650146484,57.20083987186156,55.16576719476699,56.267187654056066,461985800
2009-02-26,55.15848159790039,58.11261529086833,55.092831214497565,56.76319578432693,363353900
2009-02-27,53.9257926940918,55.20956802139797,53.8382606609768,53.984147382835125,470510900
2009-03-02,51.496826171875,53.91848978193458,51.32906342035462,52.897305125040106,426452600
2009-03-03,51.1102180480957,52.29916503543447,50.796568705238556,52.233520216351366,443761000
2009-03-04,52.32106399536133,53.15259861447554,51.1102295638394,51.95635563381973,462753100
2009-03-05,50.18387985229492,52.32107137496844,49.7243436903323,51.132118387042276,485549400
2009-03-06,50.27140426635742,51.38741107431645,48.94386591966632,50.62152677719188,490470000
2009-03-09,49.68056106567383,51.059157883323024,49.403384783423874,49.56385174788022,379905300
2009-03-10,52.64200210571289,52.787888785278234,50.59963867686831,50.70175657006015,406227900
2009-03-11,52.984840393066406,53.79449355482104,52.39401451584346,53.247430908500824,356648300
2009-03-12,55.070960998535156,55.253315174026994,52.49612093099165,52.97024290027199,409702700
2009-03-13,55.50128936767578,56.15047506199245,54.50928821631659,55.44294028701134,337474700
2009-03-16,55.33354187011719,56.87261128983097,55.29706881533452,56.13589899027438,360644900
2009-03-17,57.025814056396484,57.157109322359396,55.03450345012719,55.486743936223746,356814300
2009-03-18,58.30227279663086,59.00980783437108,56.21614074175021,56.755907502136694,473273200
2009-03-19,57.580162048339844,59.08275882531683,57.39780785443455,59.03169987362368,428520400
2009-03-20,56.354068756103516,57.970275387723426,56.221833719014995,57.86007858934266,371078200
2009-03-23,60.40191650390625,60.45334092204414,57.52948022049216,57.84537467615098,419933300
2009-03-24,59.211753845214844,60.5047168133344,59.145639191281425,59.68192117819709,330271000
2009-03-25,59.83623504638672,60.7545321195654,58.08045149085632,59.674619469573315,441775100
2009-03-26,61.05570602416992,61.195288903741336,59.740704593790674,60.42391750220363,422025200
2009-03-27,59.95375442504883,60.62961944011961,59.73336097869011,60.27699665175145,322332300
2009-03-30,57.88208770751953,58.67549753088545,57.272337254108365,58.62407313149169,324108500
2009-03-31,58.418373107910156,59.564411450080044,58.073098181672016,58.447759281282664,364238300
2009-04-01,59.54973220825195,59.81420223769831,57.54417435726498,57.691099660361374,377018300
2009-04-02,61.29078674316406,62.15765893298606,59.60111880551251,61.03366482347904,476230700
2009-04-03,61.900550842285156,61.91524112461872,60.73247442499238,61.3348768877654,284646300
2009-04-06,61.415679931640625,61.91523354238647,60.45330681874243,61.22467265566303,264866600
2009-04-07,59.983177185058594,60.717814981312,59.88032834197045,60.42395874184232,258947800
2009-04-08,60.6296501159668,60.93085427139679,59.9023603427485,60.284369490899635,230402800
2009-04-09,63.03923034667969,63.046578289666876,61.951970187783516,62.20174420096513,269653500
2009-04-13,63.05394744873047,63.575539479557946,62.1356504356877,62.385424532912054,224847500
2009-04-14,61.96668243408203,63.00252417375475,61.7683327418257,62.46623624235904,276598800
2009-04-15,62.627864837646484,62.752751903304606,61.42305944047669,61.59202297522804,250726100
2009-04-16,63.546142578125,64.02365806528685,62.275217260433244,63.12739943504076,335202900
2009-04-17,63.972251892089844,64.39099515448038,63.28169066452479,63.78859246814942,262649000
2009-04-20,61.29078674316406,63.95017563851162,61.224666475337926,62.84087180805626,293690100
2009-04-21,62.488277435302734,62.53970184720151,60.791266237802475,60.842690649701254,114090900
2009-04-22,62.106258392333984,63.42860260330713,61.76097785126955,61.922599007073295,340395200
2009-04-23,62.71602249145508,62.75275101356504,61.437748857465984,62.231158918940416,324903700
2009-04-24,63.66368865966797,64.14119855244171,62.95108938543851,63.200863445976196,287703000
2009-04-27,63.06129837036133,63.92082875120774,62.840910420146066,62.94375925121471,289581600
2009-04-28,62.862937927246094,63.612265797852146,62.267883276916585,62.42215649719313,247926300
2009-04-29,64.19995880126953,64.91255794123128,63.39920676471097,63.56082227675121,311505700
2009-04-30,64.22200775146484,65.39742660938744,63.854689008061584,65.05215169865332,301419800
2009-05-01,64.56730651855469,64.80239035659136,63.70778176118693,64.23672179797964,236110300
2009-05-04,66.76386260986328,66.80794467685055,64.92726862252817,65.0521612733454,287120000
2009-05-05,66.53617095947266,66.80064111776542,65.99988269270017,66.53617095947266,243036300
2009-05-06,67.68950653076172,67.73358299224601,66.56551192419231,67.35157391475549,291941000
2009-05-07,66.7491683959961,68.43148906197356,66.32307727084762,68.32864025312251,317728000
2009-05-08,68.30661010742188,68.48292157134158,67.1752674713264,67.60870098780408,299081700
2009-05-11,67.0283432006836,67.66748002717176,66.88141790037963,67.36627587525544,247923600
2009-05-12,66.82997131347656,67.46175998389694,66.00717533215632,67.31482912749739,282431300
2009-05-13,65.14765930175781,66.12472860557025,65.01542431624306,65.9263733248782,269619100
2009-05-14,65.7059555053711,66.20550904490493,65.015394717088,65.17701580411914,260098700
2009-05-15,65.16970825195312,66.117391536558,64.75831294260801,65.65457181354476,271502700
2009-05-18,67.02093505859375,67.10173997103884,65.06679797502535,65.78674469129672,241447400
2009-05-19,66.9401626586914,67.56460333474746,66.71242125083953,66.98423910963885,206102200
2009-05-20,66.4920425415039,68.17436311051841,66.41857991153582,67.54991674369113,285722200
2009-05-21,65.5370101928711,65.97044922901758,64.83910681523301,65.72066956644315,258988400
2009-05-22,65.39742279052734,66.11736995168593,65.14764874992143,65.72066505939515,166811900
2009-05-26,67.0724105834961,67.26341231108714,64.88318821749971,64.91257439209211,236318500
2009-05-27,65.87494659423828,67.40299401628116,65.77209778745075,67.17525817337155,246015800
2009-05-28,66.79324340820312,67.10178982807037,65.45620331727216,66.45531081432382,289095000
2009-05-29,67.97602844238281,68.83555324362551,66.61694975920706,67.16058011150915,258641500
2009-06-01,69.62159729003906,69.91545342738841,68.63718567548433,68.81349711595809,276246800
2009-06-02,69.68035125732422,70.0623658165577,69.22487968918036,69.3497666930367,230874500
2009-06-03,68.79882049560547,69.15144344658846,68.14499340268544,69.08532874509443,235310500
2009-06-04,69.44528198242188,69.54813078404094,68.54168099607729,69.05592500417264,210102300
2009-06-05,69.45996856689453,70.28275886963343,68.90899051566534,70.15052391314488,284257900
2009-06-08,69.17344665527344,69.8640018640249,68.35065091152573,68.93835735291341,238565100
2009-06-09,69.52606201171875,69.89338060037105,69.07058494404865,69.56279611251873,225125500
2009-06-10,69.34978485107422,70.15053707882127,68.46087410084323,70.14319473891067,296100400
2009-06-11,69.65828704833984,70.60596954523538,69.46727983997648,69.48197572014692,275414200
2009-06-12,69.84933471679688,69.8934111731673,69.05592487309352,69.34978099352135,184361800
2009-06-15,68.24785614013672,69.0706469300182,67.88053722184195,69.02657045337223,224190500
2009-06-16,67.32218933105469,68.53434249410127,67.27811286852794,68.49026603157452,227319000
2009-06-17,67.2560806274414,67.82909711068541,66.72714061064983,67.29280914787157,223445200
2009-06-18,67.74827575683594,68.07886041239547,67.03567643657145,67.35891875211568,211725100
2009-06-19,67.99800872802734,68.48560559402691,67.61383603457135,68.39695469284618,215655600
2009-06-22,65.95895385742188,67.37004083254618,65.93679113199093,67.33309919915999,251913600
2009-06-23,66.0106201171875,66.402176341924,65.64122660154963,66.09927659007978,188309800
2009-06-24,66.57954406738281,67.2887795245657,66.19537133859477,66.60909624932823,211577700
2009-06-25,68.02754211425781,68.09403027177562,66.17318424464591,66.24706185405468,279411000
2009-06-26,67.85021209716797,68.14572809730176,67.42910362883947,67.79849721988198,167579000
2009-06-29,68.48558044433594,68.57423694946154,67.67291554176718,68.04969864292624,168481300
2009-06-30,67.93151092529297,68.7515655320552,67.42913518093864,68.50038047812879,228888200
2009-07-01,68.21224975585938,68.87715961881204,68.12359322863195,68.2196335724191,173041100
2009-07-02,66.35047912597656,68.23438881149289,66.31354314648559,67.32567804122638,212309900
2009-07-06,66.3431167602539,66.43915710177872,65.50089949918686,65.70775908801019,174499600
2009-07-07,65.0576171875,66.35788460065632,65.01329174680737,66.27661753505275,197088900
2009-07-08,65.01329040527344,65.60432257264884,64.27450301430443,65.44917226042493,248050500
2009-07-09,65.13883209228516,65.67814894701601,64.94675157876114,65.46390009439669,163777600
2009-07-10,64.98375701904297,65.37531354760935,64.53309612935281,64.79167066364172,173520300
2009-07-13,66.56471252441406,66.61642739280121,64.71035543825013,65.24228301965954,217413500
2009-07-14,66.9415054321289,67.00060975805378,66.2913747564515,66.77158190421956,181487400
2009-07-15,68.8993148803711,69.08401173138479,66.99324202514956,67.82806976259128,220877900
2009-07-16,68.78846740722656,69.82277047565853,68.57421847161223,68.70720037521774,231174500
2009-07-17,69.54206085205078,69.68243227166039,69.1061789607381,69.49034595585265,138561700
2009-07-20,70.28081512451172,70.39902376658702,69.58635908006332,69.94836318254693,164179400
2009-07-21,70.60589599609375,70.84969713699957,69.75628954646693,70.82753442173528,217718300
2009-07-22,70.59113311767578,71.01962549432902,70.10353076412191,70.15524565284731,196068100
2009-07-23,72.14993286132812,72.46022201302762,70.57631312421513,70.63541743020461,258795500
2009-07-24,72.44547271728516,72.50457704742286,71.43333783704801,71.81011525955276,154003100
2009-07-27,72.65972137451172,72.69666298981386,71.91354471010152,72.31249048206838,159259400
2009-07-28,72.31989288330078,72.67451328960894,71.70669803307008,72.1499749500803,186685200
2009-07-29,72.14259338378906,72.46765601889332,71.64760716039105,71.98744870047777,194399300
2009-07-30,72.8961410522461,73.75313702005245,72.84442616705087,73.0143497249779,225575400
2009-07-31,72.99957275390625,73.4871750870753,72.68189398315972,72.88136971454702,207358000
2009-08-03,74.20378875732422,74.27027690032943,73.36895560737602,73.76790137490454,175776900
2009-08-04,74.3958740234375,74.49930378779982,73.7161911043424,73.87133575088588,176714600
2009-08-05,74.18165588378906,74.51410800554766,73.56846090352188,74.44761419929513,184726400
2009-08-06,73.7974853515625,74.63231322488272,73.45025431330053,74.52149960543869,193203800
2009-08-07,74.76526641845703,75.37846118029431,74.16685055785642,74.57318579437494,220640900
2009-08-10,74.61015319824219,74.78007681503516,74.07822525967498,74.42545631048978,130898700
2009-08-11,73.67924499511719,74.32937565837966,73.4797693080546,74.27766078330764,157301000
2009-08-12,74.46976470947266,75.03123901890797,73.51672838262851,73.55366436702558,219052400
2009-08-13,75.03865051269531,75.0682026907938,74.070840635102,74.80962817805913,176449500
2009-08-14,74.46239471435547,75.06081080104865,73.65711338768672,75.00170644676992,199616100
2009-08-17,72.63016510009766,73.10298843941698,72.48240992024742,73.02911084949186,237667500
2009-08-18,73.20642852783203,73.46500858382426,72.65972752140483,72.79270945664383,173461500
2009-08-19,73.84917449951172,74.10036510115776,72.55629678284694,72.6301743822136,192812800
2009-08-20,74.61015319824219,74.78007681503516,73.7827147484725,73.94524327503318,174131300
2009-08-21,76.07294464111328,76.19114770215265,75.075582710746,75.22333794617045,224605000
2009-08-24,76.06554412841797,76.79694201947484,75.79219078247746,76.38322291124067,191279000
2009-08-25,76.2132797241211,77.02594440450332,76.050745660745,76.36842433829875,215310600
2009-08-26,76.22066497802734,76.56789582244215,75.71828951650136,75.97686387835333,194620700
2009-08-27,76.3906478881836,76.62705972233164,75.31201854260173,76.17639878278338,196230100
2009-08-28,76.37584686279297,77.09247161281631,75.85130843380192,77.00382072349457,147024400
2009-08-31,75.69615173339844,75.78480824515782,75.20116555820073,75.62966357695406,176051600
2009-09-01,74.02647399902344,76.27238772740944,73.87132936588974,75.31935157830328,321276800
2009-09-02,73.7457504272461,74.20380059708611,73.56105359631866,73.71619825791771,171805000
2009-09-03,74.35893249511719,74.44758335138563,73.57581423358563,74.1742356958926,143572300
2009-09-04,75.4006118774414,75.42277458926453,74.28504738135527,74.50668013608502,142687900
2009-09-08,76.05077362060547,76.13204068217112,75.64443831277715,76.09509905909572,132909100
2009-09-09,76.6344223022461,76.89299677446165,75.94734976950146,76.1837615207415,154612500
2009-09-10,77.4175033569336,77.46921823012467,76.25760779836386,76.68610568280324,162902400
2009-09-11,77.40275573730469,77.79431780569826,77.04075147867742,77.56528987201509,152360100
2009-09-14,77.77953338623047,77.91251533824683,76.20591831778708,76.74522994126988,149593800
2009-09-15,78.10460662841797,78.39273327013285,77.3953713844659,77.90513086938417,196795900
2009-09-16,79.28667449951172,79.30144776949307,78.11200507669929,78.38535284511406,206406300
2009-09-17,79.16844940185547,79.83335345953418,78.7325619659219,79.17583321654097,229170900
2009-09-18,79.21890258789062,79.54551906226745,78.95167195673608,79.53809441602823,153799100
2009-09-21,79.01854705810547,79.42681801417282,78.432129740628,78.60285711254652,151892000
2009-09-22,79.47872924804688,79.70142338638821,79.12984440754079,79.4861538962175,143126700
2009-09-23,78.81808471679688,80.19135026624248,78.67704470474081,79.66431346243786,225947400
2009-09-24,77.94961547851562,79.15957316397623,77.60815513163746,78.98884582221203,228636800
2009-09-25,77.53387451171875,78.20937582148093,77.26664384668607,77.77883689855645,204059000
2009-09-28,78.92198181152344,79.09271470095727,77.81594734349143,77.83079097314632,118285800
2009-09-29,78.6844711303711,79.441621096545,78.52116283132335,79.06304894513198,133733900
2009-09-30,78.38011932373047,79.02592784209484,77.66008697154884,78.95169834492997,254383000
2009-10-01,76.43526458740234,78.48403113147961,76.42041529304181,76.4575328655967,281840600
2009-10-02,76.07894897460938,76.53175613898362,75.7077959325548,75.73006420894272,224748800
2009-10-05,77.2147216796875,77.43741590091521,76.16064778102154,76.38334200224924,149875000
2009-10-06,78.32076263427734,78.76614541430887,77.72691515200243,77.7714517310008,202491100
2009-10-07,78.53599548339844,78.61764961561539,77.99410948444478,78.14256845392286,159200300
2009-10-08,79.13729858398438,79.5529884230897,78.5731440428062,79.09276200503717,183305800
2009-10-09,79.61976623535156,79.61976623535156,78.95168950894123,79.15953434308067,135008300
2009-10-12,79.93154907226562,80.23589173492816,79.63462539559254,79.99093494026985,118031000
2009-10-13,79.76822662353516,79.95380318063347,79.24861452899873,79.71626541408152,157692700
2009-10-14,81.1415023803711,81.2231565289946,79.73854388252781,80.70354436807034,191421600
2009-10-15,81.43841552734375,81.43841552734375,80.71095859597601,80.74807050933727,173873600
2009-10-16,80.82972717285156,81.11180150926788,80.33980799240774,80.76292232870583,192069400
2009-10-19,81.497802734375,81.75018413746051,80.71095993258234,80.96334133566785,159530400
2009-10-20,81.06726837158203,81.64626636536332,80.67384694828692,81.61657343448383,180921100
2009-10-21,80.3398208618164,81.88381380621178,80.28043499305362,80.9410872088322,225379300
2009-10-22,81.1563491821289,81.4161552546,79.79792729319023,80.31012045273869,238444000
2009-10-23,80.22845458984375,81.47552921892644,79.89441340543866,81.42356801202077,240033200
2009-10-26,79.35993957519531,81.14146949832391,79.13724550313148,80.31750936037146,242028200
2009-10-27,78.99624633789062,79.71628445757817,78.80325075001339,79.44905369844983,253266300
2009-10-28,77.50421142578125,79.04078539735349,77.45966919215067,78.79582293410401,248821400
2009-10-29,79.16694641113281,79.32283001196708,77.8976036643286,78.08318018865693,198110600
2009-10-30,76.87324523925781,79.14470656404715,76.7841721001256,78.90716875411441,325608100
2009-11-02,77.43738555908203,78.24650229338525,76.5169274211405,77.29634556334406,254222900
2009-11-03,77.6823501586914,77.79369722880857,76.85838976851055,77.00684875310193,228362600
2009-11-04,77.88275909423828,78.92941347333226,77.68233892768116,78.32072266315413,247996700
2009-11-05,79.3154067993164,79.33767507650306,78.26875812812072,78.4320663786177,180015300
2009-11-06,79.52326965332031,79.7236955201825,78.72158317591398,78.87746681494708,170954100
2009-11-09,81.33450317382812,81.3790397407119,80.07258469644006,80.13196489783586,159495700
2009-11-10,81.3493423461914,81.60172942583382,80.88911607804238,81.14149749433733,171899800
2009-11-11,81.76502227783203,82.26236603135935,81.37160093061352,81.8837883150365,169466200
2009-11-12,80.93363189697266,82.07678395249627,80.7257870983949,81.65366970872128,157144500
2009-11-13,81.37162780761719,81.72050705069056,80.7258192150911,81.14150897762839,150963000
2009-11-16,82.55191040039062,82.90822003477315,81.89125802672365,81.9357946072654,210922200
2009-11-17,82.64836883544922,82.68548641044927,82.0248343515453,82.33660159349725,147134100
2009-11-18,82.59645080566406,82.71522257707461,82.07683846411733,82.58903181746324,156486800
2009-11-19,81.52005767822266,82.62609220865842,81.00786464436852,82.03225071207679,208734600
2009-11-20,81.2305908203125,81.47555329526087,80.9188234867501,81.09697543973597,134196000
2009-11-23,82.26239013671875,82.94531062496327,82.09908183228028,82.18816063379619,148010200
2009-11-24,82.38854217529297,82.54442575724497,81.66108545951701,82.39596682110366,138420100
2009-11-25,82.6780776977539,82.76715649691457,82.26238796169991,82.52219404673366,109564800
2009-11-27,81.33450317382812,81.89123291326658,80.38435199132213,80.4660061395076,126001800
2009-11-30,81.60916137695312,81.80215694903166,80.2581640556635,81.2677011378742,160874800
2009-12-01,82.61871337890625,82.88594416441698,82.19559891240577,82.33663329233994,159613700
2009-12-02,82.5815658569336,83.1457201622327,82.33660344844684,82.60383413709658,132315100
2009-12-03,81.93575286865234,83.27190623775456,81.86894803187054,82.80425539024209,167324900
2009-12-04,82.40341186523438,83.42036772256714,81.68337395368395,83.01952169974483,274907800
2009-12-07,82.27725982666016,82.78945318671356,82.01745365248446,82.32922672484514,127973800
2009-12-08,81.36418914794922,82.22526145970112,81.11180207604704,81.68338106446394,169863700
2009-12-09,81.66851806640625,81.78728976580982,80.92621193517303,81.34190721973914,155063400
2009-12-10,82.12877655029297,82.48508610074907,81.98773652733249,82.17331312034442,138014600
2009-12-11,82.47765350341797,82.663230078547,82.10650035315989,82.47765350341797,124854000
2009-12-14,83.04180145263672,83.13829922543268,82.49249075514442,83.04180145263672,107141500
2009-12-15,82.65582275390625,83.07893720734847,82.3960166269415,82.73747691714499,120408800
2009-12-16,82.78201293945312,83.23482032771749,82.59643632666769,82.98986350298578,155358200
2009-12-17,81.78729248046875,82.34402209737247,81.71306299755089,82.18813848424101,183390100
2009-12-18,82.25003814697266,82.31720836568311,81.55597625410597,82.24257352404061,174591200
2009-12-21,83.08586883544922,83.36199715010648,82.66047658626667,82.66047658626667,118039600
2009-12-22,83.38441467285156,83.56352575127181,83.16052155444737,83.26500349134572,91707500
2009-12-23,83.54857635498047,83.66798750768467,83.21274245221491,83.58589376365983,111783100
2009-12-24,83.94412231445312,84.0336749859832,83.58589454682124,83.72769386852679,39677500
2009-12-28,84.12324523925781,84.3247444725126,83.82472300635166,84.25757995937369,87508500
2009-12-29,84.00386047363281,84.35462378051571,83.99640154349814,84.33970022640655,80572500
2009-12-30,83.9739761352539,84.07099912896581,83.71277133264044,83.75755336582965,73138400
2009-12-31,83.1679458618164,84.18291763726326,83.13062846222549,84.16052378120725,90637900
2010-01-04,84.57847595214844,84.62325228661169,83.22020543300488,83.8620261315511,118944600
2010-01-05,84.8023681640625,84.83968557413895,84.22025300742887,84.52623982731122,111579900
2010-01-06,84.862060546875,85.0710243456003,84.6530967481497,84.72026124323862,116074400
2010-01-07,85.22032928466797,85.32481123431688,84.46656176748147,84.70537846579887,131091100
2010-01-08,85.50389099121094,85.54120839976568,84.82475856744435,84.99640498158702,126402800
2010-01-11,85.62332916259766,85.92184574988617,85.25763666364304,85.88453402339456,106375700
2010-01-12,84.82478332519531,85.23524646991336,84.49640825434984,85.05613538301529,163333500
2010-01-13,85.54117584228516,85.77999236216395,84.60829792184693,85.04114894961569,161822000
2010-01-14,85.77257537841797,85.92929827282762,85.39195938122988,85.4442003460331,115718800
2010-01-15,84.8098373413086,85.70539829288457,84.48146233527316,85.62331023521338,212283100
2010-01-19,85.86956024169922,85.92180118676397,84.77249470150349,84.79488855839065,139172700
2010-01-20,84.9964370727539,85.41436487594113,84.31730439257467,85.28749474909347,216490200
2010-01-21,83.36198425292969,85.279981387605,83.25750236184511,85.01877665989359,344859600
2010-01-22,81.50370025634766,83.39184478418747,81.41414190116632,82.9888407266263,345942400
2010-01-25,81.9216537475586,82.39929276562772,81.65298998478734,82.25002879315663,186937500
2010-01-26,81.57833862304688,82.44405240646186,81.3768394183346,81.60072679092188,211168800
2010-01-27,81.96639251708984,82.15296811380878,80.84693893677614,81.47383020871084,271863600
2010-01-28,81.02608489990234,82.2798736789542,80.53352807268794,82.23509733843593,316104000
2010-01-29,80.14546203613281,81.9440546248869,80.01859191905623,81.37686286864493,310677600
2010-02-01,81.39177703857422,81.39924166043562,80.2275465570765,80.71264448897995,187865000
2010-02-02,82.37687683105469,82.53359968978535,81.25742295968982,81.54102158449116,216327900
2010-02-03,81.96639251708984,82.45149020732617,81.72757598104299,82.00370422013242,172730700
2010-02-04,79.43646240234375,81.36938369131416,79.42153315957053,81.33207197205677,356715700
2010-02-05,79.60067749023438,79.76485936076149,78.04836594656152,79.52604263818411,493585800
2010-02-08,79.02597045898438,80.10064786998981,78.96626489307603,79.66032643871102,224166900
2010-02-09,80.0185546875,80.71261623788105,79.30956389862169,79.95138450193477,337820500
2010-02-10,79.86184692382812,80.30216274741119,79.19017341054803,79.8916997126225,240511500
2010-02-11,80.69769287109375,80.7872512270851,79.29464612358237,79.75735575544938,223591600
2010-02-12,80.63052368164062,80.67530001011193,79.48868175493209,79.84690377037509,304622100
2010-02-16,81.89925384521484,81.98134759485656,80.46635407774806,81.24250954191862,159317500
2010-02-17,82.28734588623047,82.39929244168408,81.89926525316969,82.29480481444592,168845100
2010-02-18,82.77244567871094,82.9440921329123,82.12316019765389,82.15301299269727,193708600
2010-02-19,82.94407653808594,83.2649869071679,82.36196137878318,82.55600166316323,222684900
2010-02-22,82.9590072631836,83.27245301705356,82.71272601635542,83.25006484803964,132346900
2010-02-23,81.95153045654297,82.98889116911894,81.73510190368208,82.73515088263102,207497000
2010-02-24,82.70529174804688,82.83962650526847,81.98884160747828,82.19780552008083,176350700
2010-02-25,82.59332275390625,82.65302833954398,81.30222220405906,81.5261096094435,259634700
2010-02-26,82.64554595947266,82.92914458339479,82.17537738473828,82.66793412581664,173589300
2010-03-01,83.50379943847656,83.58589318193008,82.96646064272164,82.98884881023858,147709700
2010-03-02,83.73516082763672,84.1381649696922,83.5859025648774,83.86203661420367,160992400
2010-03-03,83.80979919433594,84.30982065893019,83.60082964626979,83.95159284179763,150785000
2010-03-04,84.06355285644531,84.18296404589701,83.60830766087881,83.92175349243115,135770400
2010-03-05,85.26509857177734,85.33226309362718,84.40684917605078,84.60835412927777,176118800
2010-03-08,85.27999114990234,85.4665667901736,85.13073291522,85.2725322238539,114631200
2010-03-09,85.42179870605469,85.81733819060545,84.98148288554339,85.02625922150393,154556700
2010-03-10,85.80242919921875,86.03378123271234,85.3845014757882,85.45913061299534,186088800
2010-03-11,86.1606674194336,86.1830612892305,85.33973536923075,85.60094024513539,160791100
2010-03-12,86.16808319091797,86.54869904793094,85.92926662636467,86.53376980986359,162074800
2010-03-15,86.19049835205078,86.25020393534999,85.52628939590113,86.01885191736284,146816800
2010-03-16,86.87709045410156,86.95917850371332,86.190487718544,86.42930432843968,168673000
2010-03-17,87.39204406738281,87.67564273431114,86.88455800922638,87.13830388522342,177468100
2010-03-18,87.3472671508789,87.51891358030277,86.99650397705062,87.39950811120411,196509100
2010-03-19,86.9051513671875,87.89432763756648,86.56792867576905,86.9051513671875,226641100
2010-03-22,87.3697280883789,87.52710204895554,86.35807182876417,86.4105279098617,184477800
2010-03-23,87.9842300415039,88.0591664904984,87.21236803673527,87.49713454711278,182941600
2010-03-24,87.55711364746094,87.99924858442762,86.61290373914179,87.65453621384155,196072600
2010-03-25,87.4146957397461,88.55374453821189,87.30978357609598,88.14908088529684,223396300
2010-03-26,87.36226654052734,87.9917397161258,87.01755422284926,87.57958629418468,205808500
2010-03-29,87.91680145263672,88.07416974331899,87.44469658058993,87.8043938972106,134513500
2010-03-30,87.97674560546875,88.29897752171267,87.60955295770228,88.0217063369913,145772500
2010-03-31,87.6769790649414,88.06665201184715,87.38472292544101,87.63950798355548,161078700
2010-04-01,88.27650451660156,88.61372146570898,87.75193783019631,88.27650451660156,161215200
2010-04-05,88.9958724975586,89.05581821702165,88.36639384628509,88.61368923490267,105847600
2010-04-06,89.2057113647461,89.3630796239216,88.64367941742583,88.74109623007222,110384200
2010-04-07,88.69612884521484,89.44550471871798,88.28396982787443,89.02585605908716,184576300
2010-04-08,89.00337982177734,89.15325844342108,88.12661132497952,88.38889176625004,158704000
2010-04-09,89.58789825439453,89.6253636220025,89.02586628471147,89.19072419329923,133006500
2010-04-12,89.73030090332031,89.96261140353785,89.59541296416661,89.70032517047655,110279000
2010-04-13,89.79769897460938,89.95506719862898,89.17571571971045,89.64033075058977,125043600
2010-04-14,90.81687927246094,90.81687927246094,89.9850714550513,90.12744900730198,161609000
2010-04-15,90.89181518554688,91.10163954953345,90.63702437407382,90.66700009996977,144615300
2010-04-16,89.44552612304688,90.89182213369818,88.98840627343837,90.56959020229031,366786700
2010-04-19,89.7827377319336,89.87266491115933,88.77857662502974,89.18324035561771,217947800
2010-04-20,90.5845718383789,90.65951401470271,89.82770616961946,90.3447717390846,157708000
2010-04-21,90.41970825195312,90.846852330732,89.91762200154444,90.63702225436757,192910100
2010-04-22,90.68946838378906,90.80187591160315,89.26565875575861,89.7827242360484,115360300
2010-04-23,91.28147888183594,91.31894996470713,90.39721506855041,90.62952549123965,177335500
2010-04-26,90.93677520751953,91.51379792127376,90.84685374781711,91.31146320237316,143457300
2010-04-27,88.78607177734375,90.9292818963118,88.61371278022071,90.4122163395131,355853300
2010-04-28,89.46050262451172,89.68531770590404,88.62869482755919,89.2132128957222,300674100
2010-04-29,90.56957244873047,90.75691642521431,89.9775647969674,90.00004515937995,193775000
2010-04-30,89.0333480834961,90.68197847968321,89.010867721455,90.58455595445935,270000900
2010-05-03,90.18739318847656,90.43468862069582,89.32560971446937,89.46049761229035,182747900
2010-05-04,88.06665802001953,89.19821729111787,87.6170335991353,89.18323228791176,360353400
2010-05-05,87.5420913696289,88.27648225851216,86.90512300565064,87.34725203710325,328973200
2010-05-06,84.63451385498047,87.67697810321934,78.68446752853018,87.1224415519531,647356600
2010-05-07,83.37554931640625,85.25647837240581,81.98920529292243,84.40968581514525,637558800
2010-05-10,87.04747009277344,87.4146625260319,86.11075061803517,86.78518406602116,396159600
2010-05-11,86.80020141601562,87.94674549017466,86.11077704318954,86.23067419976273,317849800
2010-05-12,88.01421356201172,88.14161183387763,86.99506169079713,87.14494032908483,235607100
2010-05-13,86.92012023925781,88.18656750296239,86.84518378305961,87.77440841794458,234452500
2010-05-14,85.346435546875,86.42553885894326,84.58207451235023,86.26817057881419,345601400
2010-05-17,85.39138793945312,85.81853200588266,83.7577481259133,85.57873192854125,325739800
2010-05-18,84.22986602783203,86.34310618147103,83.95259484143122,86.08831536096764,360556800
2010-05-19,83.75022888183594,84.5070942137979,82.70110177029245,83.75771852230723,394742700
2010-05-20,80.58790588378906,82.34893856230165,80.53544978586864,81.96675515328945,530418300
2010-05-21,81.76441955566406,81.9667485693091,78.95425942718313,79.36641853294117,500909400
2010-05-24,80.71532440185547,81.97427687405012,80.64038791177116,81.32231740401241,269823000
2010-05-25,80.79773712158203,80.83520821639414,78.21988130869907,78.76692841960927,396505200
2010-05-26,80.31065368652344,82.03422139879007,80.07085350820947,81.29234049045735,349719300
2010-05-27,83.00090026855469,83.03087599929052,81.5171330422042,81.82437999428195,300870500
2010-05-28,81.95924377441406,82.97090009019519,81.56956510695427,82.91094864638839,297933500
2010-06-01,80.58039855957031,82.3938870667848,80.46050137524527,81.1948866371093,277909400
2010-06-02,82.67867279052734,82.68616243565266,80.5654322560553,80.99257643693944,240243700
2010-06-03,82.96344757080078,83.22572812628566,82.1166544295818,82.91848682337118,226618300
2010-06-04,80.04834747314453,81.92928291344903,79.77857164436438,81.38973125588875,398475600
2010-06-07,79.05170440673828,80.640384223385,78.9917586477853,80.33313719561838,264609100
2010-06-08,79.89847564697266,80.05584392970009,78.42220392963863,79.11162851604995,357774300
2010-06-09,79.47132110595703,81.14242625851112,79.13409850096508,80.36307459109037,268023300
2010-06-10,81.79440307617188,81.89181991168464,79.46384293018852,80.82770721379704,317890600
2010-06-11,82.19159698486328,82.24405309983455,81.02257172705374,81.07502784202501,214128200
2010-06-14,82.06414031982422,83.27063573965384,81.98170852960357,82.82100571398364,207196100
2010-06-15,83.93010711669922,84.00504356888216,82.49879629568022,82.6411795569272,238268700
2010-06-16,83.90016174316406,84.2448741217328,83.330634209435,83.49549789424765,216374000
2010-06-17,84.03502655029297,84.17740982383584,83.21820943157613,84.13993873586604,263185800
2010-06-18,84.12615203857422,84.42732402764726,83.8550926528185,84.20144503584248,174006600
2010-06-21,83.88519287109375,85.23295274102975,83.41836719774238,85.17272180292493,213140700
2010-06-22,82.4997787475586,84.25413337089348,82.37931112561623,83.88519373905673,239355400
2010-06-23,82.24376678466797,82.84611627586636,81.67906090539651,82.55246967820403,254639900
2010-06-24,80.88096618652344,81.94261634908052,80.67014350744499,81.83720500954131,268523600
2010-06-25,81.21976470947266,81.63387889931445,80.39152484081878,81.12187868254894,238726500
2010-06-28,80.9637451171875,81.55856919877593,80.67009858563527,81.34021561861178,169218600
2010-06-29,78.4640121459961,80.94872073259785,77.96707387536749,79.8268340601063,373649500
2010-06-30,77.7186050415039,78.96848466281078,77.46260200203989,78.24566167497913,284101700
2010-07-01,77.37223052978516,77.92187432642532,76.14493283675426,77.66587710486357,382924800
2010-07-02,76.95063018798828,77.86921987063539,76.51392842031865,77.63580980994226,233385200
2010-07-06,77.45504760742188,78.58445917842519,76.70963183453098,78.03480968629715,256935300
2010-07-07,79.89457702636719,79.9924572969984,77.56798614373591,77.65081012061017,253769400
2010-07-08,80.6851806640625,80.77552993037652,79.7440041767222,80.56470731632996,210842100
2010-07-09,81.28755187988281,81.29508290224886,80.51202316630066,80.66260914670008,144999900
2010-07-12,81.3402099609375,81.49832687119968,80.67762399253162,81.01644512245295,131283600
2010-07-13,82.56754302978516,82.89130226354787,82.01789337108896,82.18354137081893,213025900
2010-07-14,82.56001281738281,82.88377779880337,81.96518851456428,82.30400979406868,184426800
2010-07-15,82.58259582519531,82.86871142973929,81.44565293893952,82.52989016792442,232337900
2010-07-16,80.3087387084961,82.22873598068055,80.15061594708669,82.1383809376591,282693400
2010-07-19,80.78305053710938,81.03904775131274,79.97740379758021,80.60234628329026,186709000
2010-07-20,81.6790771484375,81.73930808839543,79.67625047431137,79.71389983821068,258162400
2010-07-21,80.61741638183594,82.12329882531432,80.2861204060353,82.10071150777985,264527000
2010-07-22,82.41695404052734,82.77836839224103,81.56613243921343,81.57365771618625,274781300
2010-07-23,83.13224792480469,83.25271554021515,82.01789232370646,82.25130227789836,222020800
2010-07-26,83.99810791015625,84.08093189133858,83.0418752335304,83.27528513805255,184445700
2010-07-27,83.99060821533203,84.54778319476445,83.65931218970312,84.45742816655115,204855600
2010-07-28,83.44845581054688,84.07339824469952,83.16986556117561,83.8173953071316,163056200
2010-07-29,83.0418930053711,84.19389222446651,82.37930675859678,83.96800754663032,220149100
2010-07-30,83.02682495117188,83.47106325355294,82.0555358424706,82.1985907665547,220070600
2010-08-02,84.90165710449219,85.03718675950473,83.98306785879441,84.32188912408287,188263200
2010-08-03,84.49507141113281,84.90918566868825,84.2164810693516,84.69083775250571,146657300
2010-08-04,85.0597915649414,85.16520290223484,84.44991086424554,84.72849550802658,158171700
2010-08-05,84.96945190429688,85.01463230308923,84.38968944426897,84.51768812778982,140473800
2010-08-06,84.62307739257812,84.75860706459787,83.51625269516468,84.13366436892426,239728300
2010-08-09,85.0748291015625,85.21788977540201,84.57035984942475,85.02212344454044,120800400
2010-08-10,84.61552429199219,85.0672935771692,83.85505786721342,84.351996038629,242916300
2010-08-11,82.2965087890625,83.34309702138694,82.16097908839161,83.31297867185032,273406900
2010-08-12,81.79199981689453,82.08564642292636,81.0164713063753,81.05412066386057,239542600
2010-08-13,81.55106353759766,82.04047649052298,81.4531832448069,81.53600724043206,158698500
2010-08-16,81.51341247558594,81.77694073555178,80.70023463527545,80.9938812313067,147895300
2010-08-17,82.51483917236328,83.11719454565544,81.98025150719762,82.21366723020378,172270300
2010-08-18,82.66541290283203,83.10964544200846,82.00282673195545,82.47717760769245,182922100
2010-08-19,81.227294921875,82.4395307184168,80.88847367827644,82.23623912115477,265847600
2010-08-20,80.9637451171875,81.2724536857077,80.37645205408306,80.98633242815552,209714200
2010-08-23,80.6550521850586,81.74681447529416,80.61740283250508,81.34775661395958,163490300
2010-08-24,79.45789337158203,80.1054233401905,79.03624808764577,79.77412733453421,280677800
2010-08-25,79.76658630371094,80.06775816447737,78.52423227235182,79.02117043820445,272234800
2010-08-26,79.23200988769531,80.24847942145674,78.96847585586183,80.14306810651767,224439500
2010-08-27,80.45931243896484,80.54213644632215,78.5393097149351,79.72895841653403,272649000
2010-08-30,79.292236328125,80.49694684970501,79.28471105211712,80.24847487379273,167238600
2010-08-31,79.292236328125,79.79671130044296,78.67482477083372,78.99858971822339,273933100
2010-09-01,81.66400909423828,81.77695143313673,80.30871826091477,80.36142391980259,256828100
2010-09-02,82.42448425292969,82.43954055121377,81.68659925831332,81.85977828325434,156112200
2010-09-03,83.49360656738281,83.56889950003283,82.78584036261107,83.23007843086648,212197300
2010-09-07,82.55247497558594,83.2075359055907,82.48471302307802,83.10212459425462,141973700
2010-09-08,83.13224792480469,83.46353817554797,82.680478569679,82.71812793076812,149924400
2010-09-09,83.51624298095703,84.0884799456457,83.29036405018834,84.06589262701742,147017900
2010-09-10,83.93789672851562,84.03577702725809,83.47860208647938,83.66683740716682,127819000
2010-09-13,84.87155151367188,85.04472481057005,84.42731312154599,84.76614018221558,178503500
2010-09-14,84.8188247680664,85.3007066619587,84.38964852680341,84.70588244257924,209823600
2010-09-15,85.14260864257812,85.24048894937997,84.31437431225461,84.57037161211477,168608400
2010-09-16,85.1199951171875,85.17270076531484,84.59293289142916,84.87905419082176,199962900
2010-09-17,85.15178680419922,85.65139114408008,84.91712730983986,85.56812375409994,195836900
2010-09-20,86.45379638671875,86.6430394413544,85.17451148930509,85.4470219499996,214555200
2010-09-21,86.27970123291016,86.93069206703929,85.92392334462232,86.5219321264959,268389100
2010-09-22,85.85578918457031,86.62790409549918,85.6135583012914,86.14344232894138,191322400
2010-09-23,85.15937042236328,86.0450264886984,84.91713955528259,85.15179908348092,202354300
2010-09-24,86.91556549072266,86.97612466512514,86.02990922223918,86.10560530262191,209671800
2010-09-27,86.49921417236328,87.04423510194727,86.4159525402922,86.94583079114341,128761800
2010-09-28,86.80199432373047,87.0820760959588,85.67410744679215,86.61275128782354,209207500
2010-09-29,86.65062713623047,86.98369682333403,86.30998610844524,86.5824966205771,179665800
2010-09-30,86.3932113647461,87.64978764353482,85.98444579605234,87.08962998654174,287106700
2010-10-01,86.75658416748047,87.14264160593997,86.241842841281,87.04423152394152,174638700
2010-10-04,86.1055908203125,86.93825911495549,85.6741168819368,86.57491568013371,166153200
2010-10-05,87.83906555175781,88.05101686970872,86.80201143150914,86.9004215257294,229634100
2010-10-06,87.83148193359375,88.0585758997896,87.47570408166536,87.82391059465671,148626600
2010-10-07,87.72547912597656,88.20994071362807,87.19560106924449,88.1872324790878,164860000
2010-10-08,88.21753692626953,88.45976778840082,87.51355258081931,87.84662218196458,177760100
2010-10-11,88.30078887939453,88.54301969915046,87.99799891089005,88.35377669073993,103098300
2010-10-12,88.57333374023438,88.83070155970833,87.5438509118575,88.01317005919012,182210000
2010-10-13,89.26220703125,89.7391034623349,88.85344113685262,89.06539831469179,194347200
2010-10-14,88.91395568847656,89.33029271685804,88.35379786639577,89.17889480870129,217764300
2010-10-15,89.09562683105469,89.58765992273598,88.38407688062476,89.5346720990312,243705000
2010-10-18,89.53467559814453,89.82989430964285,88.80041160151131,89.12590989562996,141204800
2010-10-19,88.36137390136719,89.20917913114089,87.82391851789852,88.70958044577281,280604700
2010-10-20,89.22430419921875,89.65577806856108,88.46733209333827,88.52031990974035,200051800
2010-10-21,89.42115020751953,90.14784304022615,88.72473696474752,89.62553599576776,221585500
2010-10-22,89.5876693725586,89.72392461577749,89.32273022608858,89.5573897879277,108212400
2010-10-25,89.85260772705078,90.65500227459638,89.78448299366191,90.18567737981462,151145700
2010-10-26,89.86775207519531,89.95858505473339,89.22432677742597,89.39842717170082,158982900
2010-10-27,89.61035919189453,89.70876926552032,88.76255409751283,89.23944446310254,190024000
2010-10-28,89.62554168701172,90.16299144818622,89.19406760971717,90.12514051455412,168576000
2010-10-29,89.69361877441406,89.86772489126416,89.37569189171933,89.5346553330667,144305500
2010-11-01,89.72389221191406,90.64739899629015,89.2091510095686,90.1326577939447,174074800
2010-11-02,90.43547058105469,90.64742187517962,90.15538878510984,90.39761966057254,158345900
2010-11-03,90.79882049560547,90.85180832292349,89.66336210287056,90.5944405260188,226702800
2010-11-04,92.54741668701172,92.59283316794055,90.81394977027801,91.80558143881875,215039400
2010-11-05,92.89563751220703,93.04702965548155,92.48687179507775,92.60798435464935,180654100
2010-11-08,92.72151947021484,92.87291736933228,92.30518824193037,92.60797248968659,156107100
2010-11-09,92.05535888671875,93.06969852303408,91.68444424995663,92.97129424906304,186621600
2010-11-10,92.42632293701172,92.47174520525259,91.3362866783231,92.03269985544875,221387400
2010-11-11,92.0781021118164,92.2143573449905,91.35140945996783,91.63149126572564,158017600
2010-11-12,90.98807525634766,91.85859462438592,90.57174392397512,91.45740019808987,239068800
2010-11-15,90.859375,91.63148990157173,90.82152985399496,91.27571203273375,163940800
2010-11-16,89.44385528564453,90.45062411788166,89.01237550366201,90.29923195859146,299566200
2010-11-17,89.48927307128906,89.86018790957736,89.21676256043703,89.48170173064295,172308900
2010-11-18,90.806396484375,91.13189480463339,90.34464291900285,90.35221425907592,197723700
2010-11-19,91.05618286132812,91.09402800461761,90.26893111289138,90.76096417756926,156852900
2010-11-22,90.98050689697266,91.01835204862208,89.90560179084636,90.60202072903482,181361000
2010-11-23,89.66336059570312,90.09483454668006,89.31515405414629,89.90559148440526,222309000
2010-11-24,90.98807525634766,91.01078927832357,90.21596599114933,90.23110289722582,140046100
2010-11-26,89.92828369140625,90.69282131938874,89.92828369140625,90.20079409700506,76007800
2010-11-29,90.2008056640625,90.44303652507561,89.12590080402998,89.70120126465085,223642300
2010-11-30,89.69361877441406,90.20836001197442,89.17887753685369,89.30756717767271,233930700
2010-12-01,91.6012191772461,91.77531957123186,90.98050212539192,90.98806769018066,221037200
2010-12-02,92.77449798583984,92.84262847741905,91.69202766048875,91.74501547605536,191213600
2010-12-03,93.0242919921875,93.13026761401244,92.43385473480906,92.45656297159465,151288900
2010-12-06,92.92589569091797,93.13784695277646,92.72908132980419,92.8274856227417,103050500
2010-12-07,92.9788818359375,93.87210912003553,92.92589402142485,93.81912130552288,206581000
2010-12-08,93.31951904296875,93.3952150974984,92.66095701579826,93.09243087937985,138019200
2010-12-09,93.6828842163086,93.87969283670581,93.22113069687558,93.84184769058623,123705100
2010-12-10,94.2279052734375,94.31873824444247,93.66017610369738,93.97053171336397,117571700
2010-12-13,94.28849029541016,94.77295222076906,94.25821070317002,94.65941096892064,133812700
2010-12-14,94.3717269897461,94.79563536778308,94.08407962002514,94.43228615449992,147249600
2010-12-15,93.94023895263672,94.56852719839897,93.78127550043885,94.19761247660395,160823100
2010-12-16,94.48527526855469,94.55340577364194,93.67531519845441,94.00081349439601,185035200
2010-12-17,94.58646392822266,94.70821339407537,94.22120391944277,94.41905333276567,141075300
2010-12-20,94.81475067138672,95.04303891297108,94.3429634870087,94.8451894906387,119085500
2010-12-21,95.41592407226562,95.47680172339182,95.02023095117009,95.11154162224703,94965500
2010-12-22,95.71270751953125,95.74314634895993,95.4311585071389,95.48442500723581,78878100
2010-12-23,95.5757064819336,95.71267826969745,95.3398128829669,95.60614530206016,70053700
2010-12-27,95.61378479003906,95.70509547186391,95.14960280538597,95.21808581675461,58126000
2010-12-28,95.75072479248047,95.84203544395521,95.49960888970271,95.80399127437776,55309100
2010-12-29,95.81924438476562,96.03231039374766,95.80402787224405,95.864905533557,58033100
2010-12-30,95.66703796386719,95.97902575933269,95.52245499696657,95.72791561367927,76616900
2010-12-31,95.68986511230469,95.78118158652767,95.37026616094252,95.5224544790353,91218900
2011-01-03,96.67916107177734,97.09768208515929,95.65186902616836,96.420433818502,138725200
2011-01-04,96.62583923339844,96.92261051493138,96.02468551281292,96.8921716904649,137409700
2011-01-05,97.12805938720703,97.18893703241952,96.2301344399641,96.32145090778285,133975300
2011-01-06,96.93782043457031,97.27264167532837,96.648660330214,97.16610869974384,122519000
2011-01-07,96.74758911132812,97.22698753595883,95.99424707101925,97.06718806108192,156034600
2011-01-10,96.62583923339844,96.7628110406915,96.03229086472042,96.32145679434585,122401700
2011-01-11,96.96826171875,97.2041553413028,96.60300164632163,96.97587287594548,110287000
2011-01-12,97.84335327148438,97.94988624351811,96.99108368960302,97.56180433351449,107929200
2011-01-13,97.68356323242188,97.92707384143625,97.4400642346324,97.8814185050523,129048400
2011-01-14,98.39125061035156,98.41407827734413,97.47810909697594,97.54659209795365,117677900
2011-01-18,98.55868530273438,98.64999599299554,98.18581396545605,98.2999523282825,114401300
2011-01-19,97.59223937988281,98.57386381324511,97.33351810116386,98.47494780151338,151958400
2011-01-20,97.46288299560547,97.70638197114135,96.73997400378933,97.37156652557057,175745700
2011-01-21,97.68356323242188,98.29232814373292,97.57703024378431,98.07165681413544,151462900
2011-01-24,98.23905944824219,98.35319777989949,97.59984995728942,97.62267762362087,113715500
2011-01-25,98.29232025146484,98.3760255651894,97.48571174351399,97.98032666292566,167552200
2011-01-26,98.67279052734375,98.96195643102698,98.3379692938628,98.53582453795059,141281500
2011-01-27,98.91629791259766,99.08370852394154,98.52059904840094,98.69561501072486,123302700
2011-01-28,97.18894958496094,99.19026033911736,97.02915009984793,99.03045504839181,295637300
2011-01-31,97.91946411132812,97.99556408507296,97.21178312264946,97.4552937496523,149249200
2011-02-01,99.48702239990234,99.66203837922137,98.45212561620134,98.51300326362187,167194300
2011-02-02,99.29679107666016,99.56311774019437,99.17503577327174,99.22829646148867,118323600
2011-02-03,99.51744842529297,99.66963672753862,98.59670164941178,99.12174955047577,145886700
2011-02-04,99.79901123046875,99.83706121412239,99.09893565389608,99.55551223529012,134634800
2011-02-07,100.42303466796875,100.75023910069993,100.01211327427264,100.01973024048526,112439100
2011-02-08,100.8795394897461,100.93280015911617,100.24033017876032,100.51427370883403,99072800
2011-02-09,100.6512680053711,100.92521158096783,100.14903618157332,100.60561267797542,146436700
2011-02-10,100.68934631347656,100.80348466408152,99.91317069568511,100.14145900812093,162708500
2011-02-11,101.29049682617188,101.41985749714365,100.27082216470517,100.29364983539277,137710300
2011-02-14,101.53399658203125,101.61770191223086,101.1154815422595,101.22961989651975,101690700
2011-02-15,101.21437072753906,101.37417599233467,100.68932282600655,101.22198768995321,119575400
2011-02-16,101.85357666015625,101.97532033112567,101.35134482953046,101.55680541682698,130183500
2011-02-17,102.1579818725586,102.29494789497687,101.46551157373005,101.55683386656828,109810500
2011-02-18,102.37105560302734,102.49281092852436,102.01340659139669,102.24930027753032,130002400
2011-02-22,100.31645202636719,102.39385080987647,100.04250843646966,101.2980764502864,233116400
2011-02-23,99.70010375976562,100.49910704013972,99.0837334498623,100.25559641284538,227584000
2011-02-24,99.6316146850586,100.01970831750991,98.69564533314777,99.59357630724892,260431400
2011-02-25,100.69695281982422,100.75783047791947,99.98926020428983,100.05013786238509,141686900
2011-02-28,101.32096099853516,101.45033332050532,100.73503512245738,101.06985654377597,141585500
2011-03-01,99.6316146850586,101.73185332309691,99.60118166056557,101.6405426383914,258565500
2011-03-02,99.84469604492188,100.30887806162268,99.1902756871343,99.49465238838239,200277400
2011-03-03,101.5644302368164,101.67856857873674,100.74259934131497,100.75020469370132,176480100
2011-03-04,100.80345916748047,101.68616755964507,100.1414336789685,101.48831232033955,277202300
2011-03-07,100.01205444335938,101.32851158856425,99.48700658884597,101.10022334982418,216790400
2011-03-08,100.88717651367188,101.20677546389516,99.7381413632579,100.17187864883792,174615000
2011-03-09,100.74260711669922,101.0546007569947,100.1414591174801,100.68934642343405,153806000
2011-03-10,98.87826538085938,99.82183996267064,98.77933774455016,99.68487395352703,301291800
2011-03-11,99.56311798095703,99.92076692850983,98.53583808559831,98.55866575363575,225621800
2011-03-14,98.96197509765625,99.28917943040742,98.20862718022441,98.91631975924682,234974100
2011-03-15,97.828125,98.41406211611195,96.26056353073383,96.32904652046548,359585400
2011-03-16,96.01709747314453,97.83578138782141,95.332238271787,97.51617075116535,468670300
2011-03-17,97.28787231445312,97.69878776808252,96.7171573742366,97.40201646361895,254303700
2011-03-18,97.64173126220703,98.49770343946237,97.45066651261878,98.46712654899481,230435400
2011-03-21,99.15494537353516,99.36128686242542,98.74223907242596,98.8568848945849,153992600
2011-03-22,98.81103515625,99.26959519389527,98.71932781338741,99.13967257095122,129538600
2011-03-23,99.09382629394531,99.3536715592232,98.06972201667342,98.53590881878941,148603100
2011-03-24,100.04144287109375,100.18665386630849,99.10140808846728,99.65931358333303,159129800
2011-03-25,100.34719848632812,100.78282000647964,100.03384953045953,100.30134481701383,155642800
2011-03-28,100.1026382446289,100.82104355391671,100.0720730164677,100.5611982987133,109762400
2011-03-29,100.77523040771484,100.80579564816792,99.68998361572626,100.01860951269963,129798800
2011-03-30,101.47064971923828,101.7687102011565,101.15730079521377,101.30251184106241,135835000
2011-03-31,101.3331069946289,101.61589077963185,101.22611119161013,101.3407570487739,132537100
2011-04-01,101.76110076904297,102.23494937016761,101.51654390604529,101.95981561075202,153850100
2011-04-04,101.84516906738281,102.15851811441158,101.55475852335016,101.97509172212592,100768900
2011-04-05,101.82986450195312,102.28077447393697,101.60058448956048,101.64643815970582,120791500
2011-04-06,102.15084838867188,102.41069361845632,101.738142048035,102.3189862812772,120411600
2011-04-07,101.8909912109375,102.39539316794081,101.3865775922701,101.96741009573722,170731500
2011-04-08,101.53942108154297,102.40303722705696,101.1190764239183,102.3418951257967,147945400
2011-04-11,101.23371887207031,101.99032756898292,100.98915047515831,101.64641346478055,121385400
2011-04-12,100.47711944580078,100.86688729020838,100.11027843567214,100.668184172569,161187400
2011-04-13,100.469482421875,101.01973811372179,100.08735296313948,100.94331921897405,162059000
2011-04-14,100.54590606689453,100.69875552527695,99.56001714791164,99.88864290035055,161220400
2011-04-15,100.91273498535156,101.16494180915636,100.43125983232855,100.72932032197699,170006700
2011-04-18,99.78163146972656,100.90509288828565,98.9791573619466,99.8045583018062,210759300
2011-04-19,100.35481262207031,100.385389502,99.68991125438498,99.93446798550833,124258800
2011-04-20,101.72285461425781,101.94448454312091,101.4859245819131,101.55471673925923,156133800
2011-04-21,102.24254608154297,102.28839974580725,101.72285567099533,102.2501844716989,135935400
2011-04-25,102.13555145263672,102.30368933126131,101.79927569538754,102.16611667526642,65757100
2011-04-26,103.01444244384766,103.22079559297184,102.3419026041675,102.44889837377555,146600000
2011-04-27,103.68701171875,103.83986117843878,102.79283013482102,103.21317489521488,143031000
2011-04-28,104.0232925415039,104.16085356335506,103.48831357597139,103.5035903595103,124791100
2011-04-29,104.2678451538086,104.37485260426884,103.9239309513758,104.06150362934872,115094100
2011-05-02,104.10733795166016,104.84101989226298,103.90098480388754,104.75696261680974,126278700
2011-05-03,103.73287963867188,104.08444393974466,103.2055390178966,103.9086676200422,138375000
2011-05-04,103.04505157470703,103.73288007148597,102.58649146907581,103.68702639325642,182678500
2011-05-05,102.11262512207031,103.1367291793333,101.66171520066318,102.47182771347315,226900000
2011-05-06,102.56353759765625,103.65643384130382,102.16611972163307,103.12909335731753,222787200
2011-05-09,102.96094512939453,103.25900559105017,102.39538942655354,102.55588890359749,114104500
2011-05-10,103.83984375,104.0232700678401,103.17494229803414,103.30486490004677,114806900
2011-05-11,102.74698638916016,103.70231018158889,102.27314951984908,103.68702173564316,193564200
2011-05-12,103.23607635498047,103.45006787827751,101.94447716401119,102.4718175827301,171550700
2011-05-13,102.44124603271484,103.43478482068029,102.0744050682087,103.28957378052928,157444900
2011-05-16,101.79165649414062,102.87690285787711,101.62351858381994,102.07442858801328,141675400
2011-05-17,101.77632904052734,101.91390166972789,100.97385507823377,101.40948813209624,192686200
2011-05-18,102.68583679199219,102.79283258248871,101.60822883377728,101.82987046801999,135217900
2011-05-19,102.93038177490234,103.19787705124332,102.36483765939829,103.02210077169465,119489500
2011-05-20,102.11262512207031,102.93037602515912,101.92156041011835,102.66289242542511,182594900
2011-05-23,100.92803955078125,101.4324532789693,100.56883689540491,100.86689743266756,168700000
2011-05-24,100.84395599365234,101.44007698185798,100.65289127533862,101.21844703974664,147199600
2011-05-25,101.18022155761719,101.60056622783986,100.40832437169102,100.4388895924055,151050100
2011-05-26,101.64643859863281,101.82986494167218,100.71404176276471,100.90510649697266,164850000
2011-05-27,102.03618621826172,102.31131984741215,101.61585321571442,101.92919045479563,120921900
2011-05-31,103.09854888916016,103.11383733657023,102.28843610145367,102.99920313516591,164731200
2011-06-01,100.78279113769531,103.11378250735055,100.69872221414505,102.80043364123935,233094300
2011-06-02,100.67581939697266,101.0655988907863,100.08734845343434,100.85160733646964,200466800
2011-06-03,99.67466735839844,100.43892643490356,99.41482207118702,99.468314142475,234690200
2011-06-06,98.61995697021484,99.62878425080964,98.49003436498634,99.42243109583988,179951200
2011-06-07,98.55884552001953,99.40717347432478,98.47477656376705,99.1243897151118,161660500
2011-06-08,98.1461181640625,98.7346007321152,97.96269184551424,98.40596336909094,198696400
2011-06-09,98.89510345458984,99.30015976511255,98.17670983746741,98.4136282460751,160964400
2011-06-10,97.51942443847656,98.53588423944367,97.25957923801593,98.47475379599989,238629400
2011-06-13,97.59587860107422,98.00858501965854,97.09911488197687,97.74108968681064,207599800
2011-06-14,98.83397674560547,99.17789095376553,98.45184725616839,98.49005087577886,160570400
2011-06-15,97.07617950439453,98.81869499211933,96.81633423278225,98.00858228552383,300958000
2011-06-16,97.29015350341797,97.80220553123446,96.5411772681922,97.1067271820368,308032800
2011-06-17,97.58050537109375,98.26406765472848,97.25024448104337,98.25638553363666,233284900
2011-06-20,98.07967376708984,98.28704989544967,97.21946422645057,97.25018683286454,159479000
2011-06-21,99.42381286621094,99.61582486932045,98.11813358896275,98.58664334532926,193157300
2011-06-22,98.82476043701172,99.70033491578354,98.76331517470496,99.11662250309749,176703000
2011-06-23,98.54054260253906,98.8016760617885,96.91996115210952,97.66496851251193,334286500
2011-06-24,97.39614868164062,98.59430148571735,97.25022357072116,98.51750373027784,226129300
2011-06-27,98.26406860351562,98.64040464452617,97.265603802632,97.45761581359105,168904700
2011-06-28,99.54668426513672,99.56204850389334,98.51750293857029,98.65574592893876,165556300
2011-06-29,100.39920043945312,100.56048390022487,99.5620312244576,99.99981233745922,244295500
2011-06-30,101.35926055908203,101.52054402057756,100.3915246316737,100.72177953248347,223322700
2011-07-01,102.85698699951172,102.99524173397303,101.21336474436241,101.45145774981432,202385700
2011-07-05,102.7724838256836,102.97986003247418,102.44990512594296,102.74944332709359,165936000
2011-07-06,102.8953857421875,103.02595248854645,102.23486403035395,102.52672600426325,143331600
2011-07-07,103.96298217773438,104.22411569618322,103.59432240348409,103.809374915087,170464200
2011-07-08,103.22563934326172,103.96297052862688,102.44991513614887,102.78785810779617,194100500
2011-07-11,101.35926055908203,102.28859175583197,101.1211676362697,101.9583368550222,195918600
2011-07-12,100.92146301269531,101.98137258809315,100.89074626128976,101.14420340842742,214675700
2011-07-13,101.25941467285156,102.31932434033317,101.01364548182151,101.45142661438206,204062600
2011-07-14,100.56050109863281,101.98139433327722,100.36848913284196,101.51288466796834,226111800
2011-07-15,101.14424133300781,101.2824843453845,100.43763859095735,101.12120083094504,220012800
2011-07-18,100.3147201538086,100.82931075565556,99.56203661732128,100.67570354486942,196872100
2011-07-19,101.9429931640625,102.0658836391449,100.85236656653797,100.87540706568082,166554900
2011-07-20,101.88152313232422,102.26554698388892,101.70487544205827,102.20411348077911,137145400
2011-07-21,103.29476165771484,103.54821885968614,101.89690891705132,102.4575805774531,245246300
2011-07-22,103.36388397216797,103.47141020541888,102.73407909206938,103.31780297498621,126019400
2011-07-25,102.78784942626953,103.29476384092617,102.27325875180803,102.38078498647938,136653800
2011-07-26,102.40384674072266,102.88772075691884,102.17342998446337,102.71874925029424,131278200
2011-07-27,100.30706024169922,101.86619653824819,100.17648178579829,101.8354680593959,249020100
2011-07-28,100.01519012451172,101.20566661400575,99.85389492240792,100.30705205237578,207939900
2011-07-29,99.33161926269531,100.26863847741095,98.2870738292162,99.00904060640485,307038400
2011-08-01,98.90919494628906,100.58354524780138,97.94913519434925,100.49137154236918,325790900
2011-08-02,96.38229370117188,98.69411866629987,96.38229370117188,98.16416393608831,346653800
2011-08-03,96.90460968017578,97.0121359257669,94.87696353511343,96.5129094396971,370830800
2011-08-04,92.36543273925781,95.7141217128565,92.21181965897263,95.56050863257133,520721800
2011-08-05,92.22718811035156,93.75560170564188,89.75407307230243,93.51750874499719,655619200
2011-08-08,86.22106170654297,92.2579188661944,86.03672598551834,89.79248572996129,702263900
2011-08-09,90.23025512695312,90.35313972380915,84.69262551621236,87.61120940322134,717828700
2011-08-10,86.24411010742188,89.3086199683683,85.98297074191808,88.52521359133928,662607400
2011-08-11,90.11506652832031,91.33625994460539,86.26714469445275,86.98911163574779,487979700
2011-08-12,90.7218246459961,91.55899408666268,90.07666133030027,90.93687713131446,313731600
2011-08-15,92.64191436767578,92.73407634013385,91.39767500184219,91.54360593788593,258810600
2011-08-16,91.85084533691406,92.69570271276184,90.86774496473531,91.75868333936008,294095200
2011-08-17,91.91228485107422,93.08739712462837,91.1826417370899,92.35775401064404,238201100
2011-08-18,87.94917297363281,91.94301999600236,87.08895715446883,89.47758676345713,512956300
2011-08-19,86.51290130615234,89.00137446790022,86.40537508593567,86.75867636089609,428281300
2011-08-22,86.58203125,88.50215075394117,86.33625618788513,88.45606390122357,275090600
2011-08-23,89.43147277832031,89.53131686614705,86.4668082964326,86.90459523496324,331136600
2011-08-24,90.69109344482422,90.81397805634806,89.032107241201,89.239483446524,246869700
2011-08-25,89.30858612060547,91.70489706758543,88.9936896088991,91.19030651202935,312365400
2011-08-26,90.60659790039062,91.02134440639,87.44223892484328,88.85544989266407,314495900
2011-08-29,93.21028900146484,93.26405211741545,90.67572871295884,91.82780050596335,190977200
2011-08-30,93.45606231689453,94.03209820251155,91.5973879323079,92.80322281847658,241315700
2011-08-31,93.8708267211914,94.861609336166,93.16422397337332,94.05515659893935,301828400
2011-09-01,92.8876953125,94.7770920448858,92.76480486174033,93.92455858689306,254585900
2011-09-02,90.51445770263672,92.83396599725477,90.19187894158112,90.95224483828112,255517200
2011-09-06,89.85392761230469,89.98450021660106,87.84932200333895,87.8570041235307,285130500
2011-09-07,92.38848114013672,92.42688001868812,90.9061484820764,91.21336880918939,209803200
2011-09-08,91.42840576171875,92.8876976730084,91.22102958572667,91.83547013566105,250568200
2011-09-09,89.03211212158203,91.44378208480475,88.54056192906151,90.38387808088372,380195100
2011-09-12,89.60816192626953,89.67728929578243,87.59587984525837,87.91845861034149,305793500
2011-09-13,90.42996978759766,90.76791278237225,89.2625394070673,89.90002065275893,272514700
2011-09-14,91.68190002441406,92.78020899649593,89.64657147142775,90.8908055918653,319389500
2011-09-15,93.2640380859375,93.29476069896425,91.70490209820021,92.66496178126398,326777200
2011-09-16,93.81603240966797,94.16344555323535,92.88960914026595,93.6384707965594,284528300
2011-09-19,92.88191223144531,93.36056772026485,91.65440077519786,92.27973635554602,241517000
2011-09-20,92.7738037109375,94.17888232468772,92.65028335843864,93.27561876371732,218932200
2011-09-21,90.0408706665039,93.10579714234429,89.8941905782031,92.82015294035112,316251300
2011-09-22,87.13031768798828,88.17254518481927,85.92596643743288,87.43140550062712,513911300
2011-09-23,87.65531158447266,88.1339669790178,86.4818357430252,86.5513207327434,307242500
2011-09-26,89.73977661132812,89.8633028773172,87.22299078739447,88.48138369936129,260673700
2011-09-27,90.74341583251953,92.30289680864954,90.20299720074831,91.5077155358172,311753900
2011-09-28,88.89054870605469,91.47681936879226,88.75930647401823,90.92868484964926,286696800
2011-09-29,89.59307861328125,90.81286785063898,87.95639125662358,90.36509995112924,298108900
2011-09-30,87.3542251586914,89.12987089691201,87.29246203126041,88.35784947419278,288392300
2011-10-03,84.8683090209961,87.97183232146008,84.77566433663314,86.84468183362766,365136800
2011-10-04,86.72887420654297,86.91416356833801,82.93825250316374,83.64851071987863,459177500
2011-10-05,88.33472442626953,88.5663332999643,86.14218555287465,86.94508885427595,284108000
2011-10-06,89.93275451660156,90.06400260664253,87.63213447076117,88.288351360747,257800800
2011-10-07,89.33059692382812,90.51951060575522,88.82878182774665,90.45774747914852,312657900
2011-10-10,92.31832885742188,92.35692639691364,90.84376502151714,90.85148688543805,230666300
2011-10-11,92.41095733642578,92.67344766989329,91.67753937742863,91.77018406395642,209088000
2011-10-12,93.22157287597656,94.29468202214365,92.89732534045596,93.10576850184631,281544900
2011-10-13,93.03632354736328,93.3142517912285,91.96321400746153,92.67347245731384,212538800
2011-10-14,94.62666320800781,94.64982290770794,93.592157354363,94.1171321444374,211397600
2011-10-17,92.82012939453125,94.61121868885289,92.58852063377753,94.1788827281163,202311600
2011-10-18,94.6343765258789,95.34463473947466,92.02494064758417,92.75064258628939,318857900
2011-10-19,93.51496887207031,95.02041443892347,93.19072123246146,94.47999581618501,226601300
2011-10-20,93.92413330078125,94.26381873667698,92.50361075684611,93.74656577401825,262075600
2011-10-21,95.7074966430664,95.82330103439614,94.74246986541195,95.02811402196183,278999400
2011-10-24,96.8809585571289,97.12028918332425,95.7769677796901,95.86189060026659,203215600
2011-10-25,94.99724578857422,96.46408189344776,94.78879668984362,96.4177624893105,268596800
2011-10-26,95.9622802734375,96.32512545146292,94.34875218367792,96.00087781660262,289053800
2011-10-27,99.3051528930664,99.91504483962574,97.74566579435928,98.53312531970411,393220200
2011-10-28,99.28195190429688,99.47495724487278,98.6643324584317,98.81873437487022,225906500
2011-10-31,96.88868713378906,99.29739016779806,96.74972304413039,98.17024550398077,228146700
2011-11-01,94.18660736083984,95.35236128148877,93.81603451074648,94.20976705958525,416565800
2011-11-02,95.72294616699219,96.03947781593605,94.79652270335644,95.59942578720057,244717600
2011-11-03,97.46772766113281,97.66073306244198,95.42186922924408,96.71114389637559,291174800
2011-11-04,96.87325286865234,97.04309263778033,95.73838040960939,96.68024750868058,249401600
2011-11-07,97.47542572021484,97.57578638396411,95.88505759659996,96.80376496727632,196617200
2011-11-08,98.72611236572266,98.83420080012131,97.05082703836875,97.98497239449776,224426300
2011-11-09,95.08216094970703,97.1202970280588,94.85055216759869,96.41775470837123,337982000
2011-11-10,95.97769165039062,96.45634699611071,94.97406156390043,96.34054261843025,231866500
2011-11-11,97.78421783447266,98.03898037960356,97.1125572026341,97.14343876054039,189924400
2011-11-14,96.8578109741211,98.39413201935015,96.4409186818871,97.42138922752711,159258300
2011-11-15,97.33647155761719,97.85372454594271,96.28652185262581,96.63392916954736,184709400
2011-11-16,95.79241180419922,97.53717583772031,95.65344772373638,96.35598409881395,235782500
2011-11-17,94.2715072631836,95.85415304663593,93.59213074158409,95.6148224743242,331219600
2011-11-18,94.17118835449219,94.7656423380222,93.77745572692686,94.57263695647836,215580400
2011-11-21,92.38009643554688,92.91278727060369,91.60035306357986,92.79698286644118,229611600
2011-11-22,92.01724243164062,92.71977891825004,91.49998356165486,92.1793662362428,216494900
2011-11-23,89.98682403564453,92.01724434758358,89.98682403564453,91.15257814831182,224329100
2011-11-25,89.81696319580078,90.86691272830244,89.7088806754011,89.8478447573515,99557000
2011-11-28,92.418701171875,92.78155225113971,91.73160244775731,92.28745891896648,210686000
2011-11-29,92.68116760253906,93.41458554626018,92.34147631573487,92.68116760253906,199241500
2011-11-30,96.49496459960938,96.67253213432754,92.64257900519262,95.33693236204448,324439500
2011-12-01,96.47953033447266,96.99678333946096,96.0626380067031,96.38688563161605,176954800
2011-12-02,96.39459991455078,97.66071463705994,96.33283678417075,97.36734860283923,221109700
2011-12-05,97.4445571899414,98.18569714228236,96.84238134679293,97.92320676267134,225263900
2011-12-06,97.47542572021484,98.13164274638827,97.08941501187095,97.43682229335806,178842100
2011-12-07,97.8382797241211,98.24745014508481,96.47952033993185,97.15117522337941,237802500
2011-12-08,95.6920394897461,97.41364961114903,95.46043662963858,97.19748458569326,240862800
2011-12-09,97.31330108642578,97.56034770202331,96.03946458191587,96.12438740822026,209111400
2011-12-12,95.89277648925781,96.47951439697927,95.08215756088192,96.4640706706926,215826100
2011-12-13,94.99724578857422,96.94273733307314,94.53402818697576,96.39460278724188,245159800
2011-12-14,93.98587036132812,94.98177853399312,93.7774272042843,94.61892758464366,238618800
2011-12-15,94.32559204101562,95.11305142059308,94.17890606352243,94.98180917233965,199109200
2011-12-16,94.46541595458984,95.52202445220291,94.2401150480708,94.96264871294721,220481400
2011-12-19,93.45543670654297,95.03257878808775,93.25343643219668,94.83057851374146,183903000
2011-12-20,96.2834243774414,96.44657640616218,93.51759887213458,94.92381821068918,225418100
2011-12-21,96.46988677978516,96.61750306617186,95.36666486945484,96.28342815784224,194230900
2011-12-22,97.3244857788086,97.42548888176637,96.5164965196192,96.82725888357874,119465400
2011-12-23,98.19461822509766,98.2256956414109,97.43324227136215,97.63523658628155,92187200
2011-12-27,98.2723159790039,98.52870023675355,97.93824113850297,98.02370255775286,86075700
2011-12-28,96.982666015625,98.30342411736797,96.90497540859542,98.28788836692739,119107100
2011-12-29,97.98485565185547,98.08585281197203,97.00593775817569,97.30116432980111,123507200
2011-12-30,97.50316619873047,98.14800927824103,97.50316619873047,97.90716077332557,95599000
2012-01-03,99.0570297241211,99.74072125223192,99.00264570960438,99.25903003264592,193697900
2012-01-04,99.21237182617188,99.29783323350243,98.44322508760752,98.8239130391823,127186500
2012-01-05,99.47651672363281,99.62413295317948,98.22568493596472,98.67629853227845,173895000
2012-01-06,99.22014617919922,99.61637581565094,98.89384220913821,99.60083414427038,148050000
2012-01-09,99.46101379394531,99.58531162442847,98.98709349168249,99.44547211957588,99530200
2012-01-10,100.32337951660156,100.72736815743225,100.18352817568133,100.5253738370169,115282000
2012-01-11,100.37777709960938,100.50985170264957,99.84947868744857,100.01262478627625,111540700
2012-01-12,100.61859893798828,100.76621518584538,99.86498788142897,100.66522395427658,118983700
2012-01-13,100.0980453491211,100.26120323615773,99.22790156444562,99.94266422397476,179836200
2012-01-17,100.48653411865234,101.24792201259545,100.14468842828173,101.06145749380507,132209200
2012-01-18,101.5975341796875,101.6519122559089,100.28454132815568,100.46322908548838,163395200
2012-01-19,102.13359832763672,102.21905974236108,101.62082983929055,101.94713382601383,126328900
2012-01-20,102.51426696777344,102.51426696777344,101.71404285046074,101.9626621534189,138230200
2012-01-23,102.2501449584961,102.7473718414185,101.76068298529196,102.17244844201721,129295800
2012-01-24,102.13359832763672,102.16466981716268,101.46544868201599,101.62082983929055,103083300
2012-01-25,102.9881820678711,103.22902459648489,101.58196328739429,101.97818694529242,198613200
2012-01-26,102.45993041992188,103.64083702299831,102.0559298163296,103.44660755942085,184880500
2012-01-27,102.41332244873047,102.5920102449491,101.89277702764906,101.96270864775744,135259100
2012-01-30,102.06368255615234,102.11807248978441,101.04592218514541,101.39553280692901,147311800
2012-01-31,102.02483367919922,102.69297149191719,101.52759499189186,102.56867367491316,157212000
2012-02-01,102.91828918457031,103.43882262360731,102.65414001040051,102.77843783335942,166234500
2012-02-02,103.0814208984375,103.34558189061765,102.71628053492537,103.12026914918356,113090400
2012-02-03,104.52649688720703,104.58865172266123,103.92827882375293,104.10696656641957,160598500
2012-02-06,104.45658874511719,104.5032019131796,103.97490353537363,104.09143645552963,107694500
2012-02-07,104.72074127197266,104.89944089500659,103.82729057610058,104.23905604687548,135528100
2012-02-08,105.03150177001953,105.05480835174833,104.34781042644694,104.77511751617982,139361400
2012-02-09,105.16358947753906,105.34227724470398,104.54205289260642,105.20243773687692,148602900
2012-02-10,104.38665008544922,104.47211149635866,103.98264961071168,104.23126893511075,167907500
2012-02-13,105.16358947753906,105.28789916549046,104.68190425525783,105.13251798296338,115841900
2012-02-14,105.03150177001953,105.0936566062373,104.30119726298933,104.8838855158552,165329500
2012-02-15,104.54204559326172,105.52873440839367,104.33227449134344,105.37335323671564,195195100
2012-02-16,105.69967651367188,105.79290286270115,104.36337685506564,104.54984140794988,186567800
2012-02-17,105.97933959960938,106.15026243118541,105.62972902768479,106.06480101539739,129869400
2012-02-21,106.02593231201172,106.4765458851793,105.69962838416352,106.22792659454053,134042300
2012-02-22,105.68412017822266,106.08812072602178,105.49765565120212,105.86280794068564,124455300
2012-02-23,106.15028381347656,106.22796848131784,105.27236289761301,105.62975030512271,137704300
2012-02-24,106.38331604003906,106.59308710106136,106.15025025537119,106.38331604003906,105539100
2012-02-27,106.5620346069336,106.84949036247045,105.50542606044542,105.67634890287904,145728900
2012-02-28,106.8728256225586,106.99713533310728,106.38336354653973,106.5931347012373,129355900
2012-02-29,106.45326232910156,107.36225457928161,106.08033331249732,107.02817381709315,185934700
2012-03-01,107.00489044189453,107.20689666673726,106.38335380091567,106.67858637271634,145023500
2012-03-02,106.67859649658203,107.0748322184071,106.43775384086764,106.9349808298728,120638300
2012-03-05,106.24345397949219,106.59306443698017,105.8783018547238,106.51537981021544,140765000
2012-03-06,104.68965911865234,105.21795745951111,104.38666169261317,105.1558144763233,202129900
2012-03-07,105.41996002197266,105.59088285692009,104.82949500858234,104.93049809873023,143692200
2012-03-08,106.46880340576172,106.68635128253064,105.84727868867596,106.0648147106208,116968900
2012-03-09,106.8805923461914,107.16027138640746,106.53874660171574,106.670821211204,122836800
2012-03-12,106.88837432861328,107.02821387105594,106.50768026058505,106.86506773820618,104003500
2012-03-13,108.81510162353516,108.86949155807781,107.28457265904893,107.46327228269666,184090500
2012-03-14,108.69855499267578,109.11808532197331,108.36447422718555,108.84617124802102,145163600
2012-03-15,109.32789611816406,109.37450929892287,108.58204966154129,108.86174060092142,165118500
2012-03-16,109.47924041748047,109.61969274104864,109.24514130475802,109.52605785866986,152893500
2012-03-19,109.90845489501953,110.24398793416302,109.33101182194139,109.40904885311762,125291100
2012-03-20,109.58850860595703,109.72116202005984,108.96424814028998,109.28418326612632,121729700
2012-03-21,109.40902709960938,109.752359010895,109.1827268982605,109.65092517866881,122388400
2012-03-22,108.62088775634766,108.89400538937565,108.26194608029648,108.60527797271789,135216700
2012-03-23,108.97205352783203,109.09690800970874,108.11370575518178,108.71455753078207,120521000
2012-03-26,110.50150299072266,110.50150299072266,109.71338131473428,109.75238792606419,120164000
2012-03-27,110.1581039428711,110.67311954786041,110.08787778949275,110.60289339448207,119868500
2012-03-28,109.61190795898438,110.27518687956146,108.96423882307818,110.10351496851273,148562100
2012-03-29,109.42467498779297,109.62756655852687,108.53510737387865,108.96428734260536,164963700
2012-03-30,109.87722778320312,110.06450950111264,109.28418686999065,109.96306374889768,135486800
2012-04-02,110.68095397949219,110.96968143615284,109.52607987318316,109.74456924716655,151741100
2012-04-03,110.22834777832031,110.71215580611975,109.58067869968595,110.52487412696101,155806700
2012-04-04,109.13587951660156,109.51043089412609,108.73010857866541,109.41679602643836,146896000
2012-04-05,109.081298828125,109.40123397466752,108.66772877304467,108.76137558836128,137439400
2012-04-09,107.85614013671875,109.12025834563977,107.55961387762967,107.70787700717422,127555900
2012-04-10,106.04583740234375,107.94982646624159,105.93659271376492,107.64550112614499,235360300
2012-04-11,106.90416717529297,107.32553602590814,106.70908657825775,107.13045542887292,154133000
2012-04-12,108.3009262084961,108.38676213731564,106.92756325415662,107.0056002464556,154321500
2012-04-13,107.01344299316406,108.32439117848084,106.91199724299922,108.0512735003962,169246700
2012-04-16,106.94320678710938,107.71571848353014,106.57645423974266,107.55965635644958,147825300
2012-04-17,108.5272445678711,108.74573389487276,107.45039580852338,107.55964047202421,147877600
2012-04-18,108.16049194335938,108.52724443611878,107.98102111927774,108.04344834217032,123884200
2012-04-19,107.46602630615234,108.58188187651965,106.95882139358132,108.17612270917387,198666700
2012-04-20,107.6455078125,108.33219555866481,107.58308057132331,107.94203423139459,143199600
2012-04-23,106.74031066894531,106.83395746654723,106.07704368097134,106.54523004187475,171844900
2012-04-24,107.14607238769531,107.41919000454924,106.7481122295251,106.83394817424129,137484200
2012-04-25,108.61307525634766,108.65989269461507,108.09805962185676,108.19169449839157,150252200
2012-04-26,109.3699951171875,109.494849564151,108.31655506944303,108.37898229292477,136291600
2012-04-27,109.54944610595703,109.86157026007152,109.08905881126753,109.69770924653206,130725000
2012-04-30,109.1436538696289,109.40897244627271,108.84713955314726,109.33093546959437,115092200
2012-05-01,109.82259368896484,110.54048896507082,108.9564352317587,109.08127778346406,138832200
2012-05-02,109.49488067626953,109.60412537170976,108.8238027166284,109.18274447016971,121081000
2012-05-03,108.6598892211914,109.59627367693118,108.45700969292633,109.51043774059319,143759700
2012-05-04,106.90416717529297,108.6989110493718,106.84173995542874,108.09026053916394,193927300
2012-05-07,106.98222351074219,107.3411652063614,106.48281756834996,106.52182416938652,127765900
2012-05-08,106.55303955078125,106.72471145299215,105.28111006806674,106.34234914229035,213377700
2012-05-09,105.92097473144531,106.59985145971199,104.94557165898136,105.4215688346148,220752500
2012-05-10,106.13946533203125,106.78713440867888,105.89756727226154,106.65446911128008,150600000
2012-05-11,105.81952667236328,106.8027286613247,105.42936545196622,105.47618289332978,153032400
2012-05-14,104.6490249633789,105.81950842270827,104.49296288348968,104.80508704326812,163910000
2012-05-15,104.0482177734375,105.19529300472333,103.88435668712727,104.57884335921105,207629300
2012-05-16,103.65026092529297,104.99241686039905,103.62685219790684,104.51641955891633,207265500
2012-05-17,102.11300659179688,103.79850611157781,102.0583782995297,103.67365164934732,247992900
2012-05-18,101.23906707763672,102.69046771416397,101.09080386585926,102.5109849279181,319615900
2012-05-21,102.97915649414062,103.01817499868349,101.40290178346055,101.56677473983025,177861100
2012-05-22,103.15864562988281,103.96237695760966,102.48756771571709,103.24448159239626,197531200
2012-05-23,103.21326446533203,103.36152765124322,101.43413004795153,102.41733215015331,204958400
2012-05-24,103.41613006591797,103.6580281126616,102.5499716976188,103.49416707115314,167357600
2012-05-25,103.08062744140625,103.66586943239051,102.83091847666581,103.37714195356203,135465600
2012-05-29,104.3291244506836,104.50859530654932,102.35490931582818,103.9077555050037,152883500
2012-05-30,102.81531524658203,104.32134425761812,102.60463668927268,103.4395757914657,162370400
2012-05-31,102.58898162841797,103.35369420737092,101.70721355139281,102.7762632812689,196186000
2012-06-01,100.00613403320312,102.61240831451583,100.00613403320312,100.98153715406355,253240900
2012-06-04,99.95934295654297,100.45874900988969,99.21022792313315,100.18563130129309,202545800
2012-06-05,100.71620178222656,100.86445301283543,99.70957937935661,99.7642017004889,164149400
2012-06-06,102.97915649414062,103.02597393688171,101.38729200028823,101.41851156663287,184202800
2012-06-07,103.04158782958984,104.19646178810737,102.83089742207623,104.14964434349909,184772700
2012-06-08,103.86093139648438,103.88434011936684,102.44853764417493,102.77628357808267,143915400
2012-06-11,102.54220581054688,104.75831935491587,102.44076005239887,104.69589211196164,169756100
2012-06-12,103.7204818725586,103.79070805117257,102.34711833917925,102.8387134962554,181931800
2012-06-13,103.05723571777344,104.06384686936497,102.70608093982264,103.41617753033631,172223900
2012-06-14,104.14965057373047,104.56322056821183,102.98696570037553,103.267882291606,230615500
2012-06-15,105.21480560302734,105.30892564914066,104.39907061028242,104.61869203019336,169444500
2012-06-18,105.41874694824219,105.67758906952386,104.54026118035597,104.77557328774576,131360900
2012-06-19,106.43840789794922,106.8698113650432,105.3952002296925,105.95210506329911,137382600
2012-06-20,106.265869140625,106.7521840473058,105.31679327937982,106.44628188158201,206451800
2012-06-21,103.88140106201172,106.50117977483353,103.79512035142314,106.39136904940003,205272200
2012-06-22,104.68144989013672,104.87754131195601,104.02257361678626,104.42260777711878,130029200
2012-06-25,103.0029067993164,103.61471107198247,102.6342539723932,103.57549039430481,146375700
2012-06-26,103.52059936523438,103.83435287975162,102.69701284627669,103.3009778893087,141634000
2012-06-27,104.4539566040039,104.65788733395605,103.51272035800194,103.86568245419414,108088000
2012-06-28,104.15592956542969,104.3128123005834,102.97154151324192,103.76374666449001,169242100
2012-06-29,106.7521743774414,106.885515107502,105.77171727246295,106.04623808077461,212250900
2012-07-02,107.07379913330078,107.1836098953637,106.29728444745417,107.05026911060696,129524500
2012-07-03,107.77970886230469,107.8581382622487,106.9404317004438,107.05024243514337,80450000
2012-07-05,107.29337310791016,108.08559008243078,106.90119027885088,107.379653809042,126177500
2012-07-06,106.27368927001953,106.49331065949893,105.77169581285688,106.25799860835154,151192100
2012-07-09,106.1403579711914,106.33644936977684,105.65404316414049,106.18741799189685,103780500
2012-07-10,105.21480560302734,106.85412690467311,104.85399214547667,106.68156550781885,167884800
2012-07-11,105.23051452636719,105.57563737996111,104.61871018353136,105.2697352085432,141733400
2012-07-12,104.72066497802734,105.28540926474186,104.006901255169,104.61870557103119,143583200
2012-07-13,106.47763061523438,106.58744132092384,104.97948944095941,104.99518010419199,129642600
2012-07-16,106.22664642333984,106.5403999004227,105.81093353861753,106.23449774056152,97525200
2012-07-17,106.95611572265625,107.17573717841037,105.53641560922003,106.65021355439359,138860300
2012-07-18,107.74827575683594,107.96005777502577,106.6423295917706,106.70506829419226,113349700
2012-07-19,108.03070831298828,108.38367056206476,107.62284667642022,107.96795760694549,129847300
2012-07-20,107.04237365722656,107.58358783247932,106.92472360541908,107.41886579147967,142904500
2012-07-23,105.9599609375,106.9717994061833,104.97950379957406,105.47365802699943,145210900
2012-07-24,105.05010986328125,106.0854785037112,104.34418540369556,106.03841846886851,173301200
2012-07-25,105.07364654541016,105.54425883855477,104.51674156811274,105.26973799300512,129122300
2012-07-26,106.80706024169922,107.0345329636247,106.0932846871274,106.58743883544157,156526500
2012-07-27,108.77584075927734,109.08175490358659,106.78355694175544,107.37183127747873,236768900
2012-07-30,108.77584075927734,109.29352504714713,108.45425988512065,108.65035133036176,106782000
2012-07-31,108.01499938964844,108.92485445150304,108.01499938964844,108.62680364178776,120575900
2012-08-01,107.9208755493164,108.81505198314966,107.77184414893236,108.79152196924386,138293800
2012-08-02,107.17574310302734,107.90520952519154,106.34431726478712,107.10515305301955,199556600
2012-08-03,109.3013916015625,109.5288524436229,107.20712414218804,108.68173584587532,157825000
2012-08-06,109.51313018798828,109.94453369692258,109.46607016309913,109.5915715417837,86326200
2012-08-07,110.06220245361328,110.5328146997346,109.83472969478768,109.95237976420027,109545100
2012-08-08,110.19550323486328,110.32099260724772,109.66212852047961,109.69350983992568,89754700
2012-08-09,110.28964233398438,110.50926373423015,109.92882890874135,110.03863960886424,90291700
2012-08-10,110.47005462646484,110.5092753024291,109.66215896917487,109.84255971644653,99792700
2012-08-13,110.4151840209961,110.47008340687286,109.84258833337532,110.28184326275473,79426900
2012-08-14,110.43085479736328,110.893639711553,110.10142260032,110.8230376941013,102379400
2012-08-15,110.55631256103516,110.74456458581777,110.2425711548649,110.3131611759831,71085900
2012-08-16,111.37210845947266,111.50544921429501,110.43871120724341,110.71323206653436,112014200
2012-08-17,111.52110290527344,111.61523492228305,111.27011211967796,111.56032358165494,90813700
2012-08-20,111.52899932861328,111.5525293502647,111.05837495863528,111.36427720857851,78255700
2012-08-21,111.1916732788086,112.23488105807893,110.94852183560843,111.80347754507686,105581100
2012-08-22,111.23873138427734,111.41913211502022,110.6504572041225,110.90928731113806,133243500
2012-08-23,110.3288803100586,110.97205394923546,110.15631890159078,110.96421460102167,111466400
2012-08-24,110.9955825805664,111.24658534192962,109.98375612393819,110.05434616239519,99481200
2012-08-27,111.0191650390625,111.44272940683798,110.86229422333962,111.29369794293461,68785900
2012-08-28,110.90931701660156,111.25443987635028,110.57204547451117,110.73675558672721,75689600
2012-08-29,110.9955825805664,111.29364536756762,110.689680445449,111.00343389715302,65421300
2012-08-30,110.19550323486328,110.54846528359857,109.96019121288421,110.5170839641525,96589900
2012-08-31,110.72109985351562,111.23878425051393,110.09360470277294,110.82305928797321,151970400
2012-09-04,110.61908721923828,110.95637067404166,109.91316291807037,110.62692656712856,120226200
2012-09-05,110.5250015258789,110.96424451366903,110.30538003198384,110.6661816426084,100660300
2012-09-06,112.76830291748047,112.77614226881171,111.18388024987182,111.19171960120306,158272500
2012-09-07,113.20751953125,113.25457956520108,112.85455730814436,112.95651672554753,107272100
2012-09-10,112.5643310546875,113.29379746843941,112.52512233967246,113.09770601947534,86458500
2012-09-11,112.87810516357422,113.23890679319939,112.60357229751098,112.63495363741934,88760000
2012-09-12,113.2545394897461,113.3800408481883,112.87019606769245,113.2545394897461,87640900
2012-09-13,114.98017883300781,115.33314104649973,112.9408349503477,113.23888581341065,225470200
2012-09-14,115.48997497558594,116.17236909786497,115.1134709363925,115.20760293042443,169777000
2012-09-17,115.09782409667969,115.45078625869375,114.80760065675976,115.2546948388559,119427800
2012-09-18,115.00367736816406,115.15270874313569,114.71346593383126,114.90171798144841,98326600
2012-09-19,115.06642150878906,115.43507426745376,114.83896076992723,115.13701153445636,128318300
2012-09-20,115.07430267333984,115.13704140011701,114.227186240192,114.5409277479632,154009800
2012-09-21,115.02621459960938,115.6570593640718,114.97890334793824,115.63340373823623,108737500
2012-09-24,114.85271453857422,115.1129384155918,114.37169683239527,114.45843812473447,95682000
2012-09-25,113.63046264648438,115.31796514758949,113.5989137965418,115.0971713274345,133165200
2012-09-26,112.9917221069336,113.63834115951988,112.72361705055607,113.60680434268274,146502200
2012-09-27,114.0562515258789,114.31647533675834,113.16518320671824,113.46483705543241,111830300
2012-09-28,113.52791595458984,113.9931590892265,113.12575847026353,113.62253841387663,150696100
2012-10-01,113.82759857177734,114.88425640889365,113.55948148206382,113.96165110045385,135911200
2012-10-02,113.94585418701172,114.45840857975398,113.41752537272654,114.277044845264,113422200
2012-10-03,114.41114044189453,114.67924554731852,113.65413637571359,114.25343226413706,121283100
2012-10-04,115.23121643066406,115.39680576892559,114.68711311165623,114.84482125412053,124311600
2012-10-05,115.23912811279297,116.04345549421247,114.8921628881664,115.84631725588947,124842100
2012-10-08,114.84483337402344,115.22333536235416,114.58460949693318,114.81329655514641,78415400
2012-10-09,113.70928192138672,114.8526807789609,113.6698518851205,114.75805831780815,148872900
2012-10-10,112.98384857177734,113.80395025347687,112.83402160883062,113.69354130615925,124247500
2012-10-11,113.04691314697266,113.93798152936031,113.02325752906494,113.77238017164721,123601500
2012-10-12,112.67630004882812,113.51216402442687,112.43185062566545,113.12578088421228,124181900
2012-10-15,113.61468505859375,113.73296316168377,112.58168285040612,112.94441038812248,107689100
2012-10-16,114.76599884033203,114.84485895363117,114.07208037922818,114.15092846016339,108815500
2012-10-17,115.28640747070312,115.38104198092438,114.67133729988427,114.84481986420342,128834100
2012-10-18,114.9867935180664,115.53877816014531,114.6003982524298,114.9867935180664,148108500
2012-10-19,113.07058715820312,114.7817453152523,112.8024820900633,114.77386411878736,185645200
2012-10-22,113.08637237548828,113.2913917943909,112.19530376311351,112.88134092422348,125578600
2012-10-23,111.51709747314453,112.02177061161336,111.05185436769104,111.86406251190874,192056300
2012-10-24,111.20170593261719,112.0533442987003,111.02822337476547,111.9192797502481,120179400
2012-10-25,111.52499389648438,112.19526845220659,110.84685017838393,111.99024909782912,134457400
2012-10-26,111.46196746826172,111.84835072404789,110.70495132047313,111.4225374131667,146023500
2012-10-31,111.46196746826172,111.99817771399088,110.93362638824269,111.85624395448498,103438500
2012-11-01,112.62894439697266,112.77087805805606,111.59594264457091,111.69844627790164,100995600
2012-11-02,111.62753295898438,113.33080990262687,111.5092548513818,113.29926105235891,137702200
2012-11-05,111.85620880126953,112.1085394163231,111.13072970613625,111.46193243895607,98378500
2012-11-06,112.73150634765625,113.17309396213949,112.07700612177572,112.19528422124085,107068100
2012-11-07,110.17658996582031,111.72214660048957,109.65614226884885,111.70638420896432,264304500
2012-11-08,108.85182189941406,110.72070019478471,108.76508061117018,110.16082241932685,181517300
2012-11-09,108.94647216796875,109.95581892308863,108.46545441495361,108.52064686143736,201055300
2012-11-12,109.0332260131836,109.459039336343,108.7887765098547,109.28555671481335,97677500
2012-11-13,108.65467834472656,109.80597065625864,108.31560643708389,108.45754015683382,123018300
2012-11-14,107.18799591064453,109.15937827079644,106.9435464231638,108.98590769287706,191505000
2012-11-15,107.00664520263672,107.62960884283305,106.59659425246385,107.22743909141492,178128400
2012-11-16,107.53491973876953,107.74783232077309,106.21803827296685,107.16429903513159,239483900
2012-11-19,109.71137237548828,109.72713477069713,107.56650745553306,108.74144361381929,151495800
2012-11-20,109.7586669921875,109.94003076850622,108.88337289623409,109.53787316909663,119807400
2012-11-21,109.96366119384766,110.05829569088914,109.63247053509791,109.85326430759774,81710800
2012-11-23,111.46196746826172,111.50138549099326,110.42895296717145,110.49993187928787,65409200
2012-11-26,111.2253646850586,111.46981410554827,110.54720885771965,110.90993637445924,100124400
2012-11-27,110.65757751464844,111.49344126776548,110.58661067501171,111.11493942401292,128646200
2012-11-28,111.54869842529297,111.61177206875587,109.60885299884377,110.20814887064024,177086500
2012-11-29,112.06910705566406,112.37664213061333,111.47769252442627,111.96660338558728,151085900
2012-11-30,112.09281158447266,112.30572427768041,111.70642828951434,112.08493038560003,136568300
2012-12-03,111.54080200195312,112.6999756932829,111.45406070422227,112.6053531984354,124656300
2012-12-04,111.383056640625,111.87195541056911,111.08340279718416,111.53288356234542,127512200
2012-12-05,111.58021545410156,112.10066316306735,110.68914698563226,111.4776997450252,147300500
2012-12-06,111.958740234375,112.0060514844062,111.31213309667747,111.47772247178668,103220600
2012-12-07,112.29780578613281,112.51859960489037,111.71427238949602,112.39242827064014,108726400
2012-12-10,112.34512329101562,112.61322836697225,112.09278060844844,112.14010388570081,98840700
2012-12-11,113.11003112792969,113.63836013277627,112.75518472555362,112.81037717232378,152570400
2012-12-12,113.16521453857422,113.98531623610741,113.00750637592908,113.55160976456212,145880100
2012-12-13,112.47126007080078,113.41752077492684,112.18738065632719,113.09421132437349,135715000
2012-12-14,112.0533447265625,112.43184665770268,111.87986216804836,112.22682728507664,137701700
2012-12-17,113.37023162841797,113.43331729196277,112.31356180449252,112.34511065244493,143238200
2012-12-18,114.63189697265625,114.73441266938232,113.38598231903008,113.55158367279076,177762800
2012-12-19,113.7802734375,114.79751324488468,113.74085542504476,114.7580832000691,150895400
2012-12-20,114.4347915649414,114.45056599180538,113.5358417514906,113.85127012695891,168487000
2012-12-21,113.39605712890625,114.42844894385284,112.72104056668458,112.9036906814385,245883800
2012-12-24,113.04658508300781,113.21334880534957,112.91951893037916,113.14981572903524,53874600
2012-12-26,112.5701675415039,113.33255284394481,112.25251406748046,113.2769568212539,106947700
2012-12-27,112.41924285888672,112.83220194055983,111.11684463302491,112.60189294363272,167920600
2012-12-28,111.20417785644531,112.30803946248903,111.07711168595326,111.68860702846145,148806700
2012-12-31,113.09428405761719,113.21340105712349,110.81507781955597,110.91038353686187,243935200
2013-01-02,115.99292755126953,116.0643977612881,114.9367122383075,115.23849150421168,192059000
2013-01-03,115.7308349609375,116.23908766051886,115.42111866146915,115.93732057238319,144761800
2013-01-04,116.23906707763672,116.42966635036719,115.68316767929541,115.92141374078399,116817700
2013-01-07,115.92139434814453,116.03257420921337,115.49254908566756,115.82610078657011,110002500
2013-01-08,115.58792114257812,115.87381410917463,115.13525222975743,115.71498737611057,121265100
2013-01-09,115.8817367553711,116.19940229959256,115.6593769332668,115.84202704763072,90745600
2013-01-10,116.80290985107422,116.81084694290472,115.92140794999008,116.52495410693966,130735400
2013-01-11,116.79503631591797,116.85855732052332,116.429723892065,116.77120079206091,113917300
2013-01-14,116.71556091308594,116.79498030731341,116.28671557257479,116.65202782124362,89567200
2013-01-15,116.79503631591797,116.90621625053339,116.10412118436841,116.17559140282745,93172600
2013-01-16,116.77909851074219,116.96174858327485,116.42967255097622,116.55673873956361,104849500
2013-01-17,117.53353118896484,117.86707083686377,116.85850268302994,117.2952851211232,133833500
2013-01-18,117.79560852050781,117.92267471420443,117.08087026923877,117.50971564354003,169906000
2013-01-22,118.43091583251953,118.43091583251953,117.51764128671743,117.79559704363504,111797300
2013-01-23,118.62152862548828,118.72477143483495,118.2165187174139,118.43094143001828,104596100
2013-01-24,118.65327453613281,119.23299732140079,118.33560908566564,118.44678896390468,146426400
2013-01-25,119.32034301757812,119.32034301757812,118.62149120743283,119.0265131054474,147211600
2013-01-28,119.17743682861328,119.38391032366205,118.73270511068469,119.35213771353129,113357700
2013-01-29,119.64598846435547,119.79687807911796,118.85977989581987,118.93919930917943,105694400
2013-01-30,119.17743682861328,119.86833962770365,119.06624481085592,119.63009352252412,137447700
2013-01-31,118.88358306884766,119.42360832886764,118.80417578669999,119.03447265793704,108975800
2013-02-01,120.1065673828125,120.2495077534614,119.43153887421914,119.63801233772259,131173000
2013-02-04,118.75656127929688,120.13044228060613,118.66920475388243,119.3760061707743,159073600
2013-02-05,119.95567321777344,120.297149946406,119.35211491757009,119.39977382366348,113912400
2013-02-06,120.04303741455078,120.12244469441201,119.44742828594713,119.53478477618361,138762800
2013-02-07,119.88420104980469,120.1939172869438,119.01063621802885,120.08273740996304,162490000
2013-02-08,120.55126953125,120.62273970626823,120.0906637627491,120.0906637627491,103133700
2013-02-11,120.52745056152344,120.63068122332713,120.22567143233465,120.50362716897665,73775000
2013-02-12,120.72602081298828,120.94838061766518,120.40041819981835,120.53542150139357,65392700
2013-02-13,120.82920837402344,121.194520561424,120.48773169505212,120.972160836118,82322600
2013-02-14,120.94042205810547,121.0833745601772,120.32893870135848,120.4639419924987,80834300
2013-02-15,120.79741668701172,121.17860295796605,120.35269735128281,121.05153682841691,215226500
2013-02-19,121.70282745361328,121.72665085498743,120.83721155648198,121.00397536610095,95105400
2013-02-20,120.18595886230469,121.65513266191098,120.1224257778015,121.61542296938438,160574800
2013-02-21,119.45535278320312,120.24949820427297,119.07416637404488,119.88419809649142,183257000
2013-02-22,120.62274932861328,120.62274932861328,119.51095056953888,120.03507734584673,106356600
2013-02-25,118.32766723632812,121.39306903333285,118.32766723632812,121.21041898021862,245824800
2013-02-26,119.13771057128906,119.28065094391586,118.11325609666935,118.89946449921248,186596200
2013-02-27,120.63868713378906,120.97222690390754,118.93126645335292,119.0345092813787,150781900
2013-02-28,120.40038299560547,121.40100182407772,120.24155634123326,120.63067982679064,126866000
2013-03-01,120.79741668701172,120.98006667468043,119.4473723842081,119.98738525825232,170634800
2013-03-04,121.44075775146484,121.44075775146484,120.32895862988327,120.51954584061063,99010200
2013-03-05,122.52871704101562,122.85431963928143,122.01252725757955,122.02841356224373,121431900
2013-03-06,122.69554138183594,123.02908120525423,122.42553468445516,122.96554807921673,94469900
2013-03-07,122.91781616210938,123.07664280838729,122.71134273371771,122.85428308005893,86101400
2013-03-08,123.44197845458984,123.60874222367286,122.82254593402703,123.45786475754493,123477800
2013-03-11,123.9105224609375,123.91845955363422,123.19579635187192,123.34668593700103,83746800
2013-03-12,123.63258361816406,123.96613544028719,123.25934632712233,123.8231829282772,105755800
2013-03-13,123.80733489990234,123.98204795876279,123.27525862708343,123.69615496405517,92550900
2013-03-14,124.46642303466797,124.52201903715165,123.8152300142951,124.13288337286251,126329900
2013-03-15,124.30207824707031,124.46958369514594,123.88728256584886,124.31803520408434,138601100
2013-03-18,123.6161117553711,124.15055434345808,123.00189653018641,123.11357091916585,126704300
2013-03-19,123.32892608642578,124.04683101042541,122.51529158005769,123.87932554156909,167567300
2013-03-20,124.19044494628906,124.39783676966384,123.84743720085069,124.05484119582141,113759300
2013-03-21,123.12956237792969,124.15058912654281,122.92217050360478,123.44862867252169,128605000
2013-03-22,124.1186752319336,124.1186752319336,123.4246872430616,123.52041685935987,111163600
2013-03-25,123.60011291503906,124.65305294430937,123.12151376940008,124.44564902676687,151322300
2013-03-26,124.58927917480469,124.62118092660208,123.97506395124442,124.11066769667542,86856600
2013-03-27,124.58927917480469,124.62916549324804,123.64004078519213,123.84743260086388,99950600
2013-03-28,124.97210693359375,125.11569518348801,124.23824524410702,124.50945261751924,102932800
2013-04-01,124.47757720947266,125.16358035129716,124.17445586237098,124.90831770708674,99194100
2013-04-02,125.0918197631836,125.40291357187594,124.73285506949624,124.92430209468979,101504300
2013-04-03,123.82345581054688,125.25927752331293,123.49641733642055,125.16356013299215,154167400
2013-04-04,124.32600402832031,124.57328208277667,123.71178900262471,123.98299640611934,131885000
2013-04-05,123.76763153076172,123.9191921881662,122.65886040272903,122.80243649610708,159666000
2013-04-08,124.60527038574219,124.61324278298397,123.4406552937036,123.8554512106542,86571200
2013-04-09,125.0360107421875,125.49069298725378,124.42179535154662,124.83659126731958,101922200
2013-04-10,126.5675048828125,126.72703797044913,125.3390867192566,125.37098846814617,135711100
2013-04-11,126.98222351074219,127.39701902389936,126.46372607639897,126.59135733761455,110142500
2013-04-12,126.67124938964844,126.862684290438,125.96928896249078,126.57551976765518,116359900
2013-04-15,123.73576354980469,126.13678126747936,123.71981875901592,126.03307926937232,217259000
2013-04-16,125.56241607666016,125.62623173617406,124.36589984685763,124.66900901505802,147507800
2013-04-17,123.7278060913086,124.69300160077563,123.06573204576628,124.66906006851013,226834800
2013-04-18,122.9540023803711,123.96705615588402,122.48337560328103,123.93514224160454,167583200
2013-04-19,124.02291870117188,124.07876197952702,122.93807660079806,123.2411980053657,149687600
2013-04-22,124.57333374023438,124.86847061515317,123.44063278688493,124.26223990214261,106553500
2013-04-23,125.85757446289062,125.97722123777854,124.5733130021838,125.19550057479012,166141300
2013-04-24,125.93734741210938,126.27237055423669,125.66612776902043,125.8974610965144,96781200
2013-04-25,126.4478530883789,127.04611127195354,126.11282996616839,126.30426479509217,131060600
2013-04-26,126.22449493408203,126.51165932766233,125.81767160974736,126.29628298957886,95918800
2013-04-29,127.07006072998047,127.34924062352944,126.36810045528209,126.56751988135814,88572800
2013-04-30,127.37318420410156,127.40509813193107,126.51967529441852,127.04614555923078,116010700
2013-05-01,126.2564468383789,127.15782668747066,126.11287067034544,127.09401100003429,138874200
2013-05-02,127.42894744873047,127.54062178279223,126.45578017836826,126.575426903581,96407600
2013-05-03,128.72122192382812,129.1280452628055,127.45291754469578,128.53775949597969,144202300
2013-05-06,129.0482635498047,129.23172596473077,128.76109916611523,128.81694243286245,66882100
2013-05-07,129.70242309570312,129.74229725086843,128.96057636701846,129.32751353300407,90359200
2013-05-08,130.29266357421875,130.33254989077582,129.48701353478344,129.55880160162923,97419200
2013-05-09,129.92575073242188,130.57984013260474,129.59869994653243,130.23684455588852,106738600
2013-05-10,130.34852600097656,130.46020040078528,129.63060871226605,130.01350280155035,103203000
2013-05-13,130.45217895507812,130.667555297965,129.87786232670194,130.18097151386846,81843200
2013-05-14,131.8002471923828,131.89597676708692,130.55587226556133,130.55587226556133,119000900
2013-05-15,132.51022338867188,132.77345850567798,131.54504013124594,131.58492645290076,120718500
2013-05-16,131.8880157470703,132.70165033354684,131.68859634059237,132.23899584992665,109913600
2013-05-17,133.16427612304688,133.24403656549455,132.19908104817137,132.37457106178508,129801000
2013-05-20,133.1562957763672,133.67479344086442,132.9010453122208,133.03664902310987,85071200
2013-05-21,133.34774780273438,133.85028852862987,132.81330533195967,133.27595974806155,95804200
2013-05-22,132.358642578125,134.86336200732845,131.75241196442164,133.4833709514435,244031800
2013-05-23,131.9757537841797,132.34269082817005,130.7712650146091,130.94675505674442,211064400
2013-05-24,131.8640899658203,131.91993324351304,130.80317723401328,131.19404366307742,151573900
2013-05-28,132.65379333496094,133.83435282849558,132.2629269114471,133.24406699593087,143679800
2013-05-29,131.79232788085938,132.2549824682283,131.09036751773445,131.95186100749757,160363400
2013-05-30,132.27883911132812,132.88506952793068,131.79225543103178,131.8959573835576,107793800
2013-05-31,130.38040161132812,132.66176003988997,130.1251511079196,131.9119411465621,176850100
2013-06-03,131.09832763671875,131.18607266574557,129.75025045057745,130.68353184753795,168390700
2013-06-04,130.4681396484375,131.69656990582166,129.80606581364358,131.17009979551418,157631500
2013-06-05,128.64144897460938,130.35645066620137,128.5297746156907,130.0932156405519,211737800
2013-06-06,129.80606079101562,129.81404535611938,127.82782392859114,128.5856151462673,200225500
2013-06-07,131.45730590820312,131.57695271141537,130.1331578185328,130.69951442079818,188337800
2013-06-10,131.45730590820312,131.93590529264955,131.1142981196656,131.8641172107222,105667100
2013-06-11,130.10121154785156,131.24985698047632,129.81404714679704,130.26074462141668,159505400
2013-06-12,129.0244140625,131.13028345585238,128.90476723340046,130.9946796590062,177361500
2013-06-13,130.98667907714844,131.21800028750192,128.66543371926818,128.95259821891932,163587800
2013-06-14,130.16502380371094,131.35356779924052,129.94965961711506,130.8430546265045,141197500
2013-06-17,131.170166015625,131.79235385224226,130.1969979282801,131.05050701836797,136295600
2013-06-18,132.2070770263672,132.40649640709088,131.233909474708,131.24188186816346,114695600
2013-06-19,130.38040161132812,132.32673690764452,130.32457050841768,132.0954157585682,206149500
2013-06-20,127.1498031616211,130.396356799991,126.8147800339269,129.11209539136615,321255900
2013-06-21,127.5579833984375,128.11128301202228,126.27494107372283,128.01505912026812,271956800
2013-06-24,125.9461441040039,127.04474085131831,124.87961790461242,126.22681340131632,222329000
2013-06-25,127.15704345703125,128.3839471101948,126.23485289526822,127.08486329696332,162262200
2013-06-26,128.41600036621094,128.7046842595976,127.7023113292269,128.1994843871715,134848000
2013-06-27,129.16978454589844,129.76319371543048,129.06553384741375,129.1858259385878,129483700
2013-06-28,128.64056396484375,129.4264211180211,128.1915027344567,128.8089680442393,160402900
2013-07-01,129.3943328857422,130.29245522384082,129.16980230121752,129.31413814726946,131954800
2013-07-02,129.27401733398438,130.14808345649593,128.70466421436927,129.20183719488122,154863700
2013-07-03,129.3302001953125,129.72313489897923,128.480189670157,128.68867889308154,75216400
2013-07-05,130.72549438476562,130.77360633608137,129.34622801238214,130.2844477710384,122416900
2013-07-08,131.47125244140625,131.82408972793098,130.77360468414122,131.39908451534427,108092500
2013-07-09,132.41748046875,132.57785769399422,131.72784738780172,132.29718837281837,119298000
2013-07-10,132.46560668945312,132.91466786293452,132.0165455159717,132.28918805187124,121410100
2013-07-11,134.2698974609375,134.4062187484436,132.45759887597197,134.0052694666018,135592200
2013-07-12,134.32598876953125,134.66278460963062,134.0212757157258,134.2297648826451,104212700
2013-07-15,134.83917236328125,135.03163232899976,134.4622792445794,134.69483656598865,69450600
2013-07-16,134.33399963378906,135.0075912340081,133.97314786481434,134.9273965137931,88702100
2013-07-17,134.6788787841797,135.1038840991526,134.50246009841706,134.8472828882268,92873900
2013-07-18,135.4165802001953,135.73734690489206,134.87930973532673,134.96751904961852,103620100
2013-07-19,135.65716552734375,135.705277478786,134.96753233933856,135.13593640538627,103831700
2013-07-22,135.92178344726562,136.11424347480545,135.52884881287142,135.8496155254378,79428600
2013-07-23,135.63308715820312,136.18639898043526,135.5609192429549,136.16234300868584,80829700
2013-07-24,135.1359405517578,136.2104816202709,134.86328575855282,136.1543428511992,112914000
2013-07-25,135.4646453857422,135.58493744697924,134.67077406715197,134.89530456493452,111088600
2013-07-26,135.6090087890625,135.64910614735493,134.33399355293585,134.8953198610423,107814600
2013-07-29,135.19203186035156,135.56892504134643,134.80712410129192,135.2641997709258,79695000
2013-07-30,135.19203186035156,135.74534364674818,134.87127743380137,135.60100782559968,85209600
2013-07-31,135.2882843017578,136.20244798733077,135.11186567506843,135.47271750747908,142388700
2013-08-01,136.85194396972656,136.97222380024925,136.24249353242502,136.3146736667336,110438400
2013-08-02,137.0845184326172,137.10055982545634,136.36281482282297,136.5472480144819,91116700
2013-08-05,136.88404846191406,137.09254986785828,136.60339137575545,136.77980999493994,54072700
2013-08-06,136.10621643066406,136.91614167203338,135.801503349237,136.61943093390846,87495000
2013-08-07,135.6651611328125,135.8656357264496,135.1599734773258,135.6731879475968,84854700
2013-08-08,136.16232299804688,136.4670360074242,135.46466321184968,136.3066588073315,102181300
2013-08-09,135.76943969726562,136.402946395315,135.29632249583676,135.9859557289028,91757700
2013-08-12,135.6090087890625,135.7693859862364,135.02362651317975,135.08777983924847,68593300
2013-08-13,136.01002502441406,136.2425702396838,135.04774913046728,135.8496477480899,80806000
2013-08-14,135.3123779296875,136.1623885115515,135.28029513263493,135.94587245745348,79829200
2013-08-15,133.41986083984375,134.26184437819077,133.18730344971087,134.24581521997368,152931800
2013-08-16,132.97879028320312,133.62031134013472,132.71416238836898,133.16322345742216,130868200
2013-08-19,132.12879943847656,133.28353506291015,132.12077262364136,132.82644711323925,96437600
2013-08-20,132.77833557128906,133.27550865265232,132.20096775731957,132.34530359281283,89294400
2013-08-21,131.9604034423828,133.13919511121296,131.66370493934357,132.409464604604,159530500
2013-08-22,133.16323852539062,133.35569853504668,132.2250189208133,132.23303349938314,101471400
2013-08-23,133.6122589111328,133.78066289774057,132.93065286056353,133.55613240625962,90888900
2013-08-26,133.1151123046875,134.15758249885124,133.02690300588912,133.74860655169667,89702100
2013-08-27,130.97409057617188,133.11515821896404,130.87786666647358,131.80004509708417,158619400
2013-08-28,131.439208984375,131.9043116637726,130.7495756647168,130.91796752691116,108113000
2013-08-29,131.64767456054688,132.34532233623182,131.03020929282573,131.1505014087714,119200500
2013-08-30,131.2306365966797,131.93631093390402,130.84572888364622,131.92026954369558,134928900
2013-09-03,131.8240509033203,132.77831176464673,131.27073916113972,132.49764248684622,142375100
2013-09-04,132.9146728515625,133.13920344673042,131.61560123151963,131.8561609863426,97389400
2013-09-05,133.08306884765625,133.4358938786728,132.89862339880784,132.99485953090235,63090500
2013-09-06,133.1471710205078,133.90095728217025,131.89621179306604,133.52406415133905,159756500
2013-09-09,134.42222595214844,134.50240844651975,133.47597952498268,133.47597952498268,87559300
2013-09-10,135.4165802001953,135.44063617354774,134.9274216820316,135.23214699249382,105847200
2013-09-11,135.84156799316406,135.84156799316406,134.99958456158427,135.23212968623076,94545900
2013-09-12,135.4807586669922,135.96991727587383,135.29632542508628,135.79349861457217,83209000
2013-09-13,135.78543090820312,135.88968159527556,135.31231388163704,135.62505370685824,72727800
2013-09-16,136.5713348388672,137.3171068243979,136.3548188126163,137.2529534745458,106299200
2013-09-17,137.18077087402344,137.2128414275196,136.69161234021303,136.69161234021303,82523300
2013-09-18,138.76849365234375,139.14538680612327,136.7878040096287,137.13261438147168,203460600
2013-09-19,138.5359649658203,139.20956892986706,138.39964370438193,139.14541558871983,146616900
2013-09-20,137.56739807128906,138.86474807876078,137.4545855617542,138.86474807876078,132867100
2013-09-23,136.93081665039062,137.51099883946577,136.49568615640555,137.38207902739327,104616500
2013-09-24,136.60842895507812,137.41423577356883,136.35057716689195,136.90657354331609,106333100
2013-09-25,136.21368408203125,136.97114504201434,136.09281788443639,136.69717346370214,117306500
2013-09-26,136.7374267578125,137.12421077392506,136.2217106377817,136.43928202618847,77146900
2013-09-27,136.10888671875,136.2942189178306,135.75432961049762,136.05247431714568,99141800
2013-09-30,135.38368225097656,135.81075914327903,134.69068746986702,134.9566053586741,143937000
2013-10-01,136.4553680419922,136.58430012580797,135.3514162764652,135.48840200465435,127160000
2013-10-02,136.32643127441406,136.45536335380012,135.2385991306487,135.6576222408335,113350000
2013-10-03,135.06935119628906,136.1330222262991,134.4408227860605,136.01214381163192,176698000
2013-10-04,136.09275817871094,136.22974390776955,134.99686005060178,135.1741385930636,96878000
2013-10-07,134.9163055419922,135.73823240156005,134.771266135056,134.90825189571012,96295000
2013-10-08,133.344970703125,135.06939760235707,133.24827777468045,134.89211903644744,178015000
2013-10-09,133.441650390625,133.9251272359672,132.57943095819,133.6028093390724,168973000
2013-10-10,136.3184051513672,136.39092484979776,134.75513718621562,134.80348365183602,195955000
2013-10-11,137.1967010498047,137.24505980013518,135.99605643951446,136.10886893233985,105040000
2013-10-14,137.74468994140625,137.85750246184435,136.24588800093287,136.35064687549774,112106000
2013-10-15,136.74539184570312,137.91380907863285,136.56005975112,137.39809329258497,155485000
2013-10-16,138.65525817871094,138.72777787961297,137.5029474277045,137.56741348260945,161676000
2013-10-17,139.5819091796875,139.66249480929125,138.06698787175057,138.09116110150356,129389000
2013-10-18,140.524658203125,140.62135109198235,139.8155442298059,140.09758154982245,138316000
2013-10-21,140.5327911376953,140.81482861684495,140.21852677595558,140.5730839626658,104104000
2013-10-22,141.34664916992188,141.76566007667307,140.55694923163315,140.94374555490856,126663000
2013-10-23,140.66973876953125,140.9275906247398,140.17819599066178,140.86312458702778,105484000
2013-10-24,141.13711547851562,141.31439403274808,140.62139940137791,140.95178327932393,70350000
2013-10-25,141.78172302246094,141.82201582699386,141.15319461778776,141.42716601559144,93625000
2013-10-28,142.00738525390625,142.200783389054,141.58030846414073,141.73341378417757,84979000
2013-10-29,142.76483154296875,142.82124393757368,142.12824939260219,142.32970115223762,87401000
2013-10-30,142.05575561523438,143.0388414502721,141.54810540547373,142.9340948681288,140002000
2013-10-31,141.65284729003906,142.53924015965924,141.44334183705726,141.9429383841291,133795000
2013-11-01,141.9912567138672,142.31357459523426,141.19350335837098,141.83815141674415,142805000
2013-11-04,142.49082946777344,142.54722955461372,141.8058887140074,142.37801699845588,85677000
2013-11-05,142.0396270751953,142.42641105706866,141.4755645400381,141.93486821308,85825000
2013-11-06,142.76483154296875,143.0307493411643,142.25716917408275,142.6520190493985,87348000
2013-11-07,140.9597930908203,143.14353516854086,140.82280739526402,143.03072269598644,157000000
2013-11-08,142.86154174804688,142.87766133354828,140.89538266431572,140.911489954176,136713000
2013-11-11,142.8856964111328,143.05490898760402,142.5553126057425,142.7245251822137,62614000
2013-11-12,142.5956573486328,142.91797533258756,142.1202217231816,142.5795377607422,83990000
2013-11-13,143.73989868164062,143.78017920692352,141.8945932257774,141.8945932257774,103844000
2013-11-14,144.45706176757812,144.57792793064394,143.63513497180398,143.86881365227862,103435000
2013-11-15,145.08554077148438,145.1419408630726,144.50535879597052,144.69069094781472,102818000
2013-11-18,144.5779266357422,145.44819988894812,144.2556086733587,145.32733372696484,104796000
2013-11-19,144.26365661621094,144.9405316878447,144.01385836089193,144.50540122626344,93891000
2013-11-20,143.8124237060547,144.98889542852228,143.41757371939468,144.55376491508815,124909000
2013-11-21,144.97276306152344,145.08557556739376,144.12666311967556,144.21530239540516,92841000
2013-11-22,145.6979217529297,145.7140413312887,144.85988811279623,145.02910065084097,81296000
2013-11-25,145.552978515625,145.98810905346704,145.34346074556004,145.9558821711114,79486000
2013-11-26,145.59323120117188,146.0283739514403,145.3756721216791,145.62547037300584,86994000
2013-11-27,145.94776916503906,146.04447437220907,145.56903886735944,145.74631740225797,58800000
2013-11-29,145.85108947753906,146.45544482067803,145.68993051183017,146.108953659186,55870900
2013-12-02,145.47235107421875,146.1975725274914,145.24672607561658,145.9236010714231,99726000
2013-12-03,144.84384155273438,145.3595576594831,144.3764719097993,144.99694688523886,116563000
2013-12-04,144.82769775390625,145.4320530418243,143.71569238517208,144.32004767309013,123033000
2013-12-05,144.1911163330078,144.83576443588544,144.05413060918778,144.56984663236193,106934000
2013-12-06,145.80274963378906,145.93973537563994,145.16615509123565,145.58517825760637,127728000
2013-12-09,146.1733856201172,146.39095695399516,145.9799998083493,146.2297980123089,70124000
2013-12-10,145.64964294433594,146.1411857996252,145.5610036656562,145.83497514679672,80976000
2013-12-11,144.01380920410156,145.73018182441257,143.836530703617,145.70600860122263,130591000
2013-12-12,143.5384063720703,144.1266420455511,143.2402494178629,143.94936352001346,115565000
2013-12-13,143.52230834960938,143.96550473003217,143.24833687649019,143.83657263833808,107808000
2013-12-16,144.4167022705078,144.89212535325242,144.15883818083418,144.19913098180027,96195000
2013-12-17,143.95742797851562,144.56984922025003,143.63511006912705,144.5456759918279,89886000
2013-12-18,146.41513061523438,146.43930384177713,142.88570428796018,144.17498812091782,234906000
2013-12-19,146.2459259033203,146.41513849823008,145.61739738809015,145.99611538953005,136531200
2013-12-20,147.09666442871094,147.44504917041462,146.29459203803157,146.39180993692648,197087000
2013-12-23,147.88250732421875,147.97162783139441,147.5098305577716,147.81769128605507,85598000
2013-12-24,148.20652770996094,148.27134372737623,147.88245998527572,147.8905573515559,45368800
2013-12-26,148.96002197265625,149.04104509529105,148.5225292526497,148.5387239872624,63365000
2013-12-27,148.95193481445312,149.21928394020773,148.79799828833194,149.15448027252967,61814000
2013-12-30,148.92764282226562,149.08967672981967,148.73319471576394,148.9681420273581,56857000
2013-12-31,149.63250732421875,149.63250732421875,149.01676112616758,149.1301984678259,86119900
2014-01-02,148.19845581054688,149.1301723133106,147.84197383469942,149.05724655469206,119636900
2014-01-03,148.1741943359375,148.74942902975056,147.96355145381847,148.44965326541555,81390600
2014-01-06,147.74478149414062,148.71699736559427,147.51793153621463,148.66029105731053,108028200
2014-01-07,148.65213012695312,148.903284467983,148.2227348286005,148.3361597684976,86144200
2014-01-08,148.6845703125,148.9357246974411,148.17415181252719,148.62785165143927,96582300
2014-01-09,148.78179931640625,149.17879288638107,148.10124950707313,149.16258578737953,90683400
2014-01-10,149.1868896484375,149.25170568178598,148.27138017568237,149.03295311453414,102026400
2014-01-13,147.2019805908203,149.21932601008743,146.91841192460825,148.80613760958147,149892000
2014-01-14,148.80609130859375,148.88711443441463,147.41257760874925,147.6880364567109,105016100
2014-01-15,149.6082000732422,149.83505002755044,148.8385297023824,149.1545001646257,98525800
2014-01-16,149.4137420654297,149.60819016870454,148.9357377192395,149.30031709578466,72290600
2014-01-17,148.78179931640625,149.4380446584342,148.5225475443531,149.15448841907593,107848700
2014-01-21,149.21926879882812,149.69728542680332,148.3037718276459,149.6405667703482,88621200
2014-01-22,149.31651306152344,149.53526561609752,149.00054264375805,149.47044958650542,61270900
2014-01-23,148.0930938720703,148.58730515807548,147.3072290688069,148.56300069830397,132496900
2014-01-24,144.9334259033203,147.1776330157601,144.884816971896,147.12902408433578,208677100
2014-01-27,144.22052001953125,145.4439029775294,143.4994584007847,145.07121374920715,180843100
2014-01-28,145.0792999267578,145.26563832946474,144.30961711958383,144.32582422141817,110463200
2014-01-29,143.68576049804688,144.65797627571578,143.30497402774745,143.8720988678548,216597300
2014-01-30,145.20884704589844,145.6787538649556,144.42296989224644,144.88477934563363,118938100
2014-01-31,144.35816955566406,145.25747173830356,143.33734506282664,143.4102584489454,194677900
2014-02-03,141.1094207763672,144.51218326623115,140.8339618178197,144.18811535763393,254837100
2014-02-04,142.0978240966797,142.46240353346562,141.06079209931698,141.7413420296369,165012400
2014-02-05,141.9195556640625,142.235526096595,140.7366970653076,141.60358523152996,164230500
2014-02-06,143.79107666015625,143.79107666015625,141.96007006106404,142.25173603247998,132877600
2014-02-07,145.57354736328125,145.72748397576265,143.99369437644702,144.46360158629525,170787200
2014-02-10,145.8408966064453,145.8895179239392,145.1927607219884,145.58974209685832,92218800
2014-02-11,147.4368896484375,147.80957873900942,145.8651348809544,145.96236510941324,117814100
2014-02-12,147.50987243652344,148.12560643029536,147.2182063631791,147.65569929199623,94717700
2014-02-13,148.27137756347656,148.4253140946679,146.5051870448254,146.51328441295342,100542200
2014-02-14,149.08970642089844,149.3651653548372,147.99595569289846,148.1336851598678,96498400
2014-02-18,149.2679443359375,149.47048984707172,148.7899275342391,149.21932302885187,80460900
2014-02-19,148.27947998046875,149.84312495724913,148.15794529017805,148.87900661461964,126524300
2014-02-20,149.15447998046875,149.49475486588383,147.9392072343891,148.4820275774841,104998100
2014-02-21,148.9843292236328,149.79451101556347,148.91141582933338,149.43802904913107,118116400
2014-02-24,149.81069946289062,150.81531684788794,149.23546502277804,149.3002810415507,114063900
2014-02-25,149.75405883789062,150.36169542279458,149.25984725433946,149.9322998917876,117085000
2014-02-26,149.7621307373047,150.36976716870453,149.3408326833969,149.97277358306116,98677200
2014-02-27,150.54800415039062,150.58850335481804,149.3732305245271,149.54337416022142,93880800
2014-02-28,150.92877197265625,151.62552886080928,149.92415438675698,150.5236810461113,150842000
2014-03-03,149.86746215820312,150.2482486853138,148.87094176459675,149.60010061603631,167748500
2014-03-04,151.9739227294922,152.2979905454811,151.3014702670402,151.3338721036812,167545900
2014-03-05,152.11166381835938,152.37092798092115,151.86860675655663,152.1035664491777,88376900
2014-03-06,152.4600372314453,152.80842190710717,152.13596938829565,152.4843540639575,82516500
2014-03-07,152.52487182617188,153.09200916426587,151.85241922556102,153.09200916426587,114513500
2014-03-10,152.44384765625,152.50055396764373,151.56884961523474,152.28991109870154,74939200
2014-03-11,151.69041442871094,152.88949302187535,151.34204200613456,152.67074035979272,99009100
2014-03-12,151.73080444335938,151.78752308758126,150.61274991340574,150.95303705395753,104824400
2014-03-13,150.0294647216797,152.30608603892492,149.60817907275467,152.18455134749405,155014300
2014-03-14,149.6082000732422,150.531806990753,149.4299590573721,149.76213661989323,153919600
2014-03-17,150.96119689941406,151.3176789180939,150.29684179871168,150.361657835053,98359500
2014-03-18,152.0386962890625,152.24124170806772,151.10697994420366,151.26902616932088,101804600
2014-03-19,151.22860717773438,152.26563936880123,150.26448841516466,152.05498409216653,176267300
2014-03-20,152.11166381835938,152.22508879888122,150.62902933999786,150.89639087174132,117241000
2014-03-21,151.5216827392578,153.816485435852,151.38334541893903,152.75046482513406,163128000
2014-03-24,150.8950958251953,152.2296704749576,150.23595402478614,152.0424972495155,121411000
2014-03-25,151.61123657226562,152.12390803692887,150.76493379622775,151.66006006090774,103852000
2014-03-26,150.520751953125,152.44935359020155,150.48006158765565,152.20522381434162,119843000
2014-03-27,150.20338439941406,150.82183572631462,149.65002275580326,150.34172170607778,142383000
2014-03-28,150.9439239501953,151.70071266964217,150.54517819729782,150.6346920431745,101642000
2014-03-31,152.18080139160156,152.4167980445773,150.96831053767258,151.90412679296927,99745000
2014-04-01,153.18988037109375,153.27939421088394,152.17268329027638,152.6772090689357,89193000
2014-04-02,153.7025604248047,153.90599985255164,153.1003752485691,153.3851954141977,78774000
2014-04-03,153.49908447265625,153.9791984278284,153.02710362255414,153.93850806856966,77435000
2014-04-04,151.68438720703125,154.36978933727593,151.440269899971,154.33724450198577,169381000
2014-04-07,150.0081329345703,151.5705466607448,149.69891336656195,151.31828369067463,140803000
2014-04-08,150.6265106201172,150.8706279242422,149.3977289102387,149.9429449177069,112660000
2014-04-09,152.24595642089844,152.2947799062254,150.59402894355145,151.03346514541337,100254000
2014-04-10,149.04783630371094,152.31099961930167,148.86066312641873,152.23776441964205,172959000
2014-04-11,147.70510864257812,149.2593883349229,147.5423596377723,148.2177798038219,167251000
2014-04-14,148.8688201904297,149.21873000501265,147.6481837669817,148.86067466742165,132382000
2014-04-15,149.8941192626953,149.99991170423647,147.70510974342594,149.178021152822,157093000
2014-04-16,151.46470642089844,151.47283952681371,150.26033622983206,150.92762342355442,105197000
2014-04-17,151.67628479003906,152.0994422361472,151.00086446429438,151.26127286711665,105255000
2014-04-21,152.20526123046875,152.25409713121087,151.52985314886016,151.71701397568089,68329000
2014-04-22,152.8969268798828,153.31193881811336,152.2784755258018,152.35984384196806,85790000
2014-04-23,152.538818359375,152.9212853212353,152.41675971918647,152.839917033427,73869000
2014-04-24,152.84808349609375,153.30378574152382,152.11569424426264,153.2875071136285,88170000
2014-04-25,151.59490966796875,152.44122459149332,151.253132939338,152.35171075183123,100380000
2014-04-28,152.07504272460938,152.7341844739218,150.512629432954,152.21338004337002,135121000
2014-04-29,152.78302001953125,153.01900430736484,152.2378038082981,152.56330194674956,84098000
2014-04-30,153.23866271972656,153.3932786212297,152.31911283202044,152.53069771489976,101508000
2014-05-01,153.25502014160156,153.6700321824731,152.76676045602125,153.1655062798105,93019000
2014-05-02,153.0352325439453,153.91409212870016,152.80738143867043,153.23867191772317,98122000
2014-05-05,153.3282012939453,153.43399375246767,151.86343517075403,152.2865925878882,75883000
2014-05-06,151.99368286132812,153.09226087235527,151.96113801236797,152.98646838355685,85454000
2014-05-07,152.8887481689453,152.96198335673694,151.3670133487641,152.50628118787407,106500000
2014-05-08,152.72601318359375,153.84086948638844,152.23776609686223,152.75043733403757,93618000
2014-05-09,152.95388793945312,153.01897762222592,152.03433785409985,152.75044853415946,83679000
2014-05-12,154.4430389404297,154.51628655633604,152.98641839892133,153.63742691805237,86940000
2014-05-13,154.58140563964844,154.95572719784522,154.4267897024539,154.64649532345615,66454000
2014-05-14,153.84896850585938,154.51625551859303,153.6292505361846,154.44300791739994,72367000
2014-05-15,152.49818420410156,153.57235030141035,151.74952862883643,153.5397930407276,154956000
2014-05-16,153.02711486816406,153.09221696437143,151.9448158005078,152.58767882300322,97458000
2014-05-19,153.5886688232422,153.7107275401128,152.59588320282793,152.73422055426795,63839000
2014-05-20,152.6202392578125,153.5316437897845,152.22963908938956,153.51536516115488,111644000
2014-05-21,153.90603637695312,153.9792716082522,153.03530945941904,153.0597212031854,89093000
2014-05-22,154.2803192138672,154.59768421988227,153.68627957018913,153.94667557711986,61549000
2014-05-23,154.8988037109375,155.00458378243965,154.28033983003843,154.41867716735567,61092800
2014-05-27,155.85086059570312,155.89968406548113,155.38701279890086,155.47652663247905,72010000
2014-05-28,155.73695373535156,156.0950091126763,155.47654530931277,155.85087931750422,66723000
2014-05-29,156.54254150390625,156.56695323792064,155.69623908517897,156.09498476900586,64377000
2014-05-30,156.79483032226562,156.89248969144475,156.265892775121,156.3960969893883,76316000
2014-06-02,156.97384643554688,157.0470940612684,156.2170577777276,157.0145368016241,64656000
2014-06-03,156.89247131347656,156.9738396251444,156.44490213995806,156.59137255113365,65047000
2014-06-04,157.20986938476562,157.29938323831433,156.4612137082485,156.62396278280292,55529000
2014-06-05,158.2351837158203,158.39793277390402,156.81110772791277,157.3888811636107,92103000
2014-06-06,158.99192810058594,159.0326060378721,158.50366868362417,158.5769038710826,78696000
2014-06-09,159.15476989746094,159.53723709979357,158.821126181901,158.96760905917904,65119000
2014-06-10,159.17095947265625,159.20350430664186,158.61759795927625,158.95937459241404,57129000
2014-06-11,158.61764526367188,158.7803943160426,158.25958989828226,158.60136663334777,68772000
2014-06-12,157.49465942382812,158.5200020702672,157.14474957379113,158.4304882267996,106350000
2014-06-13,157.97479248046875,158.12940843625597,157.29937207289998,157.80389789329402,82017000
2014-06-16,158.10499572753906,158.43863940187185,157.59233676281343,157.77949757796856,87424000
2014-06-17,158.54443359375,158.65835918902116,157.71439716136956,157.8852917627556,84834000
2014-06-18,159.70814514160156,159.79765902082,158.19455472197507,158.54447712872417,105267000
2014-06-19,159.8871612548828,159.98482065407492,159.33381179962558,159.84647087329952,85929000
2014-06-20,160.211669921875,160.34249799975984,160.01542780504775,160.28525603701564,100587000
2014-06-23,160.16261291503906,160.3016130694721,159.86825597728316,160.25255565925482,70611000
2014-06-24,159.1978759765625,160.6696616318409,159.0179903700029,159.87653304195368,96237000
2014-06-25,159.91734313964844,160.08087202961417,158.8298579305172,158.86255871792852,82782000
2014-06-26,159.80288696289062,159.95824378998552,158.73175828318043,159.94188715648718,84312000
2014-06-27,160.11363220214844,160.16268963586512,159.35320455016532,159.42679070074033,71445100
2014-06-30,160.0318603515625,160.39980357826684,159.87650349493092,160.0155037149544,70201200
2014-07-01,161.10293579101562,161.59353491484333,160.36704958172808,160.42427907618404,90470000
2014-07-02,161.2664794921875,161.47089373315694,161.04572109498824,161.119307227388,52475000
2014-07-03,162.0596160888672,162.13320222505553,161.60173016175438,161.72437372206824,52938800
2014-07-07,161.495361328125,161.8796609538307,161.25824638797383,161.74884537122165,61696000
2014-07-08,160.4569854736328,161.25828569691188,160.0645012007809,161.20104372845094,108143000
2014-07-09,161.17654418945312,161.3237289375223,160.51424401428102,160.85765845783487,72992000
2014-07-10,160.5387420654297,160.9639271185345,159.49214230121268,159.62297039085314,99040000
2014-07-11,160.759521484375,160.87399294980463,160.08086476916577,160.44063579664575,64243000
2014-07-14,161.5690460205078,161.7816323724437,161.43821789172094,161.5772180998856,58658000
2014-07-15,161.2664794921875,161.9778495347506,160.55512192607958,161.66713589601142,111307000
2014-07-16,161.8634033203125,162.1086904665928,161.4218615040938,161.98604689345265,79986400
2014-07-17,160.02366638183594,161.97786622784102,159.7947109300158,161.36462344173327,145398000
2014-07-18,161.6589813232422,161.82251023843452,160.45702445807092,160.54696723289518,124330000
2014-07-21,161.35643005371094,161.48725816860198,160.6123591862809,161.1520158028646,67592000
2014-07-22,162.0596160888672,162.35397311007625,161.78978777972088,161.9042592614991,67678000
2014-07-23,162.4193572998047,162.59107072912286,161.97782808741349,162.3048858390771,65612000
2014-07-24,162.4275665283203,162.76280891014906,162.26403761508513,162.57475128375143,56888000
2014-07-25,161.66709899902344,162.1086281691077,161.34821335494803,161.96962801414688,76837000
2014-07-28,161.73252868652344,161.96964368523302,160.7676871082436,161.69981542545443,69259000
2014-07-29,161.03758239746094,162.2640681925314,161.0130536796762,162.03512517556828,80466000
2014-07-30,161.06204223632812,161.8224695918301,160.39157010951192,161.60987082666983,104222000
2014-07-31,157.88137817382812,160.08087737521083,157.78326333186325,159.9418771902756,183479000
2014-08-01,157.39889526367188,158.42913808660316,156.63848061550942,157.4479526633663,189261000
2014-08-04,158.53550720214844,158.87074954951996,157.03102139269023,157.70149361097822,91340000
2014-08-05,156.99832153320312,158.2984056904794,156.42596410860835,157.8895771762751,152690000
2014-08-06,157.04737854003906,157.71785076052473,156.23789365685684,156.26242236757858,94818000
2014-08-07,156.1969757080078,157.91405995882468,155.804503941932,157.75870317238048,135733000
2014-08-08,158.00404357910156,158.11033050538586,156.13160205745635,156.54861511346368,117014000
2014-08-11,158.46192932128906,159.16511484135017,158.38834318553347,158.6009295143126,74544000
2014-08-12,158.24118041992188,158.748123838602,157.75876571656772,158.30659448627696,73632000
2014-08-13,159.31228637695312,159.4921719144952,158.59275670324052,158.86257253309796,69047000
2014-08-14,160.06451416015625,160.06451416015625,159.42674276070255,159.57392749405196,57371000
2014-08-15,160.0318603515625,160.79227552165426,158.8789607616252,160.6451032215558,139951000
2014-08-18,161.37278747558594,161.44637361190075,160.824958777816,160.91490154768604,75424000
2014-08-19,162.21493530273438,162.33757883461035,161.43816382246317,161.76522155843435,59135000
2014-08-20,162.64834594726562,162.84458813930624,161.9615169898089,161.99421778358717,72763000
2014-08-21,163.1226043701172,163.3351907414305,162.65653379750262,162.7873619382146,67791000
2014-08-22,162.86912536621094,163.27795393032054,162.50118215380382,162.99176894486075,76107000
2014-08-25,163.69493103027344,164.01381676535593,162.8363886738342,163.64587360586935,63855000
2014-08-26,163.80117797851562,164.2018342769362,163.7602926457867,163.80117797851562,47298000
2014-08-27,163.73577880859375,163.99743498065573,163.48230718969182,163.88295104803888,47874000
2014-08-28,163.64588928222656,163.75218869625556,163.03264646551844,163.19617538801586,58330000
2014-08-29,164.11195373535156,164.12829789347623,163.38423945219327,163.89935491516508,65907000
2014-09-02,164.03012084960938,164.34900648253233,163.4168782881074,164.32447777818842,72426000
2014-09-03,163.9402618408203,164.68433285649272,163.7113188323762,164.65980413962072,57462000
2014-09-04,163.703125,164.82331117650244,163.25341112300598,164.21824046232354,85236000
2014-09-05,164.43894958496094,164.50436362217232,163.04893560446178,163.67035024329206,102177000
2014-09-08,164.0137939453125,164.52074970534989,163.53137937051844,164.28362221844833,64146000
2014-09-09,162.9754180908203,163.98113282381013,162.64017568767133,163.86666132961986,88591000
2014-09-10,163.5886688232422,163.69495576669377,162.52571205352214,163.06535627997027,67251000
2014-09-11,163.7766876220703,163.80121633216064,162.81184594485,162.93450197175642,66774400
2014-09-12,162.8200225830078,163.6294949295422,162.35395216104206,163.6131507745798,117409300
2014-09-15,162.69744873046875,162.97546169914077,162.20686182829434,162.8446335346434,76401000
2014-09-16,163.92388916015625,164.2182462102684,162.30493162276784,162.3948744013148,116201000
2014-09-17,164.14463806152344,164.9050530611049,163.32698108487824,164.16099469446382,151266000
2014-09-18,165.01951599121094,165.04404469926882,164.43080204491403,164.64338834023368,94990000
2014-09-19,164.87081909179688,165.85659130292137,164.53400972144078,165.5444378325091,121649000
2014-09-22,163.59754943847656,164.60797770517428,163.25252973818064,164.58333433620854,125553000
2014-09-23,162.6610565185547,163.6879052953278,162.6117697828336,163.00607620337743,111393000
2014-09-24,163.93435668945312,164.0411529767406,162.25854494810054,162.6857050276994,107276000
2014-09-25,161.2891845703125,163.51539818553277,161.2316875581392,163.50717537324027,150300000
2014-09-26,162.57070922851562,162.9732385009077,161.35492366761738,161.58493681333388,103547000
2014-09-29,162.2749481201172,162.56247076980895,161.05095249290028,161.17416932289723,95112000
2014-09-30,161.84783935546875,162.8993317537754,161.5110298670857,162.39822892842787,131302000
2014-10-01,159.65444946289062,161.64242714866637,159.2929966955178,161.58491760168667,177798000
2014-10-02,159.67910766601562,160.2377074240187,158.01150613551536,159.5148018221079,157285000
2014-10-03,161.43707275390625,161.78209246427897,160.25414086989917,160.74702079838477,121569000
2014-10-06,161.2480926513672,162.32424057218302,160.6648496341685,162.11064802945648,104778000
2014-10-07,158.75904846191406,160.7798925900539,158.7261948127793,160.41843977568934,147913000
2014-10-08,161.53562927246094,161.76564238855954,158.01970017235396,158.84938944579716,186461000
2014-10-09,158.33181762695312,161.50272608010138,158.20037801957156,161.2809233094913,210705000
2014-10-10,156.52462768554688,159.07942827749446,156.48356375692845,158.29081533332499,221909000
2014-10-13,153.95339965820312,157.0257234403883,153.86303645668144,156.45891339605353,230939000
2014-10-14,154.19158935546875,155.93313317345851,153.64941026492173,154.78305517519757,215847000
2014-10-15,153.14834594726562,154.18341765817033,149.44347963772088,152.10507649247734,380715000
2014-10-16,153.01693725585938,154.09307302453345,150.24033349135146,150.37998345406402,270391000
2014-10-17,154.8241729736328,155.8756652595581,154.12591069768982,154.78309651008732,214625000
2014-10-20,156.32748413085938,156.450700988959,154.49558914337516,154.54487588661502,130011000
2014-10-21,159.4244384765625,159.5312222248781,157.2967983010323,157.4610915970967,154949000
2014-10-22,158.29078674316406,160.11447108248385,158.22506692055734,159.70373159227262,151822000
2014-10-23,160.1309356689453,161.1742177706944,159.58054610489222,159.87627912055427,154944000
2014-10-24,161.36312866210938,161.41242793581398,159.76946978605272,160.39378937044268,117927000
2014-10-27,161.14132690429688,161.3795503038094,160.2130516044126,160.78808440907653,82954000
2014-10-28,162.9896697998047,162.9978800782127,161.6095784059101,161.68352105068703,106736000
2014-10-29,162.7432403564453,163.5729298132031,161.6671046394812,163.1046932001109,142557000
2014-10-30,163.78648376464844,164.25472026722727,162.15994635204947,162.30781908718325,113330000
2014-10-31,165.6595001220703,165.7909398037196,164.9283841282159,165.7580736159183,146903000
2014-11-03,165.74986267089844,166.30846251349826,165.3719767213684,165.87307953771372,93600000
2014-11-04,165.17483520507812,165.61021819528258,164.34513315844904,165.30626235577466,93343000
2014-11-05,166.2180938720703,166.42346366657512,165.48697790502428,166.38238720071865,91709000
2014-11-06,166.8834991455078,166.9738623614327,165.64307003124614,166.25917944852188,107089000
2014-11-07,167.03956604003906,167.25315863961796,166.43988977498898,166.8999160898097,89540000
2014-11-10,167.56529235839844,167.6145790956135,166.86704268989263,167.07241245147236,66319000
2014-11-11,167.7295379638672,167.83633422064742,167.29415519590893,167.63096451746816,54499400
2014-11-12,167.54885864257812,167.77887175469928,167.0148897835455,167.0477559622911,90120300
2014-11-13,167.73782348632812,168.26356962163666,166.93277745861934,167.71318011551497,85357900
2014-11-14,167.77883911132812,167.9842088168202,167.3516666141684,167.66383257764343,80417500
2014-11-17,167.8856658935547,168.05818200571437,167.2941999872576,167.45850582160978,80441000
2014-11-18,168.85508728027344,169.1590306365294,167.9432446767252,167.9432446767252,76068100
2014-11-19,168.58395385742188,168.85504348381534,167.82819453601152,168.6578839733172,82373000
2014-11-20,168.87973022460938,168.9865265537353,167.7296515868591,167.79537144056886,72840300
2014-11-21,169.78326416015625,170.7361827549407,169.20823139943258,170.57188947113022,142327300
2014-11-24,170.25978088378906,170.3665771949351,169.97227067384108,170.18585076135489,65880800
2014-11-25,170.13653564453125,170.69513541170875,169.8818791309782,170.4897656382271,79108300
2014-11-26,170.5719451904297,170.67051868596133,170.07084236351358,170.28442244875816,62167800
2014-11-28,170.21041870117188,170.76080803777833,169.97219534508986,170.44865459202666,57890100
2014-12-01,169.0275421142578,169.6682948360523,168.71538856695847,169.5532882586732,103968400
2014-12-02,170.1201171875,170.32548697864857,169.04398148744573,169.06862485960139,74507200
2014-12-03,170.7772979736328,170.9908780375887,170.12833496810504,170.29262828920778,68952000
2014-12-04,170.58831787109375,171.08942052054536,169.7996925817962,170.48973187569797,91316600
2014-12-05,170.86767578125,171.25377201296104,170.49801264348656,170.76087947275775,91025500
2014-12-08,169.7257843017578,170.96621313485872,169.1671720386272,170.47333323362324,108588200
2014-12-09,169.6107940673828,169.71759036358128,167.50780953618442,167.8856829100341,125180100
2014-12-10,166.8916778564453,169.20824213513163,166.7027286600397,169.1507451227983,159856400
2014-12-11,167.73782348632812,169.38078172601433,167.3435170185409,167.48316696474103,159012800
2014-12-12,165.02694702148438,167.43388746481128,164.9940933705714,166.46453554338706,202330200
2014-12-15,163.89329528808594,166.37416574884256,163.29361903813998,165.9223497243175,189965800
2014-12-16,162.5789031982422,166.2673356886068,162.53782674348534,163.12929259461615,259543800
2014-12-17,165.76622009277344,166.2180359903046,162.8910439709227,163.0142733255802,253910100
2014-12-18,169.8654022216797,174.9503585069581,167.51597211770653,168.1895908176554,257633900
2014-12-19,170.5882110595703,171.2572795838031,169.83653619241267,170.5138603093546,245084600
2014-12-22,171.37295532226562,171.37295532226562,170.53868654857624,170.77822482483685,148318900
2014-12-23,171.604248046875,172.00073086704373,171.3151383756085,171.95117209001785,122167900
2014-12-24,171.6207275390625,172.0915484032343,171.57942436754888,171.82723079267222,42963400
2014-12-26,172.17410278320312,172.51277104186116,172.01715834119307,172.06671709046898,57326700
2014-12-29,172.40541076660156,172.61191398833196,171.92632177971223,171.99240432314073,79643900
2014-12-30,171.48033142089844,172.11635245834034,171.40598065993237,171.9841999360943,73540800
2014-12-31,169.77870178222656,171.9676437341075,169.65480487723386,171.80244365946461,130333800
2015-01-02,169.68788146972656,170.88561066355808,168.65536499501724,170.47260407367435,121465900
2015-01-05,166.6233367919922,168.8122661140158,166.3177160273211,168.6470660413276,169632600
2015-01-06,165.0539093017578,167.44934175106874,164.2609313452381,166.92894957322903,209151400
2015-01-07,167.11070251464844,167.44937089898684,165.92950987204858,166.37555138501293,125346700
2015-01-08,170.07608032226562,170.2908517797395,168.4984049909054,168.51491617689666,147217800
2015-01-09,168.71315002441406,170.5055966664213,168.10189588592164,170.4890728778248,158567300
2015-01-12,167.39151000976562,169.0022452562674,166.78852411875266,168.84530078782205,144396100
2015-01-13,166.92071533203125,169.72915460451395,165.62386881945937,168.60577637472915,214553300
2015-01-14,165.9129638671875,166.111211515272,164.0213997320499,164.91348263853635,192991100
2015-01-15,164.39309692382812,166.86286751898896,164.2774556177399,166.54899117615352,176613900
2015-01-16,166.54901123046875,166.70595572276284,164.0048895862307,164.18661346110187,211879600
2015-01-20,166.9042205810547,167.44939230299863,165.34305618018672,167.18506203637338,130991100
2015-01-21,167.7467041015625,168.2257931041972,165.9790369696136,166.441602184859,122942700
2015-01-22,170.2412567138672,170.37340919341256,167.12718468012818,168.49836906255456,174356000
2015-01-23,169.30789184570312,170.24129060330148,169.17572673589194,169.98521597655784,117516800
2015-01-26,169.704345703125,169.795207625169,168.3827326417059,169.09310423115286,92009700
2015-01-27,167.46588134765625,168.60577072506626,166.63986834178553,167.6558608098982,134044600
2015-01-28,165.31825256347656,168.74620170511815,165.12827308965936,168.64708417164115,168514300
2015-01-29,166.8463897705078,167.1024518135914,164.1122758358799,165.51650818201227,173585400
2015-01-30,164.74827575683594,166.99503192642172,164.48395817427368,165.6734188056964,197729700
2015-02-02,166.78857421875,166.87943616967166,163.43496283666747,165.24393365704213,163107000
2015-02-03,169.20053100585938,169.20879920391286,167.3089664338,167.68066983135327,124212900
2015-02-04,168.55618286132812,169.6465258907375,168.1018732657409,168.4405415646292,134306700
2015-02-05,170.25779724121094,170.40648613676643,169.14268724235677,169.2170253881554,97953200
2015-02-06,169.78695678710938,171.18292062670562,169.26656461865574,170.62122529181084,125672000
2015-02-09,169.02703857421875,169.86130713891177,168.622287680321,169.1426798861956,87219000
2015-02-10,170.82772827148438,171.08379025750745,169.068316736097,170.05954231341522,96164200
2015-02-11,170.92684936523438,171.35637961746548,170.01824270561735,170.6625317819855,91087800
2015-02-12,172.57069396972656,172.62852094957185,170.9599705849557,171.71990129459215,97545900
2015-02-13,173.2809600830078,173.33051883320448,172.43842351780003,172.69449806707414,93670400
2015-02-17,173.55352783203125,173.7269960437022,172.7192595475938,172.96705327290448,76968200
2015-02-18,173.57015991210938,173.64449807608503,172.91760241775967,173.1819326949548,80652900
2015-02-19,173.4462432861328,173.8096911004554,172.8350016020092,172.97542232955007,91462500
2015-02-20,174.4869842529297,174.56132239525118,172.4136836324964,173.03319335975746,140896400
2015-02-23,174.46218872070312,174.46218872070312,173.85919023381086,174.2391617104285,74411100
2015-02-24,174.95779418945312,175.15604182724803,174.09047810454112,174.38784325925505,72472300
2015-02-25,174.80914306640625,175.31301152317158,174.4704746962613,174.83392244920137,73061700
2015-02-26,174.60264587402344,174.87523169819997,173.99964726116664,174.71828719907174,72697900
2015-02-27,174.00787353515625,174.76780386009438,173.95831477978405,174.50347369283446,108076000
2015-03-02,175.10646057128906,175.16427491407825,174.05742077083383,174.10697952292608,87491400
2015-03-03,174.38787841796875,175.15607714083993,173.52883035557673,174.67698803921306,110325800
2015-03-04,173.6527099609375,173.86748140808916,172.68627626062957,173.7931306588669,114497200
2015-03-05,173.84271240234375,174.12355381496485,173.3388439366605,173.9748649116038,76873000
2015-03-06,171.39768981933594,173.41316346565193,171.06728967572505,172.98363319579175,188128000
2015-03-09,172.1080780029297,172.46325756122909,171.4390094552801,171.5959539499552,89818900
2015-03-10,169.31617736816406,170.82778299344065,169.2748741885522,170.74518923817772,157121300
2015-03-11,168.9196319580078,169.7456448282181,168.8370256294043,169.57217657973325,110145700
2015-03-12,171.06729125976562,171.13336120593354,169.4978590531875,169.54741781479228,93993500
2015-03-13,170.01828002929688,171.75289999879354,168.98576364127752,170.794734369721,162410900
2015-03-16,172.28982543945312,172.38068739069163,170.04306864879194,170.74518487235875,136099200
2015-03-17,171.77764892578125,172.15760780310515,170.96814720565243,171.5546219127697,94510400
2015-03-18,173.84271240234375,174.51178095757123,170.67081270488325,171.30684628378546,228808500
2015-03-19,173.04974365234375,173.8509773639673,172.66151648881646,173.42971522233455,117917300
2015-03-20,174.57716369628906,175.08328115532012,173.81384128696973,173.9963762827,177715100
2015-03-23,174.23703002929688,175.1579976944319,174.23703002929688,174.5855025701291,71784500
2015-03-24,173.25794982910156,174.5688646105728,173.19157231380154,174.11253976573718,77805300
2015-03-25,170.7190704345703,173.69770310854292,170.67759556201722,173.46538811728843,159521700
2015-03-26,170.31256103515625,171.22522364528578,169.358398223387,170.0553560026632,153067200
2015-03-27,170.70248413085938,170.87671404274337,170.00552650267113,170.19636661978635,118939000
2015-03-30,172.7850341796875,173.08372670196508,171.71472669332005,171.73131157884472,96180400
2015-03-31,171.2750244140625,172.66063503633413,171.2169519772045,171.96367717248643,126768700
2015-04-01,170.66934204101562,171.2667272448523,169.68199669966828,171.24183724971087,137303600
2015-04-02,171.28334045410156,171.73137306782849,170.42044500957363,170.60298009744596,86900900
2015-04-06,172.4365234375,172.95093329947434,170.26271385538638,170.395456211234,114368200
2015-04-07,171.9802703857422,173.20822323643148,171.94708794554901,172.4614980599821,81236300
2015-04-08,172.56103515625,173.0007752267654,171.81431007882907,172.2042701655457,89351900
2015-04-09,173.32435607910156,173.5566711080269,171.90557591389464,172.3950959634002,85548900
2015-04-10,174.27017211914062,174.31165964872955,173.3741073131458,173.5732271988262,72722900
2015-04-13,173.48199462890625,174.7597399003102,173.4322146474628,174.12915970810909,74436600
2015-04-14,173.8138885498047,173.99642359516923,172.6606058505757,173.28288096153133,75099900
2015-04-15,174.5938262939453,175.0999439782576,174.1955736988178,174.278548792071,99529300
2015-04-16,174.54405212402344,175.05016982521738,174.06282441959135,174.26195705390805,68934900
2015-04-17,172.53611755371094,173.59813257219798,171.75619750508687,173.35752513560135,191113200
2015-04-20,174.112548828125,174.44442376168223,173.37411633977555,173.45707874305626,92189500
2015-04-21,173.90518188476562,174.9505996686606,173.606489280764,174.79295459151788,72559800
2015-04-22,174.75978088378906,174.94231596536792,173.32439022771675,174.24535808105674,78264600
2015-04-23,175.1995086669922,175.84667385227195,174.2453457787927,174.3615033079398,102585900
2015-04-24,175.60601806640625,175.87152817072322,175.1579855906446,175.6143231698028,61327400
2015-04-27,174.87586975097656,176.2946496385879,174.68502963866905,176.17019970466308,79358100
2015-04-28,175.4318084716797,175.48158845695426,173.6811405816105,174.85102087644302,86863500
2015-04-29,174.7099609375,175.30733337852325,173.90515080555448,174.5440107847622,125684900
2015-04-30,172.95925903320312,174.52739144939122,172.2623014458399,174.1374314558223,161304900
2015-05-01,174.8343963623047,174.87588389704135,173.63962625911066,173.7391862143041,103399700
2015-05-04,175.33221435546875,175.91300183759805,175.14967933819705,175.25753173188116,70927200
2015-05-05,173.32435607910156,175.44839909533542,173.183308572984,175.09162144791608,113326200
2015-05-06,172.61085510253906,174.17898825634953,171.54883966822416,173.87200317837147,135060200
2015-05-07,173.29942321777344,173.72257829166836,172.17933588972457,172.51121080317245,88244900
2015-05-08,175.5811004638672,175.7802330107883,174.8841555399682,174.9671305995728,155877300
2015-05-11,174.74317932128906,175.80519468415648,174.66850933332694,175.5396971735505,75708100
2015-05-12,174.22042846679688,174.7597411434483,173.0920357919156,173.91344347223256,119727600
2015-05-13,174.25364685058594,175.24928460026194,174.02133179766892,174.62700942418684,94667900
2015-05-14,176.07073974609375,176.16200730287414,174.9921266187505,175.26592928909162,95934000
2015-05-15,176.2615203857422,176.40256790681514,175.7802927290234,176.2615203857422,76510100
2015-05-18,176.80908203125,177.05798191288406,176.02916197488247,176.09553949672417,74549700
2015-05-19,176.7510223388672,177.19906751059696,176.46892732568597,176.92526494125534,72114600
2015-05-20,176.62655639648438,177.3732814015002,176.31126631603755,176.85056630185804,76857500
2015-05-21,177.14105224609375,177.34847736581986,176.3196442142975,176.48559443825806,64764600
2015-05-22,176.7178192138672,177.17414411579225,176.6514416902629,176.75929408842902,57433500
2015-05-26,174.81784057617188,176.65148370371313,174.40299045014385,176.228328472623,124308600
2015-05-27,176.47723388671875,176.70954893500715,174.86761343770593,175.2741711023209,93214000
2015-05-28,176.278076171875,176.38592856818985,175.58942361904656,176.17021111534228,74974600
2015-05-29,175.182861328125,176.2531687810571,174.9173639056266,176.21169390832307,124919600
2015-06-01,175.53965759277344,176.17851755936138,174.75143236349666,175.84664258087983,93338800
2015-06-02,175.36538696289062,176.05403946034752,174.46101702993104,175.08329201026015,91531000
2015-06-03,175.8300323486328,176.45230738355588,175.34051235961232,175.8964098715841,87820900
2015-06-04,174.34490966796875,175.78028749043622,174.02961953601317,175.12482989319332,151882800
2015-06-05,174.04620361328125,174.71825870761285,173.39073340655372,174.19554356303513,121704700
2015-06-08,172.97586059570312,174.08766826979198,172.90119063064117,173.93831567945017,89063300
2015-06-09,172.95094299316406,173.49025552856625,172.32037562184607,172.95094299316406,105034700
2015-06-10,175.02528381347656,175.4069515395513,173.65628331951808,173.71435575987715,134551300
2015-06-11,175.58946228027344,175.97111729320704,175.23268460099652,175.46499965066585,73876400
2015-06-12,174.24534606933594,175.46500645752488,173.9715434658424,174.7680612814801,135382400
2015-06-15,173.4985809326172,173.78067591599498,172.40337077095992,173.1086208896227,124384200
2015-06-16,174.4444580078125,174.5274330875997,173.17501778043052,173.3492477236761,85308200
2015-06-17,174.7265625,175.33225276281615,173.70603479640596,174.7265625,126708600
2015-06-18,176.5435791015625,177.00820911307417,174.75972902303343,175.32391899123522,165867900
2015-06-19,175.7598419189453,176.3768109906399,175.38466335339805,176.3017778218902,130478700
2015-06-22,176.6603240966797,177.24393676409846,176.45189009247287,176.6770023791208,70696000
2015-06-23,176.78536987304688,177.11887189486686,176.39352567033555,176.8687485589522,68476800
2015-06-24,175.50144958496094,176.89378734958865,175.47643851962894,176.51860864780568,92307300
2015-06-25,174.9678497314453,176.1267423437939,174.89281653941904,176.00168702375012,97107400
2015-06-26,174.93446350097656,175.56809817200963,174.384194782506,175.3263076494394,104174800
2015-06-29,171.26602172851562,174.9427999864751,171.19098855307968,173.45875114834269,202621300
2015-06-30,171.62451171875,172.8501043067933,171.14927622788505,172.80006947475638,182925100
2015-07-01,173.00022888183594,173.44210796677788,172.21651496611176,173.19198460957617,135979900
2015-07-02,172.841796875,173.6421889804988,172.4249289021321,173.4754443357118,104373700
2015-07-06,172.3499298095703,173.1252982860013,171.3577818024183,171.5578830488215,117975400
2015-07-07,173.43374633789062,173.55880163478903,170.17383589953536,172.54998831500768,173820200
2015-07-08,170.5240020751953,172.3832295642684,170.29055704167047,172.09976241238823,164020100
2015-07-09,170.83245849609375,172.87512136158918,170.72408149408113,172.6166525800549,144113100
2015-07-10,172.98353576660156,173.4004037522597,170.87418477691543,172.82512389656327,129456900
2015-07-13,174.89280700683594,175.0011840376992,174.20080458943872,174.24249393444856,106069400
2015-07-14,175.6515350341797,175.96002607641583,174.79278777313695,174.85115541311302,81709600
2015-07-15,175.59317016601562,176.15177185705397,175.1179344564702,175.69321443252878,97914100
2015-07-16,177.00216674804688,177.00216674804688,176.40187577162789,176.6436536296121,106683300
2015-07-17,177.15220642089844,177.21057404232326,176.58527209631774,176.99379455908894,89030000
2015-07-20,177.24392700195312,177.7358281715561,176.92711598383323,177.3773278105306,70446800
2015-07-21,176.5435791015625,177.3689822330543,176.24343366482006,177.1105134144091,77965000
2015-07-22,176.22677612304688,176.56027815967443,175.82658640089568,175.8599302436575,88667900
2015-07-23,175.23463439941406,176.4602273932913,174.87613400945932,176.36018313968574,90509100
2015-07-24,173.4170379638672,175.39298764276856,173.08354874880976,175.33463275494265,117755000
2015-07-27,172.4082489013672,173.04189635575844,171.96636987227896,172.53331692506057,132361100
2015-07-28,174.52598571777344,174.66771933333678,172.41663432543018,173.2420249526405,123544800
2015-07-29,175.72653198242188,175.95163153209302,174.50927188232112,174.65100546901073,105791300
2015-07-30,175.7681884765625,175.9349330931648,174.60095071674886,175.217919792156,91304400
2015-07-31,175.50144958496094,176.29349633801456,175.21798236332967,176.2684852726826,103266900
2015-08-03,174.9095001220703,175.52646944872632,173.95904142640262,175.46811453396106,113965700
2015-08-04,174.56764221191406,175.29298843792213,174.08407382064158,174.8344311081119,81820800
2015-08-05,175.14291381835938,176.1767382349005,174.85943393213935,175.4597248225571,85786800
2015-08-06,173.7088623046875,175.43468882799883,173.1252370562084,175.32629910097288,116030800
2015-08-07,173.3753662109375,173.70052268121708,172.47492997282495,173.55045633576466,117858000
2015-08-10,175.5597686767578,175.64313463087947,174.48424227765,174.48424227765,80270700
2015-08-11,173.97569274902344,174.64268410548195,173.21698992202937,174.22581609792064,126081400
2015-08-12,174.1841583251953,174.36758129951346,171.2160596088534,172.67509789978138,172123700
2015-08-13,173.96734619140625,174.7093706772288,173.42541019141387,174.02570109250638,89383300
2015-08-14,174.60098266601562,174.67601584894675,173.63384590223302,173.77557948836994,72786500
2015-08-17,175.57644653320312,175.57644653320312,173.5504743287551,174.00903163484438,79072600
2015-08-18,175.06788635253906,175.65149902362893,174.83444128410312,175.301331420975,71692700
2015-08-19,173.68386840820312,175.09287138975742,172.87514356925766,174.32583589007928,172946000
2015-08-20,170.0570831298828,173.658814979638,169.9987155205132,172.17476635204378,194327900
2015-08-21,164.93797302246094,170.0320998308811,164.67951693145798,168.1895379121759,346588500
2015-08-24,157.99298095703125,164.64619105211446,152.07344993271698,156.31717608187415,507244300
2015-08-25,156.13375854492188,162.95371354145988,155.8419458295441,162.9370352578318,369833100
2015-08-26,162.12828063964844,162.40340227776665,157.05081959287378,160.14398522546526,339257000
2015-08-27,166.13853454589844,166.26358982576218,162.75356927173493,164.2626290171508,274143900
2015-08-28,166.14691162109375,166.61380175279606,165.0130301347587,165.49659854882236,160414400
2015-08-31,164.8045654296875,166.02182537926092,164.2542967104913,165.17141124248494,163298800
2015-09-01,159.88551330566406,162.3867206333518,159.01842097452524,161.01104897004456,256000400
2015-09-02,162.92034912109375,162.96203846399754,160.4274739883416,162.2616905798971,160269300
2015-09-03,163.037109375,165.12144978449425,162.54520809159237,163.62905492708597,152087800
2015-09-04,160.56918334960938,161.62803143495745,159.7521257835405,160.78596281128029,207081000
2015-09-08,164.60447692871094,164.75455600996594,162.7202383253575,163.36221854722507,116025700
2015-09-09,162.4034423828125,166.30533377944414,162.0366092008,166.18027845850835,149347700
2015-09-10,163.2871856689453,164.42939981290357,161.9532031029294,162.21165920366735,158611100
2015-09-11,164.02923583984375,164.09593625077846,162.18667356295515,162.89535429755907,119691200
2015-09-14,163.42063903808594,164.2543752944909,162.9370704827544,164.2043531545955,79452000
2015-09-15,165.4632110595703,165.90509001207155,163.37887157728196,163.9207947539575,113806200
2015-09-16,166.8972930908203,167.0890615612163,165.42158929428368,165.76342416223778,99581600
2015-09-17,166.52207946777344,169.15668815047755,166.14690083072153,166.76387002000322,276046600
2015-09-18,163.8008575439453,166.5078213622885,163.3902112311698,164.01876403278732,223657500
2015-09-21,164.64732360839844,165.66975777619078,163.5997355626022,164.63055861904252,105726200
2015-09-22,162.51023864746094,162.971179937286,161.3788384622485,162.48509755782862,153890900
2015-09-23,162.25048828125,163.14721725645575,161.6722174676966,162.67789972312073,92790600
2015-09-24,161.66378784179688,162.12472915587193,159.70270601966715,161.03523499204192,159378800
2015-09-25,161.62184143066406,163.42368722592929,160.75024127088147,163.12198144568706,155054800
2015-09-28,157.5655975341797,160.83407948138324,157.2555156054115,160.72512624676162,178515900
2015-09-29,157.6577911376953,159.01547380900044,156.6604853688763,157.78350936374622,159045600
2015-09-30,160.59945678710938,160.76706833242253,158.76408031426854,159.54347975454826,163452000
2015-10-01,161.01841735839844,161.32012311519694,159.0824774139145,160.97651129452234,131079000
2015-10-02,163.42372131347656,163.44886240141275,158.4958634709605,159.04061688143545,211003300
2015-10-05,166.3318634033203,166.55814603288178,164.53839293436835,164.64734619822048,126320800
2015-10-06,165.76194763183594,166.7592535071073,165.09987760721134,166.19774784370665,110274500
2015-10-07,167.11961364746094,167.4716016642994,165.50213120205433,166.69218957934794,124307300
2015-10-08,168.628173828125,168.91311473391343,166.4324203846099,166.73412628130978,153055200
2015-10-09,168.72874450683594,169.20643806817367,168.1001915975367,168.77065059171088,107069200
2015-10-12,168.88792419433594,169.08905287462173,168.3767008187138,168.80411205225855,56395600
2015-10-13,167.8236083984375,169.4243260345395,167.6559968652406,168.1588314648313,88038700
2015-10-14,167.01907348632812,168.34322648356653,166.72575646799194,167.7649557607535,99106200
2015-10-15,169.58355712890625,169.59193322957273,167.3123806301731,167.68113366653773,134142200
2015-10-16,170.3545684814453,170.37132068160702,169.22316836151685,169.98581547086303,114580100
2015-10-19,170.43832397460938,170.43832397460938,169.3991251627592,169.70920702914214,76523900
2015-10-20,170.2205047607422,170.8322926630684,169.7511873130431,170.00261102800798,78448500
2015-10-21,169.16453552246094,170.79038155042025,168.9969111921257,170.63953499864772,102038000
2015-10-22,172.0223388671875,172.2318564832243,169.16452830328043,170.1115392319672,174911700
2015-10-23,173.90798950195312,174.27674253547696,172.89393144770239,173.6900957948435,144442300
2015-10-26,173.48057556152344,173.7906575223188,173.1118225335832,173.7319992431136,69033000
2015-10-27,173.14537048339844,173.48059356835412,172.46652263626052,172.81013461050176,77905800
2015-10-28,175.11483764648438,175.1399787397741,172.8185325397445,173.48060264294352,135906700
2015-10-29,175.01425170898438,175.3830047490535,174.49465212776337,174.61198147797265,90525500
2015-10-30,174.260009765625,175.52550452719265,174.10078709710965,175.20703361427752,131076900
2015-11-02,176.32167053222656,176.51442318688035,174.46115280346794,174.58687106445788,86270800
2015-11-03,176.83285522460938,177.3859847602942,175.74336114194094,175.9696437316192,95246100
2015-11-04,176.2965087890625,177.2519086361511,175.76014418697665,177.1262031778266,96224500
2015-11-05,176.1204833984375,176.81608334110962,175.23213085100582,176.35514207934628,78408700
2015-11-06,176.02830505371094,176.26297653576705,174.7041650460284,175.7768941585432,110471500
2015-11-09,174.38572692871094,175.567409509571,173.43870308601487,175.41655015621294,131008700
2015-11-10,174.78797912597656,174.82150910678078,173.63982664827824,173.90800255500784,75874600
2015-11-11,174.10081481933594,175.10649711906302,174.03376762762824,175.0562149222683,67846000
2015-11-12,171.6703338623047,173.5308511321067,171.65358166199235,173.06153376457812,121315200
2015-11-13,169.7427978515625,171.5278921550629,169.65899847215078,171.2597162378276,153577100
2015-11-16,172.3240203857422,172.38269144815004,169.44105635054686,169.55839847536257,117645200
2015-11-17,172.19833374023438,173.51409767680042,171.703875251433,172.63413394816544,121123700
2015-11-18,174.9304656982422,175.07293615993984,172.63416053119036,172.6760538291458,121342500
2015-11-19,174.77963256835938,175.19866788365732,174.48630273247363,174.8131497668883,88220500
2015-11-20,175.41656494140625,176.09540011887867,175.0394357081375,175.5338943203775,94011500
2015-11-23,175.21533203125,175.97796614731953,174.75439089212955,175.47513173113546,64931200
2015-11-24,175.4500274658203,175.8522976407663,173.82416899099331,174.20967417883455,98874400
2015-11-25,175.42491149902344,175.77689955099623,175.16509891948007,175.5757580407517,51980100
2015-11-27,175.6260223388672,175.82716382863123,175.03937564531228,175.517069100086,37317800
2015-11-30,174.8969268798828,175.90260887737918,174.78797362760773,175.78527952413694,112822700
2015-12-01,176.564697265625,176.68203941900245,175.24893315237756,175.52549796832068,97858400
2015-12-02,174.7628631591797,176.83289858748088,174.51143941876535,176.51442766375988,108441300
2015-12-03,172.31564331054688,175.2824066907532,171.59490230582782,175.014230831383,166224200
2015-12-04,175.6763153076172,175.9696450663858,172.31565756611263,172.31565756611263,192913900
2015-12-07,174.6119384765625,175.76846670439733,173.64815003410706,175.34943158713938,102027100
2015-12-08,173.43869018554688,174.56170160436466,172.45814921945004,173.05318491064102,103372400
2015-12-09,172.08932495117188,174.8884762386842,171.11716048875118,172.80168970800025,162401500
2015-12-10,172.53355407714844,173.8409418923696,171.92176624832106,172.15642494397923,116128900
2015-12-11,169.18966674804688,171.08370136373824,168.87957198536282,170.42163133411054,211173300
2015-12-14,170.04446411132812,170.1701823330511,167.57215920603662,169.3488769938021,182385200
2015-12-15,171.82957458496094,172.7346921593939,170.01933943609507,171.55300981600035,154069600
2015-12-16,174.34376525878906,174.6454710813745,171.63680174288578,172.9525654775375,197017000
2015-12-17,171.68711853027344,174.72092956664895,171.67035354010022,174.65388239389682,173092500
2015-12-18,168.6284942626953,171.08178369521318,168.46831115642496,170.94690416829022,251393500
2015-12-21,170.01956176757812,170.19660966654243,168.6875281416203,169.80037124585664,99094300
2015-12-22,171.5623321533203,171.8574076490797,169.91837134677345,170.90474783070158,111026200
2015-12-23,173.6868133544922,173.72896882744485,172.47280777210335,172.5655446669815,110987200
2015-12-24,173.4002227783203,173.94821838482557,173.18103225414737,173.43395231376144,48539600
2015-12-28,173.00393676757812,173.04607937608148,171.93324951228385,172.70886132378988,65899900
2015-12-29,174.8502960205078,175.17908826127268,174.06625793254906,174.09997460624697,92640700
2015-12-30,173.6109619140625,174.69008820124438,173.46764356955748,174.60577723904296,63317700
2015-12-31,171.87423706054688,173.57721788903368,171.87423706054688,172.93649841504953,114877900
2016-01-04,169.47161865234375,169.4800446060554,167.42297986388022,169.02479868864768,222353500
2016-01-05,169.75823974609375,170.21348562139548,168.65383530159394,169.7919564218734,110845800
2016-01-06,167.6168212890625,168.6622051229766,166.58828935540473,167.21214413008352,152112600
2016-01-07,163.59544372558594,166.45341046435007,163.2076312994672,164.67455717559412,213436100
2016-01-08,161.7997589111328,165.11298495531275,161.51312215609832,164.55656335032836,209817200
2016-01-11,161.95993041992188,163.05590878200323,160.02933257438642,162.71867774379808,187941300
2016-01-12,163.2666015625,164.01692260449545,161.14209198020376,163.4014939184649,172330500
2016-01-13,159.1947021484375,164.27834272629687,158.81532848192018,163.93268573198264,221168900
2016-01-14,161.8081512451172,162.92942017466441,158.20830205788596,159.80168151270632,240795600
2016-01-15,158.3347625732422,159.13566531111854,156.40416490555924,157.4579876827775,324846400
2016-01-19,158.54551696777344,160.27378878445893,156.9774282612069,160.14733520491595,195244400
2016-01-20,156.5137481689453,158.07341096946286,152.61039748829143,155.99105620650136,286547800
2016-01-21,157.3905029296875,159.22836322824276,155.6622314255676,156.98583868428858,195772900
2016-01-22,160.61944580078125,160.82177152815098,159.23683091955206,159.99557812528212,168319600
2016-01-25,158.1914520263672,160.30752363639772,157.9975522277229,160.11362383775347,130371700
2016-01-26,160.34967041015625,160.62788116564204,158.51180967058326,158.84902781199466,141036800
2016-01-27,158.60450744628906,161.49619024417947,157.70242920136823,159.82693898727493,185681700
2016-01-28,159.43080139160156,160.34973211500562,157.78683980751805,160.14740629791993,143798800
2016-01-29,163.31723022460938,163.45212261959614,160.07988992920824,160.19791755880993,210529300
2016-02-01,163.25820922851562,164.04226001473677,161.73227600136582,162.31398819603547,136061600
2016-02-02,160.31597900390625,161.84191255992488,159.79327407909,161.83348660747848,182564900
2016-02-03,161.27706909179688,161.68173350831097,157.73622650318634,161.36980602725322,205054900
2016-02-04,161.52992248535156,162.49943406698162,160.1473078410555,160.77960135882586,139531800
2016-02-05,158.45278930664062,161.5889669028916,157.82049564391338,161.01569349009503,180788300
2016-02-08,156.31983947753906,156.90997760538158,154.11103125730858,156.61491497348354,191526700
2016-02-09,156.32827758789062,157.60130371702277,154.44826138293897,154.5831537838088,184513100
2016-02-10,156.19337463378906,158.7815562592034,156.0669082029163,157.15446033381306,148214100
2016-02-11,154.16162109375,155.20701788010714,152.66940449594475,153.72322723314252,219058900
2016-02-12,157.33993530273438,157.35678720240546,155.0889717482724,155.9320298374662,127632400
2016-02-16,159.99559020996094,160.02088092779238,158.18302015711848,159.14410602685712,120250700
2016-02-17,162.6090087890625,162.97995631628444,161.0324817983692,161.15894819939982,136009500
2016-02-18,161.94300842285156,162.9378235539374,161.6310810787867,162.8788033190904,102343000
2016-02-19,161.86709594726562,162.0188401749765,160.5603537977998,161.16735643672533,114793000
2016-02-22,164.21083068847656,164.35414899997147,163.37619866548928,163.44364484690635,103640300
2016-02-23,162.136962890625,163.82307932901813,162.01892239045185,163.5532945241324,111455300
2016-02-24,162.8787841796875,163.1569948311797,159.60772826574748,160.71213205970443,150812200
2016-02-25,164.85165405273438,164.86009287075944,162.5669727129704,163.3257202202167,110728300
2016-02-26,164.4722137451172,165.81267313539044,164.312030636082,165.71994908705076,129833700
2016-02-29,163.1823272705078,165.43329090200194,162.9884275052904,164.48906992628648,125918100
2016-03-01,167.01824951171875,167.1025604717824,163.93265361565753,164.40476411830258,141799700
2016-03-02,167.76858520507812,167.81916663985717,166.29323332513397,166.70633648257544,102415000
2016-03-03,168.4261932373047,168.44305800594853,167.0182873607036,167.59156085410075,95172200
2016-03-04,168.97415161132812,169.74977648835898,167.79387525766805,168.6200687052301,129293600
2016-03-07,169.10902404785156,169.51370120479942,167.9793292621422,168.05520140505269,100219000
2016-03-08,167.26275634765625,168.54420852554634,167.1025860814623,168.038381279782,123974900
2016-03-09,168.0889129638672,168.4345569770791,167.28799754972553,168.07204820145247,94801200
2016-03-10,168.2238311767578,169.51372208535355,166.40283520236756,168.57792694871588,156838700
2016-03-11,170.9384765625,170.98063204544795,168.20697621851687,169.67388925834564,137964500
2016-03-14,170.71929931640625,171.17454512106875,170.10387038253248,170.4326625925799,73612000
2016-03-15,170.4411163330078,170.74461787361528,169.4968950351403,169.7582410826536,93169100
2016-03-16,171.42742919921875,171.83210634515947,169.91836087595732,169.96051635333183,129303200
2016-03-17,172.5149688720703,173.02079597186835,170.94688042101157,171.34311872441126,134278500
2016-03-18,173.1929168701172,173.53187424367286,172.701419627185,173.01495584424373,138372400
2016-03-21,173.4386749267578,173.66747828660118,172.70143545996896,172.9302388198123,72926700
2016-03-22,173.3453826904297,173.91314320266986,172.5064589610316,172.66745525194924,97471900
2016-03-23,172.2014617919922,173.150552830856,172.0319701661417,172.96412238673693,81052500
2016-03-24,172.12515258789062,172.1590560787583,170.95574076081914,171.17606172988638,84360900
2016-03-28,172.22686767578125,172.7522554642158,171.77774335397856,172.54040388108646,62408200
2016-03-29,173.81997680664062,173.930143763803,171.515030627081,171.82009741350487,92922900
2016-03-30,174.58265686035156,175.3029444872904,174.21826541228114,174.8199295998602,86365300
2016-03-31,174.158935546875,174.91312658967516,173.9979262910424,174.48942346607075,94584100
2016-04-01,175.34535217285156,175.53178263807487,172.8539749834099,173.16752418241117,114423500
2016-04-04,174.77755737304688,175.47243677743458,174.47249057387086,175.2690546011857,63497000
2016-04-05,173.03192138671875,174.78604597682616,172.7776968710869,173.43867285349214,99662200
2016-04-06,174.9215850830078,174.9809097231996,172.85391189996736,173.03187289015037,91839800
2016-04-07,172.8285675048828,174.19289260089965,172.09979733687882,173.83698339286025,113859000
2016-04-08,173.29457092285156,174.43857448496388,172.76070086981346,174.00638903997393,95040600
2016-04-11,172.8878631591797,174.62504892364467,172.79464793483095,173.9301694457003,83757500
2016-04-12,174.4978790283203,174.77752461935836,172.61663627434967,173.05729110844524,115350600
2016-04-13,176.26052856445312,176.34527437534416,175.2775340518565,175.41312217712402,96336400
2016-04-14,176.26895141601562,176.76893087958223,175.92152471607588,176.31980664735522,65212900
2016-04-15,176.07400512695312,176.40449292624032,175.75198673212358,176.268904872587,75761600
2016-04-18,177.31130981445312,177.34520037917224,175.4131149303134,176.0740908506917,82531000
2016-04-19,177.87062072753906,178.1248452658334,177.05711772147373,177.7350455134596,88316100
2016-04-20,178.04010009765625,178.7349666619935,177.43843582952366,177.9129813720752,81100300
2016-04-21,177.08250427246094,178.16718335548487,176.81132803650763,178.05701639332952,85695000
2016-04-22,177.08250427246094,177.3536675780196,176.18425561905624,176.7265951605682,99251700
2016-04-25,176.77749633789062,176.81986925516753,175.8707650436805,176.4808988473511,66166500
2016-04-26,177.04014587402344,177.5485948928953,176.56560035262072,177.14183050563952,75864200
2016-04-27,177.40452575683594,177.79432543947834,176.30289490822972,176.65880402601422,77329400
2016-04-28,175.79443359375,177.751940069478,175.37921278398585,176.65032222852545,97216200
2016-04-29,174.8453369140625,175.52326451487454,173.7437061790421,175.17582484152928,142424100
2016-05-02,176.2351531982422,176.413101344796,174.9132009593907,175.34537367427717,62188000
2016-05-03,174.7012939453125,175.24363348503738,173.95557222929278,175.0063607445574,106422100
2016-05-04,173.72677612304688,174.43860730448847,173.22680946555437,173.70983730544705,92243800
2016-05-05,173.69284057617188,174.54871613754133,173.26913749879046,174.19280710418795,67619200
2016-05-06,174.32846069335938,174.3708336030968,172.7692358860361,172.92176284461493,89315000
2016-05-09,174.47251892089844,174.90469156894966,174.02339452280697,174.20135557223787,74374900
2016-05-10,176.64183044433594,176.65878218986694,175.10802719880667,175.1758212505375,77472200
2016-05-11,174.9894256591797,176.71812906590588,174.9894256591797,176.1842718141911,81727000
2016-05-12,175.04025268554688,175.82834731079288,174.03183706537783,175.65885569735008,89586300
2016-05-13,173.51492309570312,175.29448163900955,173.1929174688306,174.74367267247877,96474600
2016-05-16,175.22666931152344,175.70121475883096,173.62507196166376,173.68439660777403,77486800
2016-05-17,173.5911865234375,175.2436262299386,173.06578582235952,174.95551118991153,114924900
2016-05-18,173.64202880859375,174.81992305361686,172.557349774201,173.24374681139082,120062100
2016-05-19,173.04039001464844,173.32850509687862,171.8370744385142,172.92175363194215,115430500
2016-05-20,174.133544921875,174.65046334051098,173.59967475481287,173.65051706969587,104990400
2016-05-23,173.89625549316406,174.4301126786471,173.7098250695369,174.15046704320636,58682600
2016-05-24,176.150390625,176.4639398326518,174.68438095384093,174.70980211521845,93537800
2016-05-25,177.3452606201172,177.76049452874364,176.1504141541832,176.82834205239817,76621400
2016-05-26,177.39608764648438,177.7096368689698,177.08255135439703,177.4808334753503,55280700
2016-05-27,178.15872192382812,178.16719133268288,177.5062153909457,177.55705770486466,64211200
2016-05-31,177.8197479248047,178.54004850476804,177.26045662250806,178.42988153996555,109879400
2016-06-01,178.18417358398438,178.36212171316362,177.01474844207405,177.20964832225997,69936200
2016-06-02,178.72650146484375,178.7434402843368,177.31133421338203,177.7858797671181,63044700
2016-06-03,178.19256591796875,178.54000554613668,176.98925072493054,178.16714476765324,101757100
2016-06-06,179.099365234375,179.45527440534923,178.38753396202972,178.54854326255548,64887000
2016-06-07,179.37892150878906,179.93821265201186,179.22639461357807,179.2518157627799,60974800
2016-06-08,179.96368408203125,180.0908027939479,179.38745396527267,179.51455974679448,66170900
2016-06-09,179.7179412841797,179.8365776566402,178.96375014559598,179.23491345533657,73786900
2016-06-10,178.01466369628906,178.68410904426875,177.4723112022157,178.34515166586806,113829200
2016-06-13,176.64183044433594,178.26884889469594,176.55709757746735,177.41297323608163,117751200
2016-06-14,176.29440307617188,176.88759783759872,175.34531214651957,176.26051251313893,125059300
2016-06-15,176.0486602783203,177.41298494979887,175.86222985634978,176.29440241797562,109124500
2016-06-16,176.57406616210938,176.74355778520848,174.2182774214604,176.0486783356093,149533100
2016-06-17,175.91641235351562,176.49563891498852,175.26051274909037,176.47008556654907,117055700
2016-06-20,177.0493927001953,178.54857937058586,176.96420617446128,177.8756526087873,82789600
2016-06-21,177.55197143554688,177.96083819196116,176.98977152195235,177.4327180900244,72461700
2016-06-22,177.2623291015625,178.45486236220714,177.11750942210634,177.7308159554772,95560500
2016-06-23,179.57077026367188,179.62187698505792,178.2589834234159,178.71895691353055,102731400
2016-06-24,173.1225128173828,179.60481154104718,172.67956633100692,173.45471943275535,333444400
2016-06-27,170.02195739746094,171.72558417299607,169.21272428096913,171.71705772062828,230775800
2016-06-28,173.08848571777344,173.11403908076488,171.31671223039905,171.62336558393773,159382400
2016-06-29,176.0356903076172,176.26567047579192,174.3831708896374,174.48538429771506,137328600
2016-06-30,178.43783569335938,178.48894240865778,175.9505425669414,176.5042289771642,165021900
2016-07-01,178.8126220703125,179.29816182418008,178.27597560501414,178.43782218963668,106055300
2016-07-05,177.5264434814453,178.09715693080918,176.93017666850108,177.98641702353322,109803700
2016-07-06,178.59117126464844,178.7104246011787,176.376451588928,177.0323514386638,96021500
2016-07-07,178.4804229736328,179.43444962093204,177.71379627457281,178.77003634904318,85593800
2016-07-08,181.13809204101562,181.38512517532322,179.54520533809736,179.77519856716046,133971000
2016-07-11,181.7769317626953,182.34765804487338,181.3936184220505,181.59805826929212,73633900
2016-07-12,183.09722900390625,183.39536879733734,181.80246941184768,182.739469050371,101275600
2016-07-13,183.07168579101562,183.52314573341144,182.58615904062134,183.5146322808212,87324100
2016-07-14,184.0939178466797,184.56241784165158,183.702090940079,184.33242457182143,91230900
2016-07-15,183.8468780517578,184.85201157224094,183.40393146762003,184.6560981398424,107155400
2016-07-18,184.3408966064453,184.50274319307965,183.7105501631425,183.96609672111055,58725900
2016-07-19,184.1535186767578,184.18758548966142,183.6765053102707,183.9235254473303,54345700
2016-07-20,184.9201202392578,185.1586268899919,184.1534935758465,184.1534935758465,58159500
2016-07-21,184.22161865234375,185.03083847970123,183.77867221092137,184.8093717578081,67777300
2016-07-22,185.04791259765625,185.09901931234043,184.07684602574125,184.3409060500352,62787500
2016-07-25,184.5453643798828,184.8946109866342,183.96613751783332,184.84350426323465,55873100
2016-07-26,184.63052368164062,184.9882836903036,183.78722387702433,184.44312372505922,70080500
2016-07-27,184.4345703125,185.07343011762134,183.6679307477728,185.00528351202541,84083900
2016-07-28,184.64755249023438,184.93716586113342,183.77869937989922,184.23867279264252,65035700
2016-07-29,184.94566345214844,185.3034234086294,184.1023767681707,184.38347666204226,79519400
2016-08-01,184.7923583984375,185.3971384940866,184.34089844051198,185.00531169925665,73311400
2016-08-02,183.60836791992188,184.6986879546182,182.77359448659124,184.54535479474276,92295500
2016-08-03,184.1449737548828,184.204606918532,183.25058028125014,183.54870710658165,53993600
2016-08-04,184.3408966064453,184.65606332927777,182.50097698624077,184.25571008791,46585500
2016-08-05,185.84864807128906,185.89124134235237,184.34094765725166,184.34094765725166,71892200
2016-08-08,185.7378387451172,186.13819191970643,185.4737787783957,186.03596551498777,39906500
2016-08-09,185.84864807128906,186.34270142081212,185.5249678060192,185.80606779786723,51251700
2016-08-10,185.3886260986328,186.03599945766584,185.03937956386426,185.9593393883668,57941100
2016-08-11,186.24893188476562,186.49596496611446,185.65266530542866,185.91672529073242,72504300
2016-08-12,186.0871124267578,186.3000657210769,185.6867591936269,185.94229274869974,61313500
2016-08-15,186.6237335205078,186.97298001947587,186.44486004381267,186.45337349587163,49813500
2016-08-16,185.66127014160156,186.27456388382728,185.66127014160156,186.20643024396827,53213600
2016-08-17,186.01046752929688,186.14676077773237,184.86052736442625,185.6953007652244,75134300
2016-08-18,186.42784118652344,186.46190799624154,185.87416779454654,185.984894674359,52989300
2016-08-19,186.1552734375,186.3341599500134,185.47383319350868,185.95936001723447,75443000
2016-08-22,186.14678955078125,186.3767828183617,185.5505227437594,185.91679628320082,61368800
2016-08-23,186.52149963378906,187.05814600024888,186.46186648301116,186.76000624163,53399200
2016-08-24,185.5675048828125,186.4704247663063,185.1501117490151,186.37672479739823,71728900
2016-08-25,185.4397430419922,185.85713621615523,185.03087631886928,185.18419646592582,69224800
2016-08-26,185.09051513671875,186.64933511037958,184.20463498108924,185.62716170076396,122506300
2016-08-29,186.00192260742188,186.26598260806702,185.1841762527955,185.2182560579585,70502200
2016-08-30,185.6952362060547,186.1978027625928,185.14156294853103,185.91670290953715,58114500
2016-08-31,185.16712951660156,185.48229619359975,184.39197650262852,185.3630428835759,85269500
2016-09-01,185.17572021484375,185.46533366033836,184.01725343522395,185.15868030697894,97844200
2016-09-02,186.01046752929688,186.43637418242812,185.43975417381776,186.0275074347612,79293900
2016-09-06,186.57264709472656,186.64930716450087,185.57602719474625,186.29154717458266,56702100
2016-09-07,186.5555877685547,186.73447424370875,185.9508077286711,186.41078109706655,76554900
2016-09-08,186.12973022460938,186.49601672347939,185.8230768990411,186.22343021291192,74102900
2016-09-09,181.6747283935547,184.86902807179513,181.64917503593986,184.81792135656548,221589100
2016-09-12,184.28125,184.68160321216067,180.84844411519546,180.91659072552463,168110900
2016-09-13,181.6321258544922,183.26760564649985,181.010305854894,183.0035456328748,182828800
2016-09-14,181.5640411376953,182.88435465358302,181.01036756537584,181.68329450700915,134185500
2016-09-15,183.37840270996094,183.76171617178238,181.22331567151642,181.40220221910886,134427900
2016-09-16,182.66952514648438,182.94348862446228,181.98464257813484,182.76369845912708,155236400
2016-09-19,182.70375061035156,183.96224239525162,182.37842229326847,183.32015528309017,80250500
2016-09-20,182.7123260498047,183.7139804812361,182.67808714811602,183.55988582869148,69665300
2016-09-21,184.76698303222656,184.94676009783961,182.7294225333122,183.41431802619306,110284400
2016-09-22,185.9312744140625,186.23092025195749,185.52891189540338,185.77717979797526,76678700
2016-09-23,184.9125213623047,185.67446416968156,184.81834806866058,185.53748245832742,73630900
2016-09-26,183.41427612304688,184.26182250818067,183.2173600593985,184.0820454836398,89827300
2016-09-27,184.55296325683594,184.6471234918225,182.8835263269881,183.2516630614715,78494800
2016-09-28,185.468994140625,185.623101833831,183.81669631342595,184.77554217943597,87411000
2016-09-29,183.79100036621094,185.6658967386846,183.24308657792002,185.26352112161058,128070600
2016-09-30,185.1779022216797,185.87991058216204,184.37315105327025,184.62141895723138,117202900
2016-10-03,184.73268127441406,184.95526669769765,184.09915082820336,184.76693322463706,83512100
2016-10-04,183.79100036621094,185.0666180738813,183.20029122302313,184.84403258789584,119948100
2016-10-05,184.60430908203125,185.0323671094434,184.34747165292507,184.41596250490633,72816000
2016-10-06,184.73268127441406,184.95526669769765,183.84232651798825,184.38167063273147,62927400
2016-10-07,184.0992431640625,185.17795806116646,183.37155214799031,185.00673741404938,89788300
2016-10-10,185.05804443359375,185.52034134257795,184.91250627588957,185.05804443359375,51855000
2016-10-11,182.72084045410156,184.6984794829944,181.99314965685426,184.62998863208392,130367400
2016-10-12,182.9605255126953,183.48275670789812,182.3612339622757,182.8577827268367,73866100
2016-10-13,182.36123657226562,182.8577853439333,180.8202384585352,181.63354592151325,101357000
2016-10-14,182.4554443359375,183.79955277491104,182.37839702834248,183.3372428027531,93346200
2016-10-17,181.82192993164062,182.68660243484823,181.6421398142282,182.42976500852797,58275700
2016-10-18,182.9605255126953,183.47418718882332,182.58383244555998,183.41426587175613,76869700
2016-10-19,183.4485626220703,183.75676495027773,182.86640992617598,183.22597713186872,66519200
2016-10-20,183.10610961914062,183.6625798404998,182.44689658612387,183.097540097914,73639800
2016-10-21,183.1917266845703,183.27734352328338,182.14726395608955,183.10612290915276,89089100
2016-10-24,183.97079467773438,184.33893140659717,183.6197839291966,184.06496797457876,60146600
2016-10-25,183.3543701171875,184.0478220171836,183.1917059799945,183.79098459336805,66542300
2016-10-26,182.98622131347656,183.56837386828238,182.29275644560417,182.53248092126256,75705500
2016-10-27,182.4982147216797,183.73958009522707,182.42116743013958,183.70534120897295,77220200
2016-10-28,181.95889282226562,183.1488935654366,181.24832802261642,182.4725676586778,140623200
2016-10-31,181.96743774414062,182.51535139937488,181.80477363248966,182.2927529041506,61272500
2016-11-01,180.6490020751953,182.3441208756771,179.44188864631383,182.29274295115147,122781800
2016-11-02,179.56179809570312,180.7261165309572,179.12517051792338,180.34085382978796,103330800
2016-11-03,178.73992919921875,179.98986452919675,178.465978823447,179.77583549116116,88939300
2016-11-04,178.54298400878906,179.69017624675064,178.39744586486492,178.85118627336155,109122100
2016-11-07,182.48114013671875,182.51539209591,178.54301394389404,178.54301394389404,109794900
2016-11-08,183.30300903320312,183.86804876461554,181.8219319159806,182.08732580286676,106772100
2016-11-09,185.2464141845703,185.8628188492065,181.78769767041217,181.8133801094974,258429000
2016-11-10,185.70867919921875,186.89867990417122,184.2532846271845,186.03400745605103,172113300
2016-11-11,185.28060913085938,185.52032054765516,184.3388894401023,184.9895328480777,100552700
2016-11-14,185.42617797851562,186.00834370377714,184.68136117179486,185.80287114251522,94580000
2016-11-15,186.87301635742188,186.87301635742188,185.60596822040515,185.81142771850293,91652600
2016-11-16,186.52198791503906,186.75314289173917,186.13673832940114,186.25659404633944,65617700
2016-11-17,187.48085021972656,187.54077154766955,186.5647998162659,186.676099078109,69797200
2016-11-18,187.0613250732422,187.72053797721748,186.88153498550636,187.5493174090308,86265800
2016-11-21,188.47389221191406,188.49957464140505,187.4893642459843,187.63490236753012,72402600
2016-11-22,188.84207153320312,189.02184858031546,188.11436769753672,188.7821371419699,67429000
2016-11-23,188.94485473632812,188.99621962146534,188.13154690729507,188.32844998808685,56620200
2016-11-25,189.64682006835938,189.68105896052663,189.2101925476429,189.28725291578274,37872300
2016-11-28,188.75650024414062,189.61261646285374,188.65377047815005,189.33866606577988,76572500
2016-11-29,189.12457275390625,189.57831315059707,188.49104226452081,188.79068806458108,69886700
2016-11-30,188.67086791992188,189.90367717850862,188.61093352329578,189.74101303143192,113291800
2016-12-01,187.97740173339844,188.97048639352258,187.6178215074796,188.97048639352258,79040500
2016-12-02,188.071533203125,188.55952553277262,187.71196609547022,188.06297674697552,74840300
2016-12-05,189.20162963867188,189.54407080184095,188.7050808077716,188.90198382342916,67837800
2016-12-06,189.80088806152344,189.83514001218086,188.910533293805,189.38995609667583,59877400
2016-12-07,192.2836151123047,192.3435364257698,189.52692117393732,189.64677686415806,110738100
2016-12-08,192.75454711914062,193.22541361716267,191.9926042635398,192.25801124482192,99714400
2016-12-09,193.9188232421875,193.93594921927246,192.94285156103166,192.9771035152016,88005800
2016-12-12,193.69622802734375,194.3040760819301,193.276726521317,193.82464019077423,102016100
2016-12-13,194.9889678955078,195.48551672384679,194.33832446352554,194.35545044058355,110477500
2016-12-14,193.37948608398438,195.39135084417444,192.94285856387455,194.68934251772694,142501800
2016-12-15,194.17562866210938,195.03174448924327,193.3880036687411,193.61915859978868,124972600
2016-12-16,193.79592895507812,194.6915449704416,193.47730315707153,194.6312573112015,156420200
2016-12-19,194.2178192138672,194.639793225308,193.83029903289997,193.9766949616971,90341100
2016-12-20,194.9671173095703,195.1135264473923,194.51932242546528,194.75182675903397,89838800
2016-12-21,194.42449951171875,195.01008321707607,194.42449951171875,194.8378534884584,67909000
2016-12-22,194.0887451171875,194.39876404162973,193.69260471473083,194.27820185658513,56219100
2016-12-23,194.37290954589844,194.38151643666708,193.94232848222345,194.13177206117248,36697800
2016-12-27,194.85516357421875,195.2512908050914,194.62264611418124,194.63987303648184,42672500
2016-12-28,193.24476623535156,195.1307133002148,193.13282409992078,195.1134995195581,64095000
2016-12-29,193.2017059326172,193.66672764527488,192.76250488924578,193.31364806068328,48696100
2016-12-30,192.4955596923828,193.61507303026372,191.80662739674145,193.52895156569957,108998300
2017-01-03,193.9681396484375,194.4762220905839,192.79695876636885,193.7958967308444,91366500
2017-01-04,195.1220703125,195.26846626274224,194.28674219501517,194.29534908375123,78744400
2017-01-05,194.9671173095703,195.1221333389085,194.17484966043173,194.85517515869023,78379000
2017-01-06,195.6646728515625,196.12969466640834,194.53653931091543,195.07907571181272,71559900
2017-01-09,195.01882934570312,195.54413889884307,194.98437549352983,195.40634977073876,46939700
2017-01-10,195.01882934570312,195.87137165272264,194.631295780373,195.0360431314953,63771900
2017-01-11,195.5699005126953,195.5699005126953,194.2695374492885,194.9326358857143,74650000
2017-01-12,195.07907104492188,195.26852777910625,193.72705323128866,195.05323723028695,72113200
2017-01-13,195.5268096923828,195.82820846961746,195.21679088646673,195.25123158032957,62717900
2017-01-17,194.83792114257812,195.2943359950259,194.4504008335571,194.88958876507553,61240800
2017-01-18,195.26846313476562,195.31152385833252,194.536470254992,195.0876133518998,54793300
2017-01-19,194.54510498046875,195.4837683798126,194.114523992848,195.3459793101046,66608800
2017-01-20,195.25987243652344,195.7507279330802,194.59677403141717,195.22541859869793,129168600
2017-01-23,194.7517852783203,195.32015536434764,193.9939716372401,195.25988085598757,75061600
2017-01-24,196.00045776367188,196.41381180496955,194.8551108360682,194.9670529499956,95555300
2017-01-25,197.69700622558594,197.69700622558594,196.78416328499497,196.94778620019798,84437700
2017-01-26,197.4903106689453,197.8175564796249,197.21473248304858,197.55058518442826,59970700
2017-01-27,197.1802978515625,197.71421417781394,196.99944801896262,197.56781818965763,59711100
2017-01-30,195.95738220214844,196.51713215026635,194.97565821572096,196.49129834590934,79737300
2017-01-31,195.94020080566406,196.0004884566942,194.89820208042732,195.4665590486064,75880800
2017-02-01,196.01771545410156,196.8530437527953,195.43213152610113,195.94021401779992,79117700
2017-02-02,196.14688110351562,196.43106615293237,195.32877979535274,196.0176989136226,69657600
2017-02-03,197.49893188476562,197.67978172491428,196.74111809916565,197.0511370106404,80563200
2017-02-06,197.14585876464844,197.49033153341225,196.81000602778656,197.094191134407,57790100
2017-02-07,197.1544952392578,197.77453313445136,196.96503848571015,197.53340874635316,57931200
2017-02-08,197.4127655029297,197.54193453627462,196.61187807532636,197.15441429595157,51566200
2017-02-09,198.58396911621094,198.88536794214565,197.41278823132038,197.41278823132038,65955200
2017-02-10,199.3676300048828,199.59154055725963,198.60119627316433,198.92844207107467,66015900
2017-02-13,200.45272827148438,200.71107955863835,199.83269043843177,199.85852425311793,55182100
2017-02-14,201.25357055664062,201.26219058701622,199.92738676753206,200.2718463350098,71109000
2017-02-15,202.30418395996094,202.49364065914128,200.98660709584573,201.03827471556946,86785800
2017-02-16,202.13197326660156,202.51088670074023,201.38276642928537,202.33003687434092,84722400
2017-02-17,202.45057678222656,202.45057678222656,201.45162568212956,201.4688526018663,77204100
2017-02-21,203.65625,203.828479809059,202.8123015971143,202.82092162875713,88946100
2017-02-22,203.4753875732422,203.6992849971404,203.08786724175664,203.251490149344,62115200
2017-02-23,203.61317443847656,204.00930165644274,202.8553475654405,203.9920878749946,74615900
2017-02-24,203.87155151367188,203.91459911303326,202.72620416839197,202.7692649080462,82381600
2017-02-27,204.19015502929688,204.36238482880697,203.53567653504197,203.7854077732879,56515400
2017-02-28,203.63897705078125,204.0523311271555,203.25145678291233,203.81120682091307,96961900
2017-03-01,206.48944091796875,206.95447579618843,205.27519924075014,205.29242616150023,149158200
2017-03-02,205.18905639648438,206.3085695316657,205.1373887832171,206.2999495025957,70246000
2017-03-03,205.3182373046875,205.48186018302286,204.72403343717016,205.1029468100965,81974300
2017-03-06,204.70689392089844,205.0599604734913,204.10406980512377,204.5260440581073,55391500
2017-03-07,204.09539794921875,204.75849638133062,203.8887143347153,204.40541680082913,65103700
2017-03-08,203.7165069580078,204.64656361509844,203.5787178665223,204.38821235363588,78168800
2017-03-09,203.9748077392578,204.3020534654755,203.01031061813754,203.83701868187268,90683900
2017-03-10,204.68960571289062,204.9737907605969,203.74232222053638,204.93073003089174,81991700
2017-03-13,204.79295349121094,204.83601422355267,204.30209793532902,204.62933059248675,57256800
2017-03-14,204.00930786132812,204.3021129786375,203.39789009404342,204.25043221184765,59880800
2017-03-15,205.7747039794922,206.1966781857777,204.34517158134187,204.57768905340063,96081800
2017-03-16,205.36997985839844,205.9900177602892,205.0427471226127,205.9125163076263,78344000
2017-03-17,205.00926208496094,205.82227819204954,205.00926208496094,205.63199726496683,89002100
2017-03-20,204.78440856933594,205.2947014651116,204.3952023470911,205.00928004947667,52537000
2017-03-21,202.15505981445312,205.51090901439778,202.02532881856098,205.38982235241298,131809300
2017-03-22,202.6307373046875,202.91615865814032,201.5669036763305,202.18963877523575,97569200
2017-03-23,202.41453552246094,203.54756354767736,202.04263120164606,202.63076264780625,100410300
2017-03-24,202.26751708984375,203.2881028594989,201.48910466205444,202.7172732379335,112504900
2017-03-27,202.0598907470703,202.3193658995784,200.32142966093872,200.59819347881407,87454500
2017-03-28,203.5302734375,203.9540701538015,201.6447660551732,201.75720838274196,93483900
2017-03-29,203.72055053710938,203.95407953685887,203.01997673531778,203.24486140080134,61950400
2017-03-30,204.36923217773438,204.56817064319617,203.48703497312647,203.66001404084622,56737900
2017-03-31,203.89356994628906,204.55954010476322,203.84166434141252,204.03194530025047,73733100
2017-04-03,203.53890991210938,204.14434319591695,202.3107414799695,203.94541794497783,85546500
2017-04-04,203.66867065429688,203.75516679210006,202.8729563368468,203.25351822724852,56466200
2017-04-05,203.063232421875,205.32064431094852,202.8556496145903,204.34329340648705,108800600
2017-04-06,203.63406372070312,204.15300091336346,202.76049767058808,203.2016094614245,69135800
2017-04-07,203.42652893066406,204.1184585482858,202.94218215756678,203.383280855039,74412300
2017-04-10,203.5475311279297,204.3432452387694,203.01993649822074,203.56483299048935,67615300
2017-04-11,203.3053436279297,203.40912840112318,201.8177002907075,203.16695513203615,88045300
2017-04-12,202.41453552246094,203.21890729142282,202.1896640631861,203.02862636532242,81864400
2017-04-13,201.099853515625,202.81238170244328,201.099853515625,202.07720426085868,92880400
2017-04-17,202.881591796875,202.881591796875,201.41989433024537,201.61881958860167,68405400
2017-04-18,202.2761688232422,202.81242112623795,201.59289684029733,202.1464378130178,83225800
2017-04-19,201.90426635742188,203.21027359661804,201.67938167431168,202.83836923217876,68699900
2017-04-20,203.5475311279297,203.98864283974876,202.19827619226862,202.5182880636242,92572200
2017-04-21,202.89895629882812,203.52169170312953,202.50110563341738,203.4697992856813,110389800
2017-04-24,205.1303253173828,205.33790808615962,202.8729138470728,205.13896965036957,119209900
2017-04-25,206.3239288330078,206.669886959925,205.68389178100873,205.77038791146632,76698300
2017-04-26,206.19422912597656,207.17158018170386,206.15099424887595,206.28936961102488,84702500
2017-04-27,206.36717224121094,206.66988229606818,205.83091999989713,206.51420510170553,57410300
2017-04-28,205.91746520996094,206.65262968766442,205.7877209862772,206.62668348241957,63532800
2017-05-01,206.43637084960938,206.86018079937156,206.02121843190722,206.43637084960938,66882500
2017-05-02,206.51426696777344,206.69589041560596,206.10775879743932,206.57480371789754,57375700
2017-05-03,206.26339721679688,206.60936857189026,205.588769571187,206.5142280989218,73137700
2017-05-04,206.5055694580078,206.64395799930222,205.6579627381305,206.56611939387074,61462700
2017-05-05,207.3185577392578,207.33585960395547,206.4363474040606,206.87745917038717,62001300
2017-05-08,207.28399658203125,207.50886806514407,206.8601866203432,207.36183518801747,48385700
2017-05-09,207.0936279296875,207.7423090997659,206.7476567205077,207.54338390289513,51363200
2017-05-10,207.46559143066406,207.46559143066406,206.8428562736012,207.05043905844082,54293800
2017-05-11,207.04177856445312,207.20611327327558,205.96064305636312,207.01583236805536,62358300
2017-05-12,206.69586181640625,207.0850680625128,206.42774225125416,206.79100229411748,53912700
2017-05-15,207.83750915527344,207.95859581385963,207.10233167263556,207.11963353742098,61918900
2017-05-16,207.64720153808594,208.15749430527327,207.25799541391686,208.13154811015895,51241800
2017-05-17,203.96275329589844,207.64725919723645,203.90220335884877,207.64725919723645,172174100
2017-05-18,204.78440856933594,205.63201528405148,203.6254210398754,203.88489625385785,107047700
2017-05-19,206.11636352539062,206.78234683353799,205.21686440061802,205.26875680431252,115011400
2017-05-22,207.1629180908203,207.32725284158846,206.55748469124688,206.62666576766244,61010600
2017-05-23,207.6212921142578,207.78562684405628,207.15423412457204,207.53479598358814,48341700
2017-05-24,208.1056365966797,208.2094213944331,207.51749194867847,207.85481893629006,46927700
2017-05-25,209.10025024414062,209.37702726719854,208.40833408140554,208.61590365124414,64071700
2017-05-26,209.05703735351562,209.2213588810894,208.83215269928246,208.90999129615258,46629900
2017-05-30,208.87538146972656,209.12619910229242,208.5813157770756,208.7369929564361,35201900
2017-05-31,208.82351684570312,209.20407870913107,208.13158738469383,209.16947497747938,91796000
2017-06-01,210.48411560058594,210.50141746443626,208.9964720483849,209.28189341336648,68962000
2017-06-02,211.18470764160156,211.3403980348541,210.24196054050776,210.53602626420476,88666100
2017-06-05,211.02902221679688,211.2971417307393,210.8300837666508,211.01172035211985,44698800
2017-06-06,210.3544464111328,211.02041659427644,210.2765945996635,210.46687556555,50375400
2017-06-07,210.74363708496094,210.96850857461544,210.02576134813626,210.69174467946053,54144300
2017-06-08,210.84739685058594,211.32309917359729,210.3198021282382,210.83875251651543,65950700
2017-06-09,210.52740478515625,211.91125062202613,209.26463242652287,211.11553629639795,132256400
2017-06-12,210.48411560058594,210.53600799468163,209.63650903629403,210.2851903574007,86108100
2017-06-13,211.51341247558594,211.56530488286464,210.6744500313574,211.0204082115211,60067000
2017-06-14,211.2452392578125,211.79012259331708,210.423565693046,211.78147826011883,78602300
2017-06-15,210.8387451171875,210.95983177720848,209.61922098575457,209.89598483832128,66464900
2017-06-16,210.88475036621094,211.0498864423967,210.00693780446878,210.99774099977202,84553100
2017-06-19,212.64044189453125,212.70127383885932,211.61486597329232,211.7104703959348,65123800
2017-06-20,211.20639038085938,212.2927983226885,211.18901740229742,212.2841118334075,56906400
2017-06-21,211.1542205810547,211.7104608526788,210.68489823948386,211.59748345778655,55977600
2017-06-22,211.05870056152344,211.65840003798385,210.88487789372232,211.16300477165967,44148100
2017-06-23,211.3106689453125,211.64092790155846,210.73704243872845,211.11946010978448,66986800
2017-06-26,211.44972229003906,212.39707999389566,211.2411404748748,211.9798898399386,56700500
2017-06-27,209.74623107910156,211.5279424723989,209.72884484149196,211.23242948028994,82247700
2017-06-28,211.62356567382812,211.82346100773714,210.52845805803364,210.76312587024884,70042600
2017-06-29,209.76365661621094,211.82348188810502,208.55557148137194,211.77133642732028,106949700
2017-06-30,210.15478515625,210.94569343453097,209.96357627003223,210.5719621526262,86820700
2017-07-03,210.51109313964844,211.52796934909023,210.51109313964844,211.0934061863297,39153800
2017-07-05,210.997802734375,211.20638456590143,210.06783119610182,210.8761255787128,54427600
2017-07-06,209.06834411621094,210.35464738842117,208.88582174928314,210.23297023107446,65400800
2017-07-07,210.42417907714844,210.57192896378987,209.0770305954212,209.64197067450192,57972300
2017-07-10,210.65016174316406,211.02389299205186,210.11999410763698,210.42419365296854,36663300
2017-07-11,210.4937286376953,210.8066146776675,209.32910242406086,210.6501650267731,50354600
2017-07-12,212.07550048828125,212.24063660467954,211.45842825120994,211.45842825120994,59610400
2017-07-13,212.43185424804688,212.54484491380276,211.85822769210736,212.0842090236191,39471600
2017-07-14,213.42266845703125,213.77901345016744,212.33626049879845,212.43186492959558,60262700
2017-07-17,213.3966064453125,213.72687872498506,213.2227838156278,213.34446098258874,33531900
2017-07-18,213.50958251953125,213.56172797868854,212.64914265798896,212.988101404327,42742500
2017-07-19,214.66552734375,214.6742138332142,213.81377395088398,213.82247370216416,51034300
2017-07-20,214.76112365722656,215.03923718954388,214.21356981991232,214.91756003256464,47135200
2017-07-21,214.5699005126953,214.59597324018205,213.9615015064993,214.1874828271371,82340800
2017-07-24,214.51776123046875,214.65681136046095,214.04842559857326,214.4916752404168,46622300
2017-07-25,215.03924560546875,215.36951787097334,214.81327752275382,215.26521368818368,54915600
2017-07-26,215.04794311523438,215.36082915600542,214.78721579943908,215.32606993450494,47575400
2017-07-27,214.8480224609375,215.54332616544713,213.52694674855073,215.50856694803846,70766600
2017-07-28,214.59597778320312,214.7263414233966,213.9180603305673,214.36999645778127,50088400
2017-07-31,214.4742889404297,215.09136115279443,214.2656938656761,214.99575673459248,65838700
2017-08-01,214.95236206054688,215.10879845738904,214.43088088077172,215.0740392342521,55050400
2017-08-02,215.0567169189453,215.19578037646528,214.12674496632945,215.08278965950265,47211200
2017-08-03,214.63941955566406,214.9696785049686,214.3612927964457,214.9436057790186,40856000
2017-08-04,215.0305633544922,215.36082236469053,214.64814562096288,215.1261677878745,60191800
2017-08-07,215.43032836914062,215.43032836914062,214.99576522593466,215.10006939833806,31995000
2017-08-08,214.90017700195312,216.33424343971365,214.52645903629823,215.11745858993362,61719400
2017-08-09,214.89146423339844,214.9436096862463,213.85720187920182,214.2135468227478,62632600
2017-08-10,211.85821533203125,214.18748063761373,211.80606987759083,214.05710373969825,120479500
2017-08-11,212.171142578125,212.76215545427516,211.84957003866828,212.0842378910968,74869900
2017-08-14,214.27438354492188,214.49166511117897,213.41395703010485,213.44871624550768,73291900
2017-08-15,214.24835205078125,214.67422877685988,213.94416575656814,214.65684253490522,55242700
2017-08-16,214.6219940185547,215.16954768687026,214.19611746966356,214.76974385915497,56715500
2017-08-17,211.27590942382812,214.3265512292941,211.27590942382812,214.01366523031848,128490400
2017-08-18,210.9456787109375,212.23198209604297,210.50241575027266,211.1108015904025,136748000
2017-08-21,211.11077880859375,211.37151935817374,210.18082053799722,210.88481073859253,65469700
2017-08-22,213.31834411621094,213.47478047201594,211.6756960711894,211.69308230910568,63140100
2017-08-23,212.55352783203125,212.97940449734378,212.20588261344366,212.35363249443412,50203800
2017-08-24,212.0581817626953,213.09243116875874,211.84958662622424,212.93599476276896,50741700
2017-08-25,212.55352783203125,213.46611310809237,212.40577795104076,212.84902759401217,64445900
2017-08-28,212.56224060058594,213.10978119030355,212.14505039855294,213.08370846040347,40565600
2017-08-29,212.8055877685547,213.0663150587926,211.1368535401398,211.24984420711982,51135700
2017-08-30,213.8137969970703,214.08323734129397,212.6057117405338,212.78823413348303,62030800
2017-08-31,215.10009765625,215.34345198746985,213.84855351750988,214.43086661448717,103803900
2017-09-01,215.4042510986328,215.83012774424623,215.25650122447658,215.47378279149711,62007000
2017-09-05,213.85719299316406,215.12612309426453,212.8924623701218,214.9001417922281,91398800
2017-09-06,214.5872802734375,214.91755251446293,214.00496723813447,214.53513481681557,57916900
2017-09-07,214.56118774414062,214.90884619256107,214.15269735588026,214.89145995468658,58034700
2017-09-08,214.3091583251953,214.76979418966545,214.06580402931732,214.27438584760446,63832800
2017-09-11,216.59498596191406,216.67320415146062,215.56072347185696,215.57809645054567,71364800
2017-09-12,217.3250274658203,217.3597866815819,216.7774736694203,216.95999602215846,56896000
2017-09-13,217.4293670654297,217.4641395507926,216.92527212220693,217.03826280691024,59228000
2017-09-14,217.35980224609375,217.55971085193482,216.93393882890064,217.10776144378448,95446300
2017-09-15,217.6524200439453,217.739756008967,217.11089174686597,217.21570023594433,95432400
2017-09-18,218.11532592773438,218.46469641738005,217.7310103925462,218.01924704393736,46235200
2017-09-19,218.3336944580078,218.42104374769173,218.01052607591205,218.35989657938688,47108100
2017-09-20,218.4123077392578,218.525859153917,217.41658711242658,218.42105066508134,59574100
2017-09-21,217.82708740234375,218.34241353480814,217.65240215902375,218.25507757696303,48211400
2017-09-22,217.87074279785156,218.03669842901505,217.50389982099844,217.53010193880021,51214000
2017-09-25,217.42530822753906,217.9668498298664,216.68289258120123,217.61746600132773,57064400
2017-09-26,217.55630493164062,218.0978331385597,217.32047254284774,217.8532711530073,54082000
2017-09-27,218.40357971191406,218.78789527725007,217.37291402963743,218.25509657578533,81001400
2017-09-28,218.66561889648438,218.74422526534195,218.0367412903613,218.12407725765934,44778800
2017-09-29,219.43423461914062,219.5128543148782,218.47345902225527,218.65687388117044,85578000
2017-10-02,220.38626098632812,220.38626098632812,219.4866060401173,219.6613046021802,59023000
2017-10-03,220.85794067382812,220.8841427959599,220.30766945379898,220.38628914782512,66810200
2017-10-04,221.11997985839844,221.3645418885094,220.5959107495144,220.70946216621985,55953600
2017-10-05,222.4301300048828,222.447589200853,221.15490233464226,221.45186859770155,63522800
2017-10-06,222.1768341064453,222.4650707832565,221.7226550953771,221.9846763219045,80646000
2017-10-09,221.8099365234375,222.4650160839483,221.5479020337076,222.40388225533374,35803100
2017-10-10,222.39517211914062,222.77075805290576,221.83617134486326,222.37771292417833,43057400
2017-10-11,222.74461364746094,222.74461364746094,222.13320847461802,222.29915083553502,47674300
2017-10-12,222.41268920898438,222.77953229114695,222.1768567534397,222.43016173507755,47065100
2017-10-13,222.68341064453125,222.96291769784074,222.41264651640637,222.84936629148,54800400
2017-10-16,222.98040771484375,223.17256550864792,222.56990333095123,222.91054426948924,38221700
2017-10-17,223.1376190185547,223.1812936647346,222.70962881020068,222.92798871346952,31561000
2017-10-18,223.35595703125,223.5568443908322,223.1637992689959,223.5131697489327,40888300
2017-10-19,223.41712951660156,223.4520745672181,222.1593875746752,222.57863488865067,61903800
2017-10-20,224.5700225830078,224.59625135770185,223.39963015043398,224.21193583581314,89176400
2017-10-23,223.6966094970703,224.9194462959128,223.61800312947534,224.89324417338113,63915300
2017-10-24,224.08969116210938,224.32551028927895,223.73157768030504,224.1246362141857,66935900
2017-10-25,222.98040771484375,223.8713199108784,221.85367640356625,223.75776848882185,103715300
2017-10-26,223.26861572265625,223.86254822529017,223.1463347175475,223.59179742215292,69798000
2017-10-27,225.09410095214844,225.2513403305325,223.2773584004407,224.01104443027998,85562500
2017-10-30,224.25558471679688,224.99801359997798,223.95861849457592,224.01102273054096,54285700
2017-10-31,224.60501098632812,224.85831595994026,224.308044690315,224.63121311082153,60304800
2017-11-01,224.90194702148438,225.72298235215794,224.5351173279343,225.38235477957573,54202700
2017-11-02,224.9893035888672,225.12905712363738,223.76649347870475,224.83209085797372,56449500
2017-11-03,225.7404327392578,225.78409404892494,224.73595606435163,225.14647366519628,59589700
2017-11-06,226.08984375,226.22085435776503,225.53957254212585,225.6094359811802,49652600
2017-11-07,225.93267822265625,226.5266108721165,225.42606822644223,226.19469949292795,57502200
2017-11-08,226.31692504882812,226.41301726687485,225.47843048486277,225.75793755793842,50469600
2017-11-09,225.4959259033203,225.68808369230456,223.91497561583995,225.11161032535176,95085500
2017-11-10,225.4259796142578,225.60067816261147,224.79710215754318,225.11155421352854,59984700
2017-11-13,225.6356658935547,225.8627687451596,224.7098219443005,224.74476699576226,50228600
2017-11-14,225.11155700683594,225.21636547504622,224.0546760901173,224.83204998810425,61315200
2017-11-15,223.98486328125,224.66614513383567,223.27737930569037,224.14207601909382,80811500
2017-11-16,225.8889923095703,226.2558487465771,224.88454189064078,224.92820321766374,67777000
2017-11-17,225.22509765625,225.86271808991955,225.14649129953867,225.53954973835357,75756800
2017-11-20,225.60948181152344,225.80163962703412,225.22516618050204,225.46975490503058,48075500
2017-11-21,227.08558654785156,227.26902808267985,225.57455287648494,226.37810249998583,69176800
2017-11-22,226.88470458984375,227.22533221148802,226.71874891472385,227.0943215877787,45033400
2017-11-24,227.40870666503906,227.51354180063734,227.2340347495609,227.37378827509912,27856500
2017-11-27,227.29519653320312,227.74937552896802,227.09429582945995,227.45240926382237,52274900
2017-11-28,229.60108947753906,229.62729160230606,227.66205227898897,227.7581445066441,98971700
2017-11-29,229.4613037109375,230.26487984974452,229.01586765243735,229.73206784726955,77512100
2017-11-30,231.4702606201172,232.3786187053131,230.29985463494003,230.3784610083552,127894400
2017-12-01,230.98983764648438,231.73226666483723,227.75812700080465,231.25188552927713,164390900
2017-12-04,230.71035766601562,233.03368363528838,230.65792676514644,232.60570674441112,94040600
2017-12-05,229.88052368164062,231.59245748583294,229.74951309935017,229.88052368164065,77994500
2017-12-06,229.92420959472656,230.35221308301692,229.46128771759268,229.9766138332505,75898600
2017-12-07,230.64913940429688,230.96356478102697,229.66214865747057,230.64913940429688,77218600
2017-12-08,231.90695190429688,231.91566817453804,230.61425172727832,231.60124271960038,76563900
2017-12-11,232.60565185546875,232.6667990126684,231.8807088587994,232.60565185546875,83077500
2017-12-12,233.0162353515625,233.48790023937693,232.64066268870263,233.39180801442237,85195800
2017-12-13,232.9900665283203,233.69755063352946,232.90271721731247,233.26083073375753,102905400
2017-12-14,232.03797912597656,233.4005428387963,231.98557487973446,233.28699142018422,100666700
2017-12-15,233.97021484375,234.43550291442347,232.98696660319516,233.03963870240307,144610300
2017-12-18,235.453857421875,235.80501365448455,235.26071747521428,235.36606166584681,83653600
2017-12-19,234.54966735839844,235.74360416189214,234.4794200220112,235.6997196702818,82382900
2017-12-20,234.4267120361328,235.5679765584184,234.12822788094283,235.515304459944,76751500
2017-12-21,234.90957641601562,235.6207034128294,234.66376433012604,235.05004429245363,67032300
2017-12-22,234.8481903076172,234.96232215444573,234.3126547474633,234.92719848045695,78720900
2017-12-26,234.56723022460938,234.7867062791785,234.30386967573068,234.44431077412563,45244400
2017-12-27,234.68133544921875,235.04127935287949,234.40918731573265,234.73400755302202,57751000
2017-12-28,235.1642303466797,235.20814163841598,234.795525528574,235.18180557997988,45116100
2017-12-29,234.2775115966797,235.761171899079,234.08439838457934,235.74362345930018,96007400
2018-01-02,235.9542694091797,235.98939307392297,234.75154510890943,235.1378250465664,86655700
2018-01-03,237.44674682617188,237.59600232641256,236.12110292886277,236.12110292886277,90070400
2018-01-04,238.4475555419922,238.93041894439426,237.50821837550382,238.08763838347974,80636400
2018-01-05,240.03662109375,240.15951377214975,238.74610061722123,239.23772491384983,83524000
2018-01-08,240.4755096435547,240.63352595605033,239.65027762295614,239.93997419586478,57319200
2018-01-09,241.01979064941406,241.64309503689753,240.6159354877151,240.89687121980845,57254000
2018-01-10,240.6510467529297,240.91443403501134,239.59757799911702,240.26476683908032,69574300
2018-01-11,242.40687561035156,242.40687561035156,241.03734735877387,241.20415128096022,62361500
2018-01-12,243.98715209960938,244.15392925287028,242.37178476166358,242.67029577236767,90816100
2018-01-16,243.15309143066406,245.89214784344935,242.4595397134825,245.24250740468787,106555100
2018-01-17,245.47073364257812,245.85701356015943,243.15308092859505,244.08365705963055,113258800
2018-01-18,245.05819702148438,245.77805812089665,244.56654600971189,245.35668124153545,100728000
2018-01-19,246.17308044433594,246.17308044433594,245.05815193414344,245.6375450366647,140920100
2018-01-22,248.1747283935547,248.1747283935547,245.90972066426502,245.96241956189593,91322400
2018-01-23,248.7015380859375,248.99123474164273,247.89385427205187,248.2186746044083,97084700
2018-01-24,248.60487365722656,249.939305019952,247.42848539217053,249.34230987749274,134816100
2018-01-25,248.7102508544922,249.56181900601126,247.92014242735834,249.46526240327177,84587300
2018-01-26,251.5897216796875,251.63363295548834,249.2896174392641,249.54421710609475,107743100
2018-01-29,249.9216766357422,251.45800846574423,249.76366036318794,251.01905651431508,90118300
2018-01-30,247.35830688476562,249.97444436968703,246.88423109421504,248.09574323033812,131796400
2018-01-31,247.48110961914062,248.7101697484899,246.41006576538592,248.2097848757737,108364800
2018-02-01,247.2003173828125,248.49962558295857,246.41020875484568,246.7526043421576,90102500
2018-02-02,241.8186798095703,246.01506007123515,241.78355614616368,245.88335303133664,173174800
2018-02-05,231.70521545410156,242.16984378788024,231.16091921572408,240.0628793719165,294681800
2018-02-06,236.2703094482422,236.77072116167997,227.11377709458372,228.20236948886597,355026800
2018-02-07,234.98861694335938,239.10596278188044,234.90958199288642,235.71726560370294,167376100
2018-02-08,226.1744384765625,235.4275552292879,226.1393148107997,235.2870873577438,246449500
2018-02-09,229.5718536376953,231.4242178759614,222.03943710014255,228.95731023449386,283565300
2018-02-12,232.94305419921875,234.4091657307602,229.7123737697383,231.61741052872057,143736000
2018-02-13,233.52247619628906,234.06677241807566,231.16091216963022,231.74033205487234,81223600
2018-02-14,236.6741180419922,237.03406186944082,232.02999873559634,232.03878634820543,120735700
2018-02-15,239.6941680908203,239.7029557055696,235.95428785276758,238.4124355383196,111200300
2018-02-16,239.764404296875,241.70459187762137,239.02696798048893,239.07087926559547,160420100
2018-02-20,238.26319885253906,240.2560585693291,237.4730904164795,238.81628279523392,86369700
2018-02-21,237.0780029296875,241.17782706280644,236.98144633395106,238.70213095136867,98883700
2018-02-22,237.38528442382812,239.71172513772538,236.71809546663133,237.9998280651637,110511300
2018-02-23,241.1690673828125,241.1690673828125,238.1315262000043,238.60560199341734,92766400
2018-02-26,243.96958923339844,244.06617263387662,241.6519359115766,242.24011676430848,86491400
2018-02-27,240.9232177734375,244.86502543404572,240.8617580559553,244.15389845883672,99099200
2018-02-28,238.4826202392578,242.46831196768898,238.1665876538822,242.0205723469025,121907800
2018-03-01,235.0149688720703,239.81710599569337,233.52252099123643,238.27198600532518,176855100
2018-03-02,236.2263946533203,236.78826606877433,232.48654186128144,233.3468706278778,139083200
2018-03-05,238.95677185058594,239.5713155727941,234.93595518210756,235.0413262022246,97307400
2018-03-06,239.56239318847656,240.01013269967703,238.0699460121401,239.9310977811729,79213200
2018-03-07,239.4747314453125,239.8258878034363,237.20975016262793,237.40289017832296,87063500
2018-03-08,240.6334991455078,240.75639177769847,239.15862681019166,240.15063585578204,66901200
2018-03-09,244.82115173339844,244.82115173339847,241.72215083012168,242.03821028889664,113625300
2018-03-12,244.51382446289062,245.73412394284,244.1275445405689,245.11081957380026,71924800
2018-03-13,242.93356323242188,246.1730306994381,242.32780741068711,245.67261905687454,91968900
2018-03-14,241.6869659423828,244.07486594797848,241.1339089147542,243.89051360543561,105895100
2018-03-15,241.42359924316406,242.83701181881128,240.92318753477184,242.1961590473828,83433000
2018-03-16,241.6853790283203,242.7342709987508,241.63249597929055,241.94979427346908,100343700
2018-03-19,238.4154052734375,241.8617624081865,236.76715336090905,240.93628170934107,109208400
2018-03-20,238.82083129882812,239.4554549648832,238.14212048028443,238.81200848856804,59757300
2018-03-21,238.3625030517578,240.8657336626059,238.1509707716006,238.7767716996089,78709600
2018-03-22,232.40406799316406,236.9874367365729,232.13080299363773,236.14128090528047,148785900
2018-03-23,227.45046997070312,233.17090531261704,227.25655645235332,232.84478414512185,183534800
2018-03-26,233.67332458496094,233.9553855388046,228.64924497633498,231.0467092863797,141956100
2018-03-27,229.69813537597656,235.13648355929,228.14682704159767,234.60765289876343,129941400
2018-03-28,229.01942443847656,231.49624022540982,227.91764906479978,229.83034294898033,146452300
2018-03-29,231.94573974609375,233.80555051179851,229.0282407907725,230.1564576656507,111601600
2018-04-02,226.93927001953125,231.9281118003099,224.47129066036044,231.41687299833714,186286300
2018-04-03,229.84793090820312,230.32390533759397,226.38395605270182,228.1732379441203,119956900
2018-04-04,232.30714416503906,233.01226968208627,226.17246609052276,226.30467376261734,123715300
2018-04-05,234.14044189453125,235.0218619705104,232.9769609385253,234.0610904167438,82652600
2018-04-06,228.92250061035156,233.6733424388094,227.4064564911248,232.18376675366508,179521200
2018-04-09,230.0507049560547,233.4353557781252,229.11640156292754,230.3768261726803,105442900
2018-04-10,233.70863342285156,234.49311055655218,231.79596605661527,232.93297910151736,103529000
2018-04-11,232.48341369628906,234.140488069733,232.1572925076709,232.22779429217832,91140200
2018-04-12,234.3960418701172,235.3391678373889,233.6292106832202,233.80550546359493,68890500
2018-04-13,233.70863342285156,235.81524126823962,232.70382806935459,235.70065230274912,85079200
2018-04-16,235.62997436523438,236.39683228733097,234.5194035619932,235.33911762835723,63405300
2018-04-17,238.15097045898438,238.75032985118625,236.88172298207755,237.39293495805802,64682000
2018-04-18,238.3271942138672,239.1292628354769,237.86883854573958,238.59160948485868,57303900
2018-04-19,237.0050811767578,237.8776785328516,235.97380774780348,237.67494221124622,77655900
2018-04-20,234.99542236328125,237.1549125737747,234.11400217921198,236.9345575277574,99953100
2018-04-23,234.960205078125,236.123686276615,233.88487128536516,235.56838720920786,65558000
2018-04-24,231.7959442138672,236.20304617086572,230.29751878896144,235.9826910730158,112885500
2018-04-25,232.36875915527344,232.80946915575038,229.9184126285739,231.73413567863452,103840900
2018-04-26,234.73095703125,235.5594939795651,232.9504983225322,233.39120832062306,67731900
2018-04-27,234.95138549804688,235.6388922340953,234.01708216184804,235.33921256954207,57053600
2018-04-30,233.1444854736328,236.12369030599413,233.07395678832052,235.568391229111,82182300
2018-05-01,233.55865478515625,233.66442086934794,231.02895707716814,232.5802647087816,74203400
2018-05-02,231.98983764648438,234.17574281224557,231.60201055601448,233.36485118585458,86368900
2018-05-03,231.47857666015625,232.1308190231915,228.3318999811481,231.1612782885642,136311500
2018-05-04,234.4753875732422,235.15409832989712,230.18287558263515,230.50899674677927,91222100
2018-05-07,235.26869201660156,236.23823271919028,234.55471690649136,235.24225048650933,55304900
2018-05-08,235.26869201660156,235.63005062825889,233.70856104472983,234.89848369650036,67499200
2018-05-09,237.542724609375,237.86884575308144,235.41849887202426,235.93853351993553,59666100
2018-05-10,239.76390075683594,240.09004880901813,238.17735523817117,238.2831213529077,72063900
2018-05-11,240.49554443359375,240.75995977528183,239.3761233898816,239.8873622488972,59871500
2018-05-14,240.610107421875,241.579648169337,240.06360427665848,240.92740579766743,54790600
2018-05-15,238.95297241210938,239.40247833038944,238.00984653653427,239.38485961358774,87036100
2018-05-16,239.95782470703125,240.41618042257653,238.96181558524657,238.98828401389073,53942600
2018-05-17,239.75514221191406,240.8304760440051,238.97948805121726,239.69343633576486,56536400
2018-05-18,239.1556854248047,239.77269020666907,238.80312279179847,239.4113047657262,64368000
2018-05-21,240.95384216308594,241.49152248673255,240.24871674390172,240.6365437940962,58025900
2018-05-22,240.28395080566406,241.72949286311118,239.9578296314086,241.47387347025818,52966400
2018-05-23,240.94505310058594,240.97152153385284,238.85609118238685,239.0147672879168,64694200
2018-05-24,240.451416015625,240.82162432927402,238.67095692322204,240.54838622347975,76043800
2018-05-25,239.8785400390625,240.50434094850192,239.37612398978206,239.8785400390625,56374800
2018-05-29,237.11968994140625,239.01476518952487,236.00911860533242,238.2567297105146,115908600
2018-05-30,240.28395080566406,240.72466091115743,238.35366529050847,238.42416707191094,69678400
2018-05-31,238.81198120117188,240.17817169479065,238.21262194583,239.8784920671197,93519900
2018-06-01,241.15655517578125,241.45623479489305,240.03713438510212,240.10766305948604,71258400
2018-06-04,242.30247497558594,242.558094436331,241.73837987811308,241.97635371471327,45385200
2018-06-05,242.47869873046875,242.85770295501914,241.6677803232636,242.43461158185002,51135000
2018-06-06,244.50592041015625,244.61168651404307,242.4698422139183,243.0868470183322,62732200
2018-06-07,244.47950744628906,245.28160302621228,243.57164575012257,244.9907462065433,72969400
2018-06-08,245.20230102539062,245.2551840883835,243.85372912145007,244.02120112053123,72139700
2018-06-11,245.5284423828125,246.24239069067596,245.30808730263703,245.42267624813843,58892500
2018-06-12,245.84576416015625,246.20712281550618,245.20231765169822,245.9427074826128,72329000
2018-06-13,245.061279296875,246.33934946200577,244.85854294896512,246.08373004921717,79070600
2018-06-14,245.67831420898438,246.20714492225446,245.08775071407877,245.9251108414489,77097600
2018-06-15,245.36489868164062,245.70134676711317,243.7889263493762,244.89564925179792,120041600
2018-06-18,244.8601531982422,244.98411909558473,243.43470749636697,243.91279219287506,52917600
2018-06-19,243.92161560058594,244.14296007935235,242.17742002712302,242.59354872798747,97531500
2018-06-20,244.3378448486328,245.00187855818777,244.00139677932216,244.60344752461447,53785500
2018-06-21,242.80604553222656,244.34662157135446,242.31023603123566,244.32889671943892,71061400
2018-06-22,243.248779296875,244.17844254707023,243.0274347639137,244.06333906679495,54898500
2018-06-25,239.9375,242.2571866362737,238.2552867692335,242.0978250397967,137854200
2018-06-26,240.4687042236328,241.31865965839233,239.7515501037426,240.50412691413,68547400
2018-06-27,238.4766082763672,242.47850775660206,238.3260821033997,241.0530619154473,105110700
2018-06-28,239.8400421142578,240.6014541700107,237.7151134516379,238.42343201237466,76650500
2018-06-29,240.18536376953125,242.29256791699456,240.07026029632775,240.92907811223688,97592500
2018-07-02,240.69888305664062,240.85827165334734,238.3791967022646,238.61826608752668,63554800
2018-07-03,239.848876953125,241.69047818709535,239.42391283727818,241.5930725641536,42187100
2018-07-05,241.8056182861328,241.86760124254315,239.90206063048137,240.97338766695466,56925900
2018-07-06,243.85084533691406,244.22268900358912,241.45145125988475,241.8321843733216,66493700
2018-07-09,246.04661560058594,246.09973613516857,244.80709142765713,244.85134953327582,50550400
2018-07-10,246.93190002441406,247.0293056471973,246.2058836349034,246.49807348366292,51966800
2018-07-11,245.125732421875,246.17049896399453,244.82470715366816,245.38249959930695,77054700
2018-07-12,247.3480224609375,247.4011429739848,245.7809132868629,246.3829637811254,60124700
2018-07-13,247.54298400878906,247.84400947155916,246.71958844712884,247.17114015108845,48216000
2018-07-16,247.3216094970703,247.7288760128442,246.87892027830569,247.5872392400925,48201000
2018-07-17,248.32199096679688,248.71155948323252,246.4981142851185,246.55123480830568,52315500
2018-07-18,248.8444366455078,248.9506777242672,247.95905829637567,248.40174747094176,44593500
2018-07-19,247.90586853027344,248.56103967940436,247.42775678976406,248.18033358029288,61412100
2018-07-20,247.62249755859375,248.33081612745139,247.46313601294727,247.70217833141697,82337700
2018-07-23,248.0830078125,248.28662752677565,247.07366359189476,247.41897409460745,47047600
2018-07-24,249.33131408691406,250.17243409081593,248.4636608403578,249.49070268000807,68026900
2018-07-25,251.45619201660156,251.7749150987928,249.03910056495852,249.08335865317733,78882900
2018-07-26,250.86306762695312,251.54479914564217,250.64172306664634,250.73912872337314,57919500
2018-07-27,249.16311645507812,251.2880184882975,248.24231566683144,251.1906128472391,76768700
2018-07-30,247.86155700683594,249.4021059257977,247.33916026207643,249.24274438650986,63742500
2018-07-31,249.08340454101562,249.69431758068527,248.24231157277697,248.6230176642827,68570500
2018-08-01,248.6672821044922,249.79172959266052,248.0209733790744,249.28705758708554,53853300
2018-08-02,250.0220184326172,250.190215469967,247.1622364840002,247.36588324231434,63426400
2018-08-03,251.09324645996094,251.14636698690998,249.96879892714696,250.14588536337493,53935400
2018-08-06,252.0140380859375,252.32389880862098,250.73909144654593,251.12865997633756,39400900
2018-08-07,252.84629821777344,253.22703138431552,252.54527286766023,252.67810121530914,43196600
2018-08-08,252.7400360107422,253.13846698115805,252.27964910548545,252.6780800759013,42114600
2018-08-09,252.39479064941406,253.19162569081698,252.261989312447,252.80205708931322,35717000
2018-08-10,250.70362854003906,251.5004633069356,249.99530995422668,250.9603957161205,77076000
2018-08-13,249.7650909423828,251.58896710839204,249.4729011278703,250.97805424486992,65732900
2018-08-14,251.3588409423828,251.59791032549649,250.1016191525683,250.49118768395763,43842000
2018-08-15,249.4818115234375,250.15470744907108,248.04750348792777,250.01304372685388,102925400
2018-08-16,251.50057983398438,252.36826037127776,250.88080416168853,250.91622686228928,69967900
2018-08-17,252.38592529296875,252.82861442412454,250.88963386809417,251.2969003032694,65618500
2018-08-20,252.92599487304688,253.19159751742657,252.38590013667803,252.8374516517211,39807500
2018-08-21,253.5191650390625,254.37798288744068,252.9613725060463,253.439484251431,67272000
2018-08-22,253.36866760253906,253.89103744915988,252.84627073632237,253.11190038315056,44993300
2018-08-23,253.03228759765625,254.05046730181147,252.71353733971716,253.19164921682426,49204900
2018-08-24,254.55508422851562,254.69674797691286,253.55460258143327,253.6077231096326,57487400
2018-08-27,256.56488037109375,256.6711214264323,255.5909589978284,255.75032058083627,57072400
2018-08-28,256.68878173828125,257.1314707039436,256.22836792145466,257.0252026557289,46943500
2018-08-29,258.070068359375,258.3002483366861,256.66232014973934,256.90136255603954,61485500
2018-08-30,257.0253601074219,257.9638591279759,256.4321716610223,257.59201530000144,61229500
2018-08-31,257.0340881347656,257.47677714013287,256.13101229086976,256.6179593889367,66140800
2018-09-04,256.5915222167969,256.9456681870566,255.59104026159915,256.61808248907624,57594400
2018-09-05,255.90078735351562,256.4408819522442,254.89147054249426,256.23723529705296,72452400
2018-09-06,255.13064575195312,256.30818714809163,254.1036035544675,256.00716173118104,65909900
2018-09-07,254.63475036621094,255.608671693143,253.84675087727635,254.08582026001167,73524800
2018-09-10,255.0774688720703,255.90972655484634,254.8826845841951,255.6440968788717,50210900
2018-09-11,255.9185028076172,256.3611918123144,254.0857908630611,254.4310742365368,50530500
2018-09-12,255.98048400878906,256.58253456637283,255.1925116359852,255.92736349015473,59810800
2018-09-13,257.4945373535156,257.6804862349242,256.75968531520266,257.0430128319784,51034200
2018-09-14,257.538818359375,257.88410181150124,256.75968121049704,257.698179952664,55079900
2018-09-17,256.1753234863281,257.5210886145558,255.90085840767378,257.4856929408959,68244000
2018-09-18,257.5653076171875,258.15849572409456,256.36117953190404,256.38773979012984,61930400
2018-09-19,257.8398132324219,258.2559420232231,257.4945028015122,257.6184687058169,49080600
2018-09-20,259.92938232421875,260.2481326027552,257.85760008234877,259.09715147491795,100360600
2018-09-21,259.6917724609375,260.78572685618775,259.5316895177993,260.67010234995365,105479700
2018-09-24,258.8291320800781,259.25604717756437,258.25103654562844,259.11374214506895,53409600
2018-09-25,258.5889892578125,259.38943125963567,258.3488647998379,259.28270927831363,44370000
2018-09-26,257.8152160644531,259.91415398039527,257.3972035619519,258.7312825518188,79739700
2018-09-27,258.5356140136719,259.6206660004718,258.0108795398294,258.2865870236804,59249500
2018-09-28,258.5624084472656,259.06046264672426,257.87759070848955,257.9131466213664,70091400
2018-10-01,259.460693359375,260.5279407094553,258.7936535873556,259.7986373779872,62078900
2018-10-02,259.3093566894531,260.02085456876165,258.93582980248266,259.3093566894531,47258200
2018-10-03,259.4517822265625,260.77695917771814,259.09603312163875,260.3589465154056,64694600
2018-10-04,257.4239196777344,259.0248038303383,255.84081347636905,258.9714428347122,111545900
2018-10-05,255.98309326171875,258.16207274661025,254.56007018759942,257.6462407924696,105951700
2018-10-08,255.98309326171875,256.3388422447717,253.9197111613411,255.29824864888656,87742200
2018-10-09,255.60952758789062,256.9080235309674,255.04921007260296,255.6006521845047,74339000
2018-10-10,247.5161895751953,255.1738195198183,247.1426625390177,255.10265341831723,214731000
2018-10-11,242.06422424316406,248.04977526262698,240.4544104484742,246.43108606352877,274840500
2018-10-12,245.426025390625,246.43991110132865,242.24200898793077,246.15530112776585,183186500
2018-10-15,244.047607421875,246.3956003987004,243.9586633590709,245.070396289329,102263700
2018-10-16,249.38380432128906,249.7573583468041,245.5327752643828,246.00414871211362,118255800
2018-10-17,249.42831420898438,250.0508681229723,246.85797564445298,249.41941166358663,110626000
2018-10-18,245.82635498046875,249.0904144724787,244.55453915232613,248.49451374033328,134557500
2018-10-19,245.69287109375,248.40548741105457,244.99915113163212,246.47553508012004,139901600
2018-10-22,244.5899658203125,246.6800004657164,244.0563289811446,246.35983464735392,82415800
2018-10-23,243.34490966796875,244.4655448019636,238.89797931644497,240.97916660583792,146352700
2018-10-24,235.97190856933594,243.47832885220126,235.42049357209595,243.0958722305184,177806700
2018-10-25,240.2053985595703,241.74404636445752,236.7812836082861,237.8040722486143,138061500
2018-10-26,235.98080444335938,241.0236356256426,233.2770902132027,236.5055661327389,201574600
2018-10-29,234.67335510253906,240.35654414200332,231.1069360307844,239.06692370520128,160749100
2018-10-30,238.15086364746094,238.46215415518796,234.01522445024443,234.50440300293118,157116000
2018-10-31,240.69454956054688,243.0069587045786,240.2409539924511,240.71232751034958,128296300
2018-11-01,243.25601196289062,243.4516779994685,240.47222900054206,241.55728117758088,99495000
2018-11-02,241.8151397705078,244.7856853505812,239.76953596281086,244.35877035739765,122634100
2018-11-05,243.14926147460938,243.70067647437028,241.33490636095422,242.30433388342226,65622500
2018-11-06,244.68792724609375,244.8480102481948,243.02477939313587,243.08704294125727,60085900
2018-11-07,249.92642211914062,250.00646361926934,246.43111376204413,246.85802890464325,102752100
2018-11-08,249.47279357910156,250.1131526376013,248.33438049086973,249.1259199823726,65584900
2018-11-09,247.03590393066406,248.35217805236317,245.630658624312,248.1654145619431,98812600
2018-11-12,242.41993713378906,246.7690203554735,241.90407807858057,246.52889591785222,99673600
2018-11-13,241.96632385253906,244.87460595125506,241.24592345063783,242.88239023655566,98176600
2018-11-14,240.31214904785156,244.23431809199508,238.75572328236524,243.83411060887397,125335900
2018-11-15,242.82017517089844,243.28267329833074,237.47498334426214,239.04918691779187,135101400
2018-11-16,243.4516143798828,244.35877823500198,241.21034452079422,241.72620354692577,126668000
2018-11-19,239.3337860107422,243.1403571320243,238.41771948586543,242.84684454276717,103061700
2018-11-20,234.90467834472656,237.46611493845413,234.04197264672683,236.00750854517096,136021300
2018-11-21,235.70513916015625,237.59953625519663,235.69626375397138,236.45222036883564,75563700
2018-11-23,234.13092041015625,235.52726327765873,233.97083740598626,234.06865686123018,42807900
2018-11-26,237.9108123779297,238.13315893155394,235.98973489758671,236.38106700331844,79981400
2018-11-27,238.711181640625,238.711181640625,236.27427284254324,236.87904876964447,75502400
2018-11-28,244.20762634277344,244.20762634277344,238.64896315068884,239.7785008821429,127629600
2018-11-29,243.67401123046875,245.07032676690406,242.29544650287454,243.43385961483304,82346400
2018-11-30,245.1592254638672,245.71954294084406,243.20259270869448,243.5227586144501,98204200
2018-12-03,248.40548706054688,249.38381704212895,246.81350573887352,249.27709506993918,103176300
2018-12-04,240.35658264160156,248.00530818364757,240.04529209231492,247.57839310389085,177986000
2018-12-06,239.991943359375,240.1075678957514,233.41049160957218,236.50556502661695,204185400
2018-12-07,234.4154815673828,241.2192792431404,233.57945653094646,239.65395115076464,161018900
2018-12-10,234.86013793945312,235.8295653002673,230.01297399347905,234.23755696114154,151445900
2018-12-11,234.91351318359375,238.23980792098703,233.446031807797,238.05304447291599,121504400
2018-12-12,236.09645080566406,239.24488552344042,236.01640930545526,237.88412573606539,97976700
2018-12-13,236.01632690429688,237.90182062936057,234.90459455301848,237.0391152390924,96662700
2018-12-14,231.6583709716797,234.8245829393611,231.10695599803614,233.87293341160515,116961100
2018-12-17,227.11361694335938,231.81846306627645,225.4860388815235,230.70673052985472,165492300
2018-12-18,226.86460876464844,229.41715610831534,225.26371106517817,228.75011653111562,134515100
2018-12-19,223.46714782714844,230.70675017805107,221.7684306807493,226.9446507542669,214992800
2018-12-20,219.8295440673828,223.7873091985889,217.58828746517864,222.22199466662704,252053400
2018-12-21,215.32534790039062,223.38552036390047,214.68124937399995,220.72861735508985,255345600
2018-12-24,209.63580322265625,215.45057126158082,209.57318974188104,213.84032507460728,147311600
2018-12-26,220.2276611328125,220.2276611328125,209.11698102314602,211.0940084996387,218485400
2018-12-27,221.91842651367188,222.11522151944322,213.76880366004917,216.99823741467299,186267300
2018-12-28,221.6321258544922,224.89733637571823,220.46916948727355,223.26920838177477,153100200
2018-12-31,223.57334899902344,223.81488933145144,221.3816315423611,223.2512997725202,144299400
2019-01-02,223.8059539794922,224.72738367473102,220.02188548142522,220.0487217817502,126925200
2019-01-03,218.46536254882812,222.36573144390618,217.98228176056196,222.06156390491395,144140700
2019-01-04,225.78298950195312,226.42708803378295,221.1132819712888,221.4890038398222,142628800
2019-01-07,227.5631866455078,228.96766966524018,225.15676508760038,226.0513447804907,103139100
2019-01-08,229.70123291015625,230.18431361996602,227.22325682723428,229.74597827796512,102512600
2019-01-09,230.7747344970703,231.61564162896792,229.18238366653358,230.40795353099523,95006600
2019-01-10,231.5887908935547,231.8392721108213,228.56510722057578,229.2449965104731,96823900
2019-01-11,231.67828369140625,231.7051199930724,229.9338421818793,230.51531358491874,73858100
2019-01-14,230.2648468017578,231.06996320273115,229.3792214907282,229.7817660410097,70908200
2019-01-15,232.90380859375,233.21691691957597,230.63156872394273,230.64052325623595,85208300
2019-01-16,233.4674530029297,234.3530782952415,233.1275083007143,233.3332441885954,77636700
2019-01-17,235.23870849609375,236.09752480395065,232.5549689599642,232.59971433247924,96118400
2019-01-18,238.3697052001953,238.83490412813006,235.2744670046285,237.04574468322795,127900300
2019-01-22,235.1492462158203,237.1173328055578,233.53901340633362,236.9026423777357,115531200
2019-01-23,235.64129638671875,236.87582102543777,233.18120164447532,236.1780497905634,86030300
2019-01-24,235.7664794921875,236.34797816335373,234.4514461827318,235.46232565671974,59204100
2019-01-25,237.76141357421875,238.58443898655247,235.86490880279874,237.60932299896712,96883400
2019-01-28,235.95437622070312,236.01697605824288,234.19205292689497,235.62338606355894,85613700
2019-01-29,235.64129638671875,236.6611032836526,234.80934362598626,236.09754087504854,66136300
2019-01-30,239.37164306640625,240.2125502350187,236.3927044417232,237.15310270700996,92473700
2019-01-31,241.473876953125,241.95695760539888,239.09429182206264,239.3090095010756,104012100
2019-02-01,241.59019470214844,242.61002867744705,240.80296018796835,241.67070360013417,85782500
2019-02-04,243.2899169921875,243.35254413085923,240.96400403080258,241.63493888694768,60744800
2019-02-05,244.3097686767578,244.61392255740444,243.2183801401264,243.71934268476923,79552800
2019-02-06,243.98765563964844,244.52440891312497,243.25412104298292,244.03240100434138,58347800
2019-02-07,241.66175842285156,242.92309169804167,240.006780619395,242.37741121874424,95482000
2019-02-08,241.95693969726562,242.05533034671097,239.59523650575105,240.41826173017643,75788900
2019-02-11,242.09117126464844,242.86945129093857,241.56337248015748,242.61004281578042,68021400
2019-02-12,245.20431518554688,245.5800233927025,243.62984608780823,243.70142775610952,72270200
2019-02-13,246.00051879882812,246.84142609171184,245.61585599262298,246.03630963906483,65277200
2019-02-14,245.454833984375,246.58201337914272,244.1040096176557,244.91808059160886,83234400
2019-02-15,248.1295623779297,248.16535320937362,247.02029230681626,247.22602816170678,97088700
2019-02-19,248.55902099609375,249.212046825401,247.3244964141007,247.33345094888386,59120800
2019-02-20,249.05996704101562,249.5162114781635,248.0222511901044,248.52321369738445,76610800
2019-02-21,248.17428588867188,248.78259346762562,247.2170791597752,248.42476708591184,64214700
2019-02-22,249.71302795410156,249.90980930917786,248.15644047874292,248.7915845167354,78114600
2019-02-25,250.05294799804688,251.65425356184153,249.97243908819044,251.13540926485206,69030700
2019-02-26,249.87403869628906,250.75070943647637,249.49830316448794,249.70406634861823,56844100
2019-02-27,249.7666778564453,250.1155497637619,248.2279995898932,249.15834287634237,56921600
2019-02-28,249.30142211914062,249.99026584400565,248.9793865857502,249.5519033008003,69268300
2019-03-01,250.85809326171875,251.2695923481323,249.42676004327686,250.8759750305505,78880500
2019-03-04,249.94557189941406,252.1551849315805,247.65544996733956,251.9136582318563,106494600
2019-03-05,249.60562133789062,250.26762888884477,249.05994081793222,250.0708202602486,59114600
2019-03-06,248.09384155273438,249.73093812327843,247.77180588008423,249.72198358778937,75039800
2019-03-07,246.01837158203125,247.78962191252373,245.17746448154068,247.64648588473747,94885100
2019-03-08,245.52635192871094,245.6963242662043,243.701428884689,244.1666005291717,85795800
2019-03-11,249.0867156982422,249.24773345455228,246.21512317578097,246.24195946849932,65098900
2019-03-12,250.0260467529297,250.5449182155576,249.4535299980749,249.64138407228003,79667500
2019-03-13,251.68104553222656,252.6114160495917,250.75067501486143,250.91172010661697,80639200
2019-03-14,251.52008056640625,252.12838832842567,251.08174516442332,251.70793469576876,67518400
2019-03-15,252.76272583007812,253.57138855973614,251.88216612584606,252.07087511860678,81309000
2019-03-18,253.6791534423828,253.97568041420575,252.75367888847163,252.97830890078654,62199800
2019-03-19,253.74208068847656,255.50317247562955,252.85255452926685,254.73945229726,90268100
2019-03-20,252.9783172607422,254.73044238296177,251.87315511285124,253.52642876764455,84609200
2019-03-21,255.8356475830078,256.239965190846,252.11576106694608,252.1607035260337,79550400
2019-03-22,250.9117431640625,254.99999873616272,250.8488401747913,254.47886913237073,122659300
2019-03-25,250.72305297851562,251.75634559535843,249.4651303397219,250.57029249849992,85575200
2019-03-26,252.59197998046875,253.54440914506105,251.19029074123256,252.47516797375593,68125900
2019-03-27,251.27114868164062,253.16704041325895,249.72569296237506,252.582980392671,72224700
2019-03-28,252.22364807128906,252.672908261074,250.75008890754063,251.9001938965635,56238500
2019-03-29,253.81394958496094,254.1374036359353,252.60993602746407,253.73308607221736,82186800
2019-04-01,256.823974609375,257.12050158234626,255.53909751491526,255.80866998313059,77617900
2019-04-02,256.94976806640625,257.18339204335194,256.1590660711943,257.01267104799234,40070400
2019-04-03,257.35406494140625,258.55807823794834,256.7520445828105,258.1627273142301,68243200
2019-04-04,258.0370178222656,258.2886023749723,256.98576457085767,257.67761523563604,48997500
2019-04-05,259.2859802246094,259.33988924285876,258.41441453536396,258.7019475798009,58621700
2019-04-08,259.4836120605469,259.59143007888594,258.20770152867095,258.86363103444137,53566300
2019-04-09,258.1538391113281,258.84568980097356,257.60575494563386,258.52223568757904,66142300
2019-04-10,259.03436279296875,259.1242202855344,258.1538032388763,258.56711479989013,52601500
2019-04-11,258.9625549316406,259.5286271668496,258.39648269643163,259.51963318830144,55093100
2019-04-12,260.714599609375,260.9931386511058,259.0074168766403,260.57083310063365,69727800
2019-04-15,260.5439147949219,260.88535687304153,259.74421862030886,260.7865053880093,49596700
2019-04-16,260.714599609375,261.47834719052565,260.12157304356356,261.4244381773299,52153200
2019-04-17,260.0766296386719,261.855681721401,259.6632906883781,261.82872721774316,58268300
2019-04-18,260.5888366699219,260.85840920108075,259.3668622747877,260.6607336464958,68708500
2019-04-22,260.81341552734375,260.9661760070736,259.7352078763909,259.8250653691345,40160100
2019-04-23,263.1585998535156,263.39222387949684,260.9482478452623,261.1818444505832,52246600
2019-04-24,262.57452392578125,263.4101409908237,262.4307574273886,263.07769295982763,50392900
2019-04-25,262.4127502441406,263.06867970360906,261.2267247054764,262.47565322395,57770900
2019-04-26,263.634765625,263.7066351624023,261.6849650923547,262.45770657786915,50916400
2019-04-29,264.04815673828125,264.56931386896713,263.6348450771833,263.7247025915081,57197700
2019-04-30,264.1828918457031,264.47042488251304,262.29602141570473,263.7066772500253,81111700
2019-05-01,262.1971740722656,265.0185406267152,262.18818009576734,264.8118711118755,71671900
2019-05-02,261.631103515625,262.99687175976754,260.13955670306206,262.08036361263817,65030200
2019-05-03,264.19183349609375,264.47037250137964,261.7388640340087,263.10463197802125,56543700
2019-05-06,263.1047058105469,263.54497195780687,259.5824943704813,259.896981941665,107198100
2019-05-07,258.71087646484375,261.29861864665406,256.80601830897126,260.70559211160116,144729900
2019-05-08,258.3515319824219,260.0587150102727,257.7585053140955,258.3515319824219,91568300
2019-05-09,257.56982421875,258.17181744485043,254.55078184893665,256.28494681196247,103471100
2019-05-10,258.86370849609375,259.6184622709735,253.6522742114518,256.63536824121263,112429300
2019-05-13,252.35842895507812,254.7215420184786,251.52281155551827,253.76014602038293,127290500
2019-05-14,254.6405792236328,256.16807429211826,253.24788410051545,253.37366265002794,77003200
2019-05-15,256.132080078125,256.770021528291,252.80754548534486,253.0142149334386,73956400
2019-05-16,258.5042724609375,259.86101931664007,256.7611410796038,256.8330106305001,76749600
2019-05-17,256.8329162597656,259.3128398746993,256.1859808567677,256.20396880337756,100353000
2019-05-20,255.13478088378906,256.94078755040437,254.3889938816998,255.2336049280397,62877600
2019-05-21,257.4349670410156,257.81233007528556,256.5723681213772,256.82395261777503,46847100
2019-05-22,256.644287109375,257.59671617184193,256.1680725781415,256.48256008080267,49482500
2019-05-23,253.5084686279297,254.46986427419012,252.09778552084444,254.42494923843603,98733800
2019-05-24,254.08355712890625,255.3594679586929,253.46357595804218,254.94612889767544,55268100
2019-05-28,251.7203826904297,255.31446283570273,251.70242216113928,254.36203379085782,70029400
2019-05-29,250.03114318847656,251.0105266692466,248.62945422327786,250.6062091335086,104972900
2019-05-30,250.7140655517578,251.6215796387543,249.6178699191781,250.7859350955703,62523800
2019-05-31,247.3356475830078,248.9979154505843,247.30869307361624,248.1712922154684,86862800
2019-06-03,246.7067108154297,248.4857633553792,245.3768909783469,247.37160702364017,96428000
2019-06-04,252.0618438720703,252.19661640364242,248.54862697225056,248.99788702459594,77231900
2019-06-05,254.24530029296875,254.27225480555384,251.8732209234881,253.67922810801772,71169700
2019-06-06,255.89852905273438,256.5724191686605,253.89484665726926,254.54178226538465,69430400
2019-06-07,258.45928955078125,259.53752459010883,256.74311294719047,256.91383395209493,74272200
2019-06-10,259.64532470703125,261.3075921861058,259.5554672231737,260.0047272218072,60799100
2019-06-11,259.5824279785156,261.8287280257867,258.9354924680753,261.46033152755564,58641300
2019-06-12,259.12420654296875,259.9059145875843,258.6120435410981,259.3488365521413,47096300
2019-06-13,260.19342041015625,260.55285036170267,259.33084885188674,260.0316933843536,48945200
2019-06-14,259.90594482421875,260.50793796326803,259.1421972200491,259.90594482421875,52324700
2019-06-17,260.0047912597656,260.76853892968074,259.8340702245848,260.13956380841864,39205700
2019-06-18,262.727294921875,263.778575596661,261.4603781786856,261.81980818690425,85434800
2019-06-19,263.3203430175781,263.85046667610106,261.8916991065089,262.86208891416766,78674400
2019-06-20,265.83612060546875,266.24046558371964,263.3831784940885,265.9978750491621,116570000
2019-06-21,265.4498291015625,266.82221285637695,265.23314418081117,265.56720928498066,83309500
2019-06-24,265.1247253417969,265.97341688825486,264.9712218644644,265.6574273212025,47582700
2019-06-25,262.52435302734375,265.2059379178657,262.4160106162554,265.1788523150936,82028700
2019-06-26,262.2624816894531,263.9237961241511,262.1541392888887,263.41817988550474,51584900
2019-06-27,263.1925048828125,263.69812121274236,262.6417550625053,263.02095353294095,40355200
2019-06-28,264.54681396484375,265.04339252576335,263.65296153358025,264.1675879780534,59350900
2019-07-01,266.948486328125,268.08613665460155,265.74762708261784,267.86942429707057,78705600
2019-07-02,267.64373779296875,267.69790900113674,266.06367992868246,266.9033612093092,61504500
2019-07-03,269.7836608886719,269.80173633261614,268.17651695736487,268.320982738767,40898900
2019-07-05,269.4766540527344,269.63919526156394,267.26458916274504,268.5557157881623,51677300
2019-07-08,267.9958801269531,269.2960442403786,267.4541404873554,268.16743147205943,45841800
2019-07-09,268.3299560546875,268.6278977139199,266.7860214397084,266.84019265047795,41101300
2019-07-10,269.6120910644531,270.5601425237143,268.8627041508156,269.3954061841779,58448500
2019-07-11,270.2440490722656,270.48781949375126,269.2418542299152,270.2530867910683,50826100
2019-07-12,271.4539489746094,271.5261956250817,270.42466841458145,270.73164779402924,40326000
2019-07-15,271.54425048828125,271.88735320178154,271.03863413807807,271.88735320178154,33900000
2019-07-16,270.66845703125,271.66164188673037,270.3614776311971,271.45396719521267,36650100
2019-07-17,268.8265075683594,270.8038392241641,268.8265075683594,270.64132560824015,36036300
2019-07-18,269.8106384277344,270.18986439626957,267.88750564607955,268.32991298102115,51392600
2019-07-19,268.3118896484375,270.93026568631416,268.1403383081677,270.903180082799,58678600
2019-07-22,268.9709167480469,269.5126562412444,268.1944445992088,268.70907094143195,43638100
2019-07-23,270.8941345214844,270.8941345214844,269.25990553066293,270.0905766044497,44564500
2019-07-24,272.1671447753906,272.1671447753906,270.04534791293565,270.1356424174258,47213200
2019-07-25,270.8670349121094,271.76992502848304,270.0634494826073,271.7157538258222,55394100
2019-07-26,272.6818542480469,272.88049117681857,271.42682375398465,271.5532415968484,45084100
2019-07-29,272.1852722167969,272.68187835964795,271.6345224202421,272.56449822490094,38126500
2019-07-30,271.51715087890625,271.9234625037329,270.4065859773304,270.7858119974368,45849000
2019-07-31,268.5466613769531,271.9505755193534,266.5332335970876,271.7609487131754,104245200
2019-08-01,266.2081604003906,271.65258755474997,265.4136125645929,268.70014633011544,142646600
2019-08-02,264.2037353515625,265.55807069993347,262.6507630499362,265.31430025667504,116749700
2019-08-05,256.25830078125,260.22197439410274,254.36222586817163,260.1136319797592,178745400
2019-08-06,259.851806640625,260.0685190404571,256.6736428346704,258.14535837183905,120711700
2019-08-07,260.0054016113281,260.7728641156856,254.65126708105439,256.78207562544713,140572300
2019-08-08,265.10662841796875,265.10662841796875,260.94431762874206,261.4950674503696,87713900
2019-08-09,263.3008728027344,264.76355072411707,261.52217775603447,264.167639801697,93730000
2019-08-12,260.0956115722656,263.2918233491414,259.1475602385619,261.80205988649254,65527600
2019-08-13,264.1404724121094,265.5851019991185,259.4544708605961,259.79757348733773,94299800
2019-08-14,256.3305358886719,260.70052138237736,256.204145582048,260.0956003464888,135622100
2019-08-15,257.0077209472656,257.9016010899172,254.9672075856533,257.21539563778583,99556600
2019-08-16,260.79986572265625,261.23323542718947,257.06188669690755,258.6600201444486,83018300
2019-08-19,263.9418029785156,264.6189704308014,263.13824526322384,263.81541271550964,53571800
2019-08-20,261.91943359375,263.9689845752752,261.7930432847781,263.43628262555785,51596400
2019-08-21,264.05023193359375,264.42039264271136,263.3911122132719,264.07731753557846,49524700
2019-08-22,263.96893310546875,265.38647715768724,262.1992762467483,264.7544706280108,51666400
2019-08-23,257.1882629394531,264.3301272824833,255.94227013252467,262.6688127245855,149161500
2019-08-26,260.03240966796875,260.03240966796875,257.84740299073746,259.37328982123614,72423800
2019-08-27,259.0120544433594,261.79297112248156,258.2536301365124,261.4227829094938,66668900
2019-08-28,260.8359375,260.9984511070822,257.5494042686789,258.3529896937288,59696700
2019-08-29,264.1676025390625,264.69129428520955,262.3889077432596,263.3911301931494,57899400
2019-08-30,264.05023193359375,265.6663854420489,263.1202561934248,265.6483375587326,62901200
2019-09-03,262.5062561035156,263.2646804730789,261.1790065682752,262.35278021837604,69101400
2019-09-04,265.48583984375,265.50388772814705,263.9238298917129,264.6732441815311,46887300
2019-09-05,268.8988037109375,269.81070420416734,265.44975604997495,267.9688277765969,83258100
2019-09-06,269.1064147949219,269.7474866798832,268.53761711069353,269.21478476498777,49584300
2019-09-09,269.2418518066406,270.1808377169626,268.3028383422982,270.09057074583126,51260300
2019-09-10,269.1786193847656,269.24182830225595,267.22837353862485,268.48337640040836,57947100
2019-09-11,271.09283447265625,271.17409129973674,268.8356085403277,269.48569071099945,68821100
2019-09-12,272.0318298339844,273.0881960688336,271.23728195073244,271.99570650637503,72908700
2019-09-13,271.8511962890625,272.82633309685326,271.4810080151809,272.47419270681183,62104800
2019-09-16,271.0114440917969,271.8962861406716,270.37039995804827,270.7225127018769,58191200
2019-09-17,271.69775390625,271.7880208906066,270.64136015983695,270.8129115165538,41475500
2019-09-18,271.86029052734375,271.96863296095114,269.2780097922511,271.3095130844703,73375800
2019-09-19,271.8421325683594,273.2416287217111,271.5080676481326,272.24844412507855,76560500
2019-09-20,270.5577392578125,272.7256250118713,269.7686018264229,272.44441106611964,89565000
2019-09-23,270.4942932128906,271.21087820036234,269.64165479267564,269.89563042755236,43476800
2019-09-24,268.3718566894531,271.9728862505531,267.41037523617695,271.58285706656443,94869400
2019-09-25,269.9591369628906,270.40358741300247,266.97490242905855,268.45341435241266,71854000
2019-09-26,269.396728515625,270.17678656371356,267.9907970655747,269.9681805505696,56179700
2019-09-27,267.945556640625,270.2585765789487,266.3944915703861,270.1497061111663,84746600
2019-09-30,269.1880798339844,269.89558524708093,268.4171012837451,268.4624431933133,51662400
2019-10-01,265.9861755371094,270.72102824217234,265.76849006877796,270.06794415591315,88242400
2019-10-02,261.2876892089844,264.4170571356595,259.9996795705218,264.4079776780748,122539500
2019-10-03,263.4283142089844,263.4555248952082,258.3487738908161,261.0608737824399,85278800
2019-10-04,266.9930725097656,267.2470481606347,264.02696908285304,264.081418140647,65091200
2019-10-07,265.8410339355469,267.818445039267,265.5598476544299,266.19480049123445,59610500
2019-10-08,261.7139587402344,264.7254038708757,261.67766859806807,263.9906876592985,95708100
2019-10-09,264.19927978515625,265.13355020756165,263.10174525349936,263.72761868689645,62359400
2019-10-10,265.9861755371094,266.86602454663546,263.954370682643,264.1176347838915,55296300
2019-10-11,268.74359130859375,270.9749499590257,268.61661737107397,268.73451185546395,98720400
2019-10-14,268.4443054199219,269.0973894531063,268.0996183355658,268.42614651152667,40394800
2019-10-15,271.10211181640625,271.8459076999341,269.369623801432,269.48754603678105,46754500
2019-10-16,270.6667175292969,271.3560920358637,270.2313464146453,270.63950683463116,48928200
2019-10-17,271.46490478515625,272.33567459941145,270.77553035484783,271.8277232343232,45736600
2019-10-18,270.2765808105469,271.57366954233504,269.42394247522446,270.92966490395844,64304000
2019-10-21,272.1087951660156,272.3083493813206,271.1563936773508,271.59179224199676,39048600
2019-10-22,271.2199401855469,272.9342686902184,271.1292286758053,272.6440029315517,48594700
2019-10-23,272.0091247558594,272.0635461348605,270.75737767629226,270.9660114166438,34352200
2019-10-24,272.4535217285156,273.0884746005034,271.62809406743776,272.94334172458434,35453100
2019-10-25,273.5692138671875,274.1134552290327,271.82764704553614,271.8820684135941,45205400
2019-10-28,275.1111755371094,275.61007494387354,274.7574366745982,274.7846473563298,42147000
2019-10-29,275.029541015625,275.9547595486964,274.7120646107723,274.8390662452186,44284900
2019-10-30,275.8731689453125,276.24503908773704,273.9229683145181,275.22913658461215,49643900
2019-10-31,275.1383361816406,275.8640003646187,273.6870631782008,275.8640003646187,69053800
2019-11-01,277.68731689453125,277.7326588147076,276.41741095435447,276.5807027657832,71141500
2019-11-04,278.802978515625,279.374430643672,278.43108065957426,279.23837720396307,60606900
2019-11-05,278.4945373535156,279.3018337699568,278.2042716072942,279.00248856877056,42933200
2019-11-06,278.5580749511719,278.8301818233875,277.6147249920431,278.4945741205653,46487100
2019-11-07,279.5377197265625,280.8710989172841,279.06605853304166,279.89148638265715,54272300
2019-11-08,280.22705078125,280.2814721535745,278.4945632788722,279.19298934454866,49032100
2019-11-11,279.6918640136719,279.8642075711623,278.71222403622494,278.8483051362286,35797300
2019-11-12,280.28155517578125,281.1795357663944,279.51054859778037,280.0547901635031,46484600
2019-11-13,280.3721618652344,280.77127035209,279.0659936684823,279.2927585959564,53917700
2019-11-14,280.7803649902344,280.862024736105,279.4560653623706,280.0910183287371,51219900
2019-11-15,282.8121032714844,282.85744517622777,281.4243032749575,282.11364970586425,62023600
2019-11-18,283.020751953125,283.25659632840035,282.1227717261377,282.5763015670428,49228000
2019-11-19,282.9391784667969,283.6285528256652,282.2951737101685,283.61947336896316,67804700
2019-11-20,281.8869934082031,282.86663359563494,280.3359287395858,282.3496028123388,79406200
2019-11-21,281.43341064453125,282.1046536636578,280.635221339549,281.99581092576324,54664700
2019-11-22,282.0592956542969,282.31327128023827,281.05247260615073,282.1772178522817,44850200
2019-11-25,284.2453308105469,284.2453308105469,282.98453205746335,282.98453205746335,48647200
2019-11-26,284.8892517089844,285.0706746917591,283.96406093185885,284.2815373110843,37569000
2019-11-27,286.1592712402344,286.1592712402344,285.15242034281846,285.37010586387197,44444600
2019-11-29,285.09796142578125,285.84175709981287,284.87119647744976,285.59683323960326,36592700
2019-12-02,282.6761169433594,285.4154274537873,282.2497977488334,285.351926627072,75767800
2019-12-03,280.7803649902344,280.862024736105,278.58529565869156,279.9640166629559,73941700
2019-12-04,282.5128479003906,283.11151071206064,281.4788140847929,281.82350125041523,49080000
2019-12-05,283.020751953125,283.2293856451966,281.7145837968173,283.21125441681573,40709000
2019-12-06,285.6059265136719,286.0050350565463,284.9165521793852,284.9256316357635,48927000
2019-12-09,284.7078857421875,285.887052207936,284.63530546909504,285.21583692878045,34838500
2019-12-10,284.39044189453125,285.3156328729228,283.73735776823526,284.6534969724014,52649800
2019-12-11,285.19781494140625,285.45179063198384,284.3088861837475,284.8440482574191,53429100
2019-12-12,287.6558532714844,288.43591134323987,284.9709642525427,285.2067809563498,96389600
2019-12-13,287.8282775878906,289.05281408902283,286.64908301294815,287.4200895270887,81503900
2019-12-16,289.80560302734375,290.39518635483904,287.7647184989822,289.5516273932872,82749700
2019-12-17,289.8690185546875,290.485812387136,289.7873865193276,290.1864949241495,61097700
2019-12-18,289.88720703125,290.4858697567159,289.8327856635954,290.2591048310666,48133000
2019-12-19,291.07550048828125,291.14808077783215,289.823753465592,290.07772911648044,85310500
2019-12-20,292.3516845703125,293.4819599466499,291.1302516726063,292.1055564808797,147142100
2019-12-23,292.7983093261719,293.19025605431125,292.65246286090326,293.13556710700664,52990000
2019-12-24,292.8074035644531,293.0717241770153,292.5065865675843,293.0261593313642,20270000
2019-12-26,294.3660888671875,294.3752129631039,293.18112472741444,293.1902210059652,30911200
2019-12-27,294.2931213378906,295.149951744562,293.7644523592922,295.0952628094436,42528800
2019-12-30,292.6706237792969,294.511910689044,292.18751963133974,294.37518834855865,49729100
